id,reference,recherche_ref,type_bien,titre,ville,code_postal,date_publication,prix,surface,nb_pieces,meuble,adresse,latitude,longitude,jardin,contact.nom,contact.telephone,particulier,charges_mensuelles,nb_chambres,etage,description,lumineux,calme,contact.agence,exclusivite,photos,dpe,annee_construction,contact.email,surface_m2,terrasse,balcon,ascenseur,cave
5a04126e-9df9-45a8-85a3-68fb6fe59c56,AN-LSU104T0,REC-ZS4F1KCW,Maison,Maison à rafraîchir à Toulouse,Toulouse,31000,1785807730,354712,159,9,True,200 avenue des Champs,43.581706,1.425576,True,Claire Martin,0453775236,True,,,,,,,,,,,,,,,,,
e5e94a84-c5bd-4f74-869f-a96958a63f15,AN-RMM28R0H,REC-ZS4F1KCW,Maison,Maison de standing à Toulouse,Toulouse,31000,25 octobre 2024,406042 €,221,6,True,,,,True,,,,198.07,5,RDC,"Maison de standing de 221 m² situé à Toulouse. Proche de toutes commodités, transports et écoles. À visiter sans tarder.",True,True,Nid Doré,True,,,,,,,,,
d6fa3ef0-9ef7-4d32-be19-4754397e41fd,AN-0PHD53K0,REC-ZS4F1KCW,Maison,Maison au calme à Toulouse,Toulouse,31000,02-01-2026,229547,268,6,True,107 quai de la Loire,,,,Ahmed Perrin,0953767091,,,,,,True,True,,,https://exemple-images.test/AN-0PHD53K0/1.jpg,,,,,,,,
51511af2-4d6b-4d58-a93e-c786f17f7bee,AN-T8I5HCVA,REC-ZS4F1KCW,Maison,Maison en excellent état à Toulouse,Toulouse,31000,21 octobre 2024,393224,237,9,False,,,,True,,0432826558,,,2,,"Maison lumineux de 237 m² situé à Toulouse. Cave et parking inclus. Proche de toutes commodités, transports et écoles. À visiter sans tarder.",True,True,Provence Immobilier,True,https://exemple-images.test/AN-T8I5HCVA/1.jpg; https://exemple-images.test/AN-T8I5HCVA/2.jpg; https://exemple-images.test/AN-T8I5HCVA/3.jpg; https://exemple-images.test/AN-T8I5HCVA/4.jpg; https://exemple-images.test/AN-T8I5HCVA/5.jpg,A,1888,,,,,,
7dca3183-f94f-4681-885e-9361f535ef2f,AN-H5DWVMSB,REC-ZS4F1KCW,Maison,Maison de standing à Toulouse,Toulouse,31000,27/03/2025,386174,218,7,,,,,True,Luc Lefevre,0181718698,True,,3,dernier étage,"Maison atypique de 218 m² situé à Toulouse. Cave et parking inclus. Proche de toutes commodités, transports et écoles. À visiter sans tarder. Travaux à prévoir.",True,True,,,,,1905,luc.lefevre86@example.com,,,,,
eeab495d-ce2f-4eb8-aca1-3dbc5766bf82,AN-JY1VDUGL,REC-ZS4F1KCW,Maison,Maison de standing à Toulouse,Toulouse,31000,2025-06-06T12:43:10,299005,274,9,,,43.601578,1.417176,True,Sophie Faure,0652332216,,,0,5,"Maison spacieux de 274 m² situé à Toulouse. Proche de toutes commodités, transports et écoles. À visiter sans tarder.",True,True,Nid Doré,True,,,1947,,,,,,
db1bc4bf-dc6e-40c1-8d9a-95933fb8db31,AN-XXU1S0JR,REC-ZS4F1KCW,Maison,Maison de standing à Toulouse,Toulouse,31000,2026-08-07T13:16:10,213966,252,7,,70 rue Jean Jaurès,,,True,Marc Bernard,0529411679,,,5,1,"Maison de standing de 252 m² situé à Toulouse. Proche de toutes commodités, transports et écoles. À visiter sans tarder.",,True,ImmoPlus,True,,,1875,,,,,,
f38d2d93-55e0-4a89-96bd-fb6edf93335c,AN-L5Z3W33H,REC-ZS4F1KCW,Maison,Maison au calme à Toulouse,Toulouse,31000,1760374270,388089,236,9,True,,,,True,,0147328548,True,,1,,"Maison charmant de 236 m² situé à Toulouse. Proche de toutes commodités, transports et écoles. À visiter sans tarder.",True,True,,,,G,,,,,,,
779d48a7-0f9d-42c2-a9e3-a7d2b626df5f,AN-JNQC9RFY,REC-ZS4F1KCW,Maison,Maison avec vue dégagée à Toulouse,Toulouse,31000,1745065030,272132,221,10,True,85 chemin des Vignes,43.642187,1.420888,True,,,True,,2,,"Maison en excellent état de 221 m² situé à Toulouse. Proche de toutes commodités, transports et écoles. À visiter sans tarder.",True,True,Clé en Main Immo,,https://exemple-images.test/AN-JNQC9RFY/1.jpg; https://exemple-images.test/AN-JNQC9RFY/2.jpg; https://exemple-images.test/AN-JNQC9RFY/3.jpg; https://exemple-images.test/AN-JNQC9RFY/4.jpg; https://exemple-images.test/AN-JNQC9RFY/5.jpg,,,,,,,,
c138c8da-ba6e-45a9-a7be-b1a16bfebc24,AN-SOWOB0VD,REC-ZS4F1KCW,Maison,Maison au calme à Toulouse,Toulouse,31000,2026-05-29,264811 €,,8,,186 avenue des Champs,43.558131,1.46438,True,,0281880666,True,,,,"Maison atypique de 242 m² situé à Toulouse. Proche de toutes commodités, transports et écoles. À visiter sans tarder.",True,True,,,https://exemple-images.test/AN-SOWOB0VD/1.jpg; https://exemple-images.test/AN-SOWOB0VD/2.jpg; https://exemple-images.test/AN-SOWOB0VD/3.jpg; https://exemple-images.test/AN-SOWOB0VD/4.jpg,,,,242,,,,
81fd3da5-e0d8-4f72-9657-4c4d31a3fa03,AN-BDVKMXBN,REC-ZS4F1KCW,Maison,Maison rénové à Toulouse,Toulouse,31000,2025-09-04T19:24:10,313833 €,174,6,,97 rue du Commerce,,,,,0150198160,,,1,,"Maison en excellent état de 174 m² situé à Toulouse. Proche de toutes commodités, transports et écoles. À visiter sans tarder.",True,True,Toit & Vous,,,E,,,,,,,
2f8e69b4-9edb-4c4e-9824-8e5cb06aadb2,AN-AUMARYBD,REC-ZS4F1KCW,Maison,Maison lumineux à Toulouse,Toulouse,31000,10-26-2024,275353,189,7,,14 rue Pasteur,,,True,Luc Moreau,0992110201,,,,,,True,True,ImmoPlus,True,https://exemple-images.test/AN-AUMARYBD/1.jpg; https://exemple-images.test/AN-AUMARYBD/2.jpg; https://exemple-images.test/AN-AUMARYBD/3.jpg; https://exemple-images.test/AN-AUMARYBD/4.jpg; https://exemple-images.test/AN-AUMARYBD/5.jpg,G,,,,,,,
d13bb51d-2b9e-4e82-a307-9d1bfaabafa9,AN-QEZ9CQQT,REC-ZS4F1KCW,Maison,Maison au calme à Toulouse,Toulouse,31000,04-24-2025,371662,188,8,,15 rue Jean Jaurès,43.625027,1.404019,True,,0405826491,,,,,"Maison rénové de 188 m² situé à Toulouse. Proche de toutes commodités, transports et écoles. À visiter sans tarder.",,True,,,,,,,,,,,
518811f1-c2da-4297-a469-9d3748f7b1e4,AN-1KT1313D,REC-ZS4F1KCW,Maison,Maison à rafraîchir à Toulouse,Toulouse,31000,2025-01-11T14:34:10,399512,167,9,,185 rue Pasteur,43.610283,1.427306,,Marc Martin,0053383305,,150.81,,,"Maison à rafraîchir de 167 m² situé à Toulouse. Proche de toutes commodités, transports et écoles. À visiter sans tarder.",True,True,,False,https://exemple-images.test/AN-1KT1313D/1.jpg; https://exemple-images.test/AN-1KT1313D/2.jpg; https://exemple-images.test/AN-1KT1313D/3.jpg; https://exemple-images.test/AN-1KT1313D/4.jpg; https://exemple-images.test/AN-1KT1313D/5.jpg,,,marc.martin70@example.com,,,,,
291e0422-f50b-42da-8410-5db5180f2838,AN-JTMFMB5O,REC-ZS4F1KCW,Maison,Maison à rafraîchir à Toulouse,Toulouse,31000,2026-05-18,292936,227,8,,,,,True,,0947895310,,,5,RDC,"Maison à rafraîchir de 227 m² situé à Toulouse. Cave et parking inclus. Proche de toutes commodités, transports et écoles. À visiter sans tarder.",,True,,False,,,1850,contact73@example.com,,,,,
4faa988f-dbee-47b2-8387-74919ea57ffc,AN-2O2P5LJH,REC-ZS4F1KCW,Maison,Maison atypique à Toulouse,Toulouse,31000,2025-06-04,308205,204,10,,,43.5971,1.418258,True,Jean Moreau,,,,0,3,"Maison de standing de 204 m² situé à Toulouse. Proche de toutes commodités, transports et écoles. À visiter sans tarder.",True,True,Clé en Main Immo,,,,1924,jean.moreau97@example.com,,,,,
92d0d54c-bc97-4aa2-aa9b-94413c14b7de,AN-GZZRXSNO,REC-ZS4F1KCW,Maison,Maison atypique à Toulouse,Toulouse,31000,23 juin 2026,239238 €,183,6,False,,,,True,,0719998818,,,5,4,"Maison avec vue dégagée de 183 m² situé à Toulouse. Proche de toutes commodités, transports et écoles. À visiter sans tarder.",True,True,Nid Doré,True,,G,,contact89@example.com,,,,,
2fc1d476-dde9-495a-8715-0a6549b1b41b,AN-9RN1PIYZ,REC-ZS4F1KCW,Maison,Maison lumineux à Toulouse,Toulouse,31000,1786881970,246697,151,10,,108 rue de la République,,,True,Sophie Dubois,0148666620,,,,1,"Maison en excellent état de 151 m² situé à Toulouse. Cave et parking inclus. Proche de toutes commodités, transports et écoles. À visiter sans tarder. Travaux à prévoir.",,True,,,,B,1909,sophie.dubois25@example.com,,,,,
6cff0924-0383-494c-bf43-54f3d68398e7,AN-7GAIQMCH,REC-ZS4F1KCW,Maison,Maison atypique à Toulouse,Toulouse,31000,2025-05-10T11:29:10,313555,162,6,False,,43.577883,1.428549,True,,0374139181,,60.76,2,,"Maison avec vue dégagée de 162 m² situé à Toulouse. Cave et parking inclus. Proche de toutes commodités, transports et écoles. À visiter sans tarder.",True,True,,,,A,,contact13@example.com,,,,,
28f7c40c-4d36-4530-ba8a-ff644c0e7be5,AN-C7S3TZKV,REC-ZS4F1KCW,Maison,Maison atypique à Toulouse,Toulouse,31000,04-14-2025,386211 €,234,7,,,43.652582,1.461511,True,Jean Roche,0814700908,,,,5,"Maison charmant de 234 m² situé à Toulouse. Proche de toutes commodités, transports et écoles. À visiter sans tarder.",True,,,,,,,,,,,,
0bb0be23-3595-498f-b32a-a20082ae2f7e,AN-ACMFKLAS,REC-ZS4F1KCW,Maison,Maison avec vue dégagée à Toulouse,Toulouse,31000,25 août 2025,296717,,6,,,,,,Marie Fontaine,0380917462,,,4,,"Maison spacieux de 154 m² situé à Toulouse. Cave et parking inclus. Proche de toutes commodités, transports et écoles. À visiter sans tarder.",True,,Nid Doré,,,,,marie.fontaine5@example.com,154,,,,
58dfa150-d494-40e1-92dc-4784f085a3d0,AN-DVU84JQX,REC-ZS4F1KCW,Maison,Maison à rafraîchir à Toulouse,Toulouse,31000,1755111790,296103,203,9,True,,43.570569,1.460929,True,,0497211681,True,,,,"Maison spacieux de 203 m² situé à Toulouse. Proche de toutes commodités, transports et écoles. À visiter sans tarder.",True,True,,,,,,,,,,,
c13dafa8-a9fc-4ec0-b8ff-5d34bee50726,AN-LBJ9MSZC,REC-ZS4F1KCW,Maison,Maison au calme à Toulouse,Toulouse,31000,2026-06-29T08:06:10,214259,148,9,True,171 rue Pasteur,43.556746,1.448519,True,Karim Faure,,,,,,,True,True,,True,https://exemple-images.test/AN-LBJ9MSZC/1.jpg; https://exemple-images.test/AN-LBJ9MSZC/2.jpg; https://exemple-images.test/AN-LBJ9MSZC/3.jpg; https://exemple-images.test/AN-LBJ9MSZC/4.jpg; https://exemple-images.test/AN-LBJ9MSZC/5.jpg,,,karim.faure74@example.com,,,,,
a0335e55-d526-4d70-914c-b04274fd85bd,AN-M6TDAVNU,REC-ZS4F1KCW,Maison,Maison au calme à Toulouse,Toulouse,31000,2024-08-27,335149,193,9,,,,,True,Marc Faure,0619089954,,,,,"Maison avec vue dégagée de 193 m² situé à Toulouse. Proche de toutes commodités, transports et écoles. À visiter sans tarder.",True,True,Nid Doré,True,https://exemple-images.test/AN-M6TDAVNU/1.jpg; https://exemple-images.test/AN-M6TDAVNU/2.jpg,,,,,,,,
c0727fed-588c-49a8-ba86-9f946eb872fb,AN-XOVZX0HK,REC-ZS4F1KCW,Maison,Maison de standing à Toulouse,Toulouse,31000,2026-03-08T03:40:10,356247,219,9,True,,,,True,,0531280969,,,3,5,"Maison rénové de 219 m² situé à Toulouse. Proche de toutes commodités, transports et écoles. À visiter sans tarder.",,True,,True,,F,,,,,,,
4afbe015-ab3e-446a-9abb-f41e6ddacdca,AN-HFZ8PWDQ,REC-ZS4F1KCW,Maison,Maison spacieux à Toulouse,Toulouse,31000,17/08/2025,270958,214,6,,,43.560165,1.402785,True,Julie Roche,,,85.63,,,,True,True,,False,,A,,julie.roche97@example.com,,,,,
21438268-d9a4-47d7-b4e4-c602496a9450,AN-DS33ZF74,REC-ZS4F1KCW,Maison,Maison lumineux à Toulouse,Toulouse,31000,29 juillet 2025,346481 €,252,7,,,,,True,,0968171078,True,,,3,"Maison spacieux de 252 m² situé à Toulouse. Proche de toutes commodités, transports et écoles. À visiter sans tarder.",True,,Clé en Main Immo,,,,,contact90@example.com,,,,,
39723b5a-dcf6-4aa3-bfa6-5dc6a459c330,AN-L4Q32XEI,REC-ZS4F1KCW,Maison,Maison de standing à Toulouse,Toulouse,31000,1750790830,234791 €,,10,,,,,True,Karim Roche,0957179604,,,0,1,"Maison lumineux de 272 m² situé à Toulouse. Proche de toutes commodités, transports et écoles. À visiter sans tarder. Travaux à prévoir.",True,True,Century Habitat,True,,,,,272,,,,
728b510b-1b5c-463b-ad05-f4f485eb9442,AN-LMWTY5SV,REC-ZS4F1KCW,Maison,Maison rénové à Toulouse,Toulouse,31000,11/09/2024,386202,256,8,,,,,True,,,True,103.76,5,,"Maison en excellent état de 256 m² situé à Toulouse. Proche de toutes commodités, transports et écoles. À visiter sans tarder.",True,True,Toit & Vous,,,,1938,contact8@example.com,,,,,
b925bc12-8d3e-4178-82f8-3fdc8ab7ad21,AN-YY6LOP1T,REC-ZS4F1KCW,Maison,Maison au calme à Toulouse,Toulouse,31000,2026-08-11T20:42:10,324149,273,6,,,,,True,Luc Fontaine,0548489346,True,,1,RDC,"Maison charmant de 273 m² situé à Toulouse. Proche de toutes commodités, transports et écoles. À visiter sans tarder.",True,,,,,,1924,,,,,,
48b509ae-ba4c-4c6c-bf0a-ed17bc5bef96,AN-3ET1T1GW,REC-ZS4F1KCW,Maison,Maison atypique à Toulouse,Toulouse,31000,1778897770,388128,158,6,,,43.565911,1.4205,True,,0835655335,True,,3,,"Maison au calme de 158 m² situé à Toulouse. Proche de toutes commodités, transports et écoles. À visiter sans tarder.",True,,ImmoPlus,,https://exemple-images.test/AN-3ET1T1GW/1.jpg; https://exemple-images.test/AN-3ET1T1GW/2.jpg,A,,,,,,,
2c67d6af-b073-487f-93a1-cbcb1b062623,AN-4FPZYMB6,REC-ZS4F1KCW,Maison,Maison spacieux à Toulouse,Toulouse,31000,11-03-2024,316528,267,8,,,43.651815,1.472246,True,,,,90.66,4,1,"Maison au calme de 267 m² situé à Toulouse. Proche de toutes commodités, transports et écoles. À visiter sans tarder. Travaux à prévoir.",True,True,,,https://exemple-images.test/AN-4FPZYMB6/1.jpg; https://exemple-images.test/AN-4FPZYMB6/2.jpg; https://exemple-images.test/AN-4FPZYMB6/3.jpg; https://exemple-images.test/AN-4FPZYMB6/4.jpg; https://exemple-images.test/AN-4FPZYMB6/5.jpg,,,,,,,,
28d10798-2b69-4e42-8551-4df09fd1e9b8,AN-04O1T51P,REC-ZS4F1KCW,Maison,Maison spacieux à Toulouse,Toulouse,31000,2026-06-02T04:11:10,355807,,9,,193 place de la Mairie,43.598274,1.48835,,Sophie Moreau,0058600928,,102.61,3,4,"Maison à rafraîchir de 188 m² situé à Toulouse. Proche de toutes commodités, transports et écoles. À visiter sans tarder.",True,True,Clé en Main Immo,,,B,,,188,,,,
7289b3c4-445f-4ea8-8310-6e2ac4ef2e16,AN-ABBNCYAF,REC-ZS4F1KCW,Maison,Maison atypique à Toulouse,Toulouse,31000,8 octobre 2025,400919,224,10,True,135 boulevard Gambetta,,,True,Marie Dubois,0522412826,True,,,,"Maison rénové de 224 m² situé à Toulouse. Cave et parking inclus. Proche de toutes commodités, transports et écoles. À visiter sans tarder. Travaux à prévoir.",,True,,,,,1877,,,,,,
c53d076f-5b7b-41fd-9d23-7566831cda2d,AN-P1T4FR35,REC-ZS4F1KCW,Maison,Maison à rafraîchir à Toulouse,Toulouse,31000,02-18-2025,222153,261,8,,,,,,,,,,,RDC,"Maison rénové de 261 m² situé à Toulouse. Cave et parking inclus. Proche de toutes commodités, transports et écoles. À visiter sans tarder. Travaux à prévoir.",True,True,,,https://exemple-images.test/AN-P1T4FR35/1.jpg; https://exemple-images.test/AN-P1T4FR35/2.jpg,,,,,,,,
6f137019-462e-4001-b4bc-04a91c64ef4e,AN-9LMA6FE5,REC-ZS4F1KCW,Maison,Maison spacieux à Toulouse,Toulouse,31000,2026-07-03,261115,205,7,,158 rue Victor Hugo,,,True,Marc Moreau,0635018356,,,4,1,"Maison lumineux de 205 m² situé à Toulouse. Proche de toutes commodités, transports et écoles. À visiter sans tarder.",True,True,Clé en Main Immo,,,,,,,,,,
d620f5ac-083e-45b0-afed-4bb9494d7217,AN-Z8EH79RT,REC-ZS4F1KCW,Maison,Maison atypique à Toulouse,Toulouse,31000,08-31-2024,281883,237,10,True,35 chemin des Vignes,,,True,,,,,,,"Maison au calme de 237 m² situé à Toulouse. Proche de toutes commodités, transports et écoles. À visiter sans tarder.",True,True,,False,,,,contact96@example.com,,,,,
1c48916c-1019-4bfa-bb93-6d87f0f75831,AN-CMOWKF49,REC-ZS4F1KCW,Maison,Maison lumineux à Toulouse,Toulouse,31000,09-07-2024,229859,251,6,,52 rue Jean Jaurès,,,True,,0905667656,,,4,4,,,True,Nid Doré,True,https://exemple-images.test/AN-CMOWKF49/1.jpg; https://exemple-images.test/AN-CMOWKF49/2.jpg,,,,,,,,
3d2747c8-df83-457d-984b-5063df70d4a5,AN-H7W7DZN1,REC-ZS4F1KCW,Maison,Maison de standing à Toulouse,Toulouse,31000,2026-05-27T00:46:10,287200,168,6,,156 place de la Mairie,,,True,Claire Perrin,0025387075,,,0,,"Maison avec vue dégagée de 168 m² situé à Toulouse. Proche de toutes commodités, transports et écoles. À visiter sans tarder.",True,True,,True,https://exemple-images.test/AN-H7W7DZN1/1.jpg; https://exemple-images.test/AN-H7W7DZN1/2.jpg; https://exemple-images.test/AN-H7W7DZN1/3.jpg; https://exemple-images.test/AN-H7W7DZN1/4.jpg,,,claire.perrin82@example.com,,,,,
feb45152-2f1c-4e5a-ab99-dae59c460a63,AN-9XKZZ5RP,REC-ZS4F1KCW,Maison,Maison au calme à Toulouse,Toulouse,31000,05-12-2025,307357,,9,False,197 chemin des Vignes,43.607661,1.473267,True,Marie Bernard,0294043197,,,,,"Maison lumineux de 183 m² situé à Toulouse. Proche de toutes commodités, transports et écoles. À visiter sans tarder.",True,True,,True,,,,,183,,,,
3c49ed8c-935d-4cd7-972a-f293b7346dbd,AN-D8QDCYQQ,REC-ZS4F1KCW,Maison,Maison atypique à Toulouse,Toulouse,31000,2025-12-11T14:48:10,396814,251,8,,,,,True,,,,94.66,,0,"Maison à rafraîchir de 251 m² situé à Toulouse. Proche de toutes commodités, transports et écoles. À visiter sans tarder.",True,True,,,,D,,,,,,,
0ca1887c-3cc8-4593-bbdd-3da295bfef8a,AN-OJ7YZ9SD,REC-ZS4F1KCW,Maison,Maison au calme à Toulouse,Toulouse,31000,14 mai 2025,336972,,8,False,169 rue Jean Jaurès,,,True,Luc Perrin,0330450259,,123.63,,,"Maison lumineux de 203 m² situé à Toulouse. Proche de toutes commodités, transports et écoles. À visiter sans tarder. Travaux à prévoir.",,True,ImmoPlus,False,,,,,203,,,,
eec3c84e-8ddf-4170-a5b7-4f47bae04ea2,AN-XUD1WR9K,REC-ZS4F1KCW,Maison,Maison charmant à Toulouse,Toulouse,31000,1 janvier 2025,310946,281,10,,,43.575311,1.403904,True,,0547985941,,378.01,,,"Maison en excellent état de 281 m² situé à Toulouse. Proche de toutes commodités, transports et écoles. À visiter sans tarder.",True,True,,True,,E,,,,,,,
54019636-5a9b-4d2d-8939-b3bfb51f852a,AN-5VZP9RVS,REC-ZS4F1KCW,Maison,Maison avec vue dégagée à Toulouse,Toulouse,31000,2025-10-14,278863,257,10,False,76 rue Jean Jaurès,43.561991,1.470542,True,Luc Roche,0135898948,,,0,,"Maison spacieux de 257 m² situé à Toulouse. Proche de toutes commodités, transports et écoles. À visiter sans tarder.",True,,,False,https://exemple-images.test/AN-5VZP9RVS/1.jpg,,,,,,,,
5e3a3ec9-fb61-4b8f-8c7b-8a224e5550b9,AN-X340HIW0,REC-ZS4F1KCW,Maison,Maison en excellent état à Toulouse,Toulouse,31000,1733867170,359879,254,8,,139 chemin des Vignes,,,True,,,True,,,,"Maison en excellent état de 254 m² situé à Toulouse. Proche de toutes commodités, transports et écoles. À visiter sans tarder.",True,True,ImmoPlus,,,A,,,,,,,
696fc600-03fb-4c8a-be04-9e6e1701c50b,AN-3XHM4A8Y,REC-ZS4F1KCW,Maison,Maison à rafraîchir à Toulouse,Toulouse,31000,2026-07-24T11:45:10,295076,195,9,False,4 impasse des Lilas,,,True,,0915739643,,,,,"Maison charmant de 195 m² situé à Toulouse. Proche de toutes commodités, transports et écoles. À visiter sans tarder.",True,True,,,,F,,,,,,,
a995a1ce-5ccb-49e2-a99b-41c91c4d8612,AN-VFP5SOQ6,REC-ZS4F1KCW,Maison,Maison spacieux à Toulouse,Toulouse,31000,08/12/2024,315602,157,10,,,,,True,,0125144943,,,5,,,True,True,Clé en Main Immo,False,https://exemple-images.test/AN-VFP5SOQ6/1.jpg; https://exemple-images.test/AN-VFP5SOQ6/2.jpg; https://exemple-images.test/AN-VFP5SOQ6/3.jpg,,,,,,,,
11e81cf1-9aab-4861-8931-15223cf5b944,AN-0E5LXRA8,REC-ZS4F1KCW,Maison,Maison rénové à Toulouse,Toulouse,31000,09-20-2024,287266,150,8,False,99 rue Victor Hugo,,,True,Claire Moreau,0030279096,,,,,"Maison charmant de 150 m² situé à Toulouse. Cave et parking inclus. Proche de toutes commodités, transports et écoles. À visiter sans tarder.",True,True,,True,https://exemple-images.test/AN-0E5LXRA8/1.jpg; https://exemple-images.test/AN-0E5LXRA8/2.jpg; https://exemple-images.test/AN-0E5LXRA8/3.jpg; https://exemple-images.test/AN-0E5LXRA8/4.jpg,E,,,,,,,
a613e5f6-f58e-438e-9740-8cb60c0d481a,AN-E46DYTLD,REC-ZS4F1KCW,Maison,Maison à rafraîchir à Toulouse,Toulouse,31000,03-30-2025,291443,275,6,,62 avenue des Champs,43.584917,1.477709,True,,0079720266,,,2,,"Maison à rafraîchir de 275 m² situé à Toulouse. Proche de toutes commodités, transports et écoles. À visiter sans tarder.",True,True,,,https://exemple-images.test/AN-E46DYTLD/1.jpg; https://exemple-images.test/AN-E46DYTLD/2.jpg; https://exemple-images.test/AN-E46DYTLD/3.jpg; https://exemple-images.test/AN-E46DYTLD/4.jpg; https://exemple-images.test/AN-E46DYTLD/5.jpg,,,,,,,,
35a89c38-acf1-472d-a7a1-657fb9b76822,AN-1VUM1TK9,REC-ZS4F1KCW,Maison,Maison avec vue dégagée à Toulouse,Toulouse,31000,21/08/2025,247303,157,8,,138 quai de la Loire,,,,,,,,4,dernier étage,"Maison charmant de 157 m² situé à Toulouse. Proche de toutes commodités, transports et écoles. À visiter sans tarder.",True,True,Clé en Main Immo,,,A,,contact29@example.com,,,,,
553773eb-2d4d-4301-8bcf-76bf29faf932,AN-71IMQVX2,REC-ZS4F1KCW,Maison,Maison atypique à Toulouse,Toulouse,31000,01-18-2026,230021,280,9,,,,,True,Claire Bernard,0681577780,,,,,"Maison rénové de 280 m² situé à Toulouse. Proche de toutes commodités, transports et écoles. À visiter sans tarder.",True,True,Toit & Vous,,,,,claire.bernard48@example.com,,,,,
fc5ca588-961d-4f28-af9e-4f6c2c272e3a,AN-6HVRBDFU,REC-ZS4F1KCW,Maison,Maison au calme à Toulouse,Toulouse,31000,18/11/2024,287666,274,6,,61 chemin des Vignes,43.647953,1.490375,True,Karim Dubois,0386256954,,,3,,"Maison à rafraîchir de 274 m² situé à Toulouse. Proche de toutes commodités, transports et écoles. À visiter sans tarder. Travaux à prévoir.",True,True,,,https://exemple-images.test/AN-6HVRBDFU/1.jpg; https://exemple-images.test/AN-6HVRBDFU/2.jpg; https://exemple-images.test/AN-6HVRBDFU/3.jpg; https://exemple-images.test/AN-6HVRBDFU/4.jpg,,,karim.dubois55@example.com,,,,,
147f2728-c840-4014-9ecd-1a876544c4b6,AN-R7OK5CCX,REC-ZS4F1KCW,Maison,Maison lumineux à Toulouse,Toulouse,31000,2026-05-28,328181,248,9,True,,43.632123,1.489471,True,,0712327797,,,,5,"Maison spacieux de 248 m² situé à Toulouse. Proche de toutes commodités, transports et écoles. À visiter sans tarder.",True,,,,,,,contact62@example.com,,,,,
8af35d9c-4e64-4cc5-9af2-8de9f38dcd01,AN-Q5H4PMJR,REC-ZS4F1KCW,Maison,Maison charmant à Toulouse,Toulouse,31000,2024-12-17,205130,276,6,True,,43.582389,1.418176,True,Jean Bernard,,,,1,,"Maison atypique de 276 m² situé à Toulouse. Proche de toutes commodités, transports et écoles. À visiter sans tarder.",True,True,ImmoPlus,False,,,,jean.bernard18@example.com,,,,,
f75ddfcc-c277-4e5e-b6a4-217ec130f159,AN-41LL8A2F,REC-ZS4F1KCW,Maison,Maison spacieux à Toulouse,Toulouse,31000,23 octobre 2024,384653,176,9,,,,,,,0522060866,,,1,,"Maison atypique de 176 m² situé à Toulouse. Cave et parking inclus. Proche de toutes commodités, transports et écoles. À visiter sans tarder.",True,True,Provence Immobilier,,,,1912,,,,,,
3d1c4415-c16a-4892-b852-7600e82b1fe9,AN-51HPQMJR,REC-ZS4F1KCW,Maison,Maison avec vue dégagée à Toulouse,Toulouse,31000,2026-01-18,390439 €,215,8,,,,,True,,0221170635,,,,,"Maison atypique de 215 m² situé à Toulouse. Cave et parking inclus. Proche de toutes commodités, transports et écoles. À visiter sans tarder.",True,,,True,,F,,,,,,,
0fe6b3d1-3568-4f26-9a5c-e19dcc187c87,AN-MFSO93SG,REC-ZS4F1KCW,Maison,Maison avec vue dégagée à Toulouse,Toulouse,31000,23 août 2026,403822,281,8,,,43.619873,1.465663,True,Julie Bernard,,True,,0,,"Maison charmant de 281 m² situé à Toulouse. Proche de toutes commodités, transports et écoles. À visiter sans tarder.",True,True,,,,,,,,,,,
5fa7b214-2ad2-4e26-beee-2c67d6212523,AN-QDWAD0GN,REC-ZS4F1KCW,Maison,Maison avec vue dégagée à Toulouse,Toulouse,31000,2026-01-02,246015,291,10,True,37 boulevard Gambetta,43.597875,1.459222,True,,0377256394,,,,,"Maison charmant de 291 m² situé à Toulouse. Proche de toutes commodités, transports et écoles. À visiter sans tarder.",True,True,ImmoPlus,False,,C,,contact71@example.com,,,,,
dccea53b-4533-428b-ba18-6f2abe21bb71,AN-426B8V03,REC-ZS4F1KCW,Maison,Maison spacieux à Toulouse,Toulouse,31000,2024-09-15T17:57:10,347343,167,10,False,99 boulevard Gambetta,,,True,Marc Faure,,,,,,"Maison charmant de 167 m² situé à Toulouse. Proche de toutes commodités, transports et écoles. À visiter sans tarder.",,True,,,,G,,,,,,,
1c1751c6-84a0-4441-ae8a-1192f5fea0e2,AN-ZNQZ5ZC1,REC-ZS4F1KCW,Maison,Maison spacieux à Toulouse,Toulouse,31000,2024-12-17,294202,167,6,,50 rue Pasteur,43.639617,1.425334,True,Nadia Martin,0783848270,True,246.48,,3,,True,True,Century Habitat,,,,,nadia.martin92@example.com,,,,,
4ff347ce-ac19-4b09-8e9f-c604595bb1db,AN-MF0SFIQO,REC-ZS4F1KCW,Maison,Maison avec vue dégagée à Toulouse,Toulouse,31000,12-01-2024,209783,188,10,,200 rue du Commerce,,,True,,0031339658,,,,,"Maison de standing de 188 m² situé à Toulouse. Cave et parking inclus. Proche de toutes commodités, transports et écoles. À visiter sans tarder.",True,True,Nid Doré,True,,,,,,,,,
7a7a3376-b2a2-4f0c-a982-34d127815c5a,AN-02YPNTB2,REC-ZS4F1KCW,Maison,Maison spacieux à Toulouse,Toulouse,31000,04-13-2026,352318,196,9,True,,43.558719,1.404144,True,,0797160223,,228.8,,5,"Maison atypique de 196 m² situé à Toulouse. Proche de toutes commodités, transports et écoles. À visiter sans tarder. Travaux à prévoir.",True,True,,False,,D,,contact20@example.com,,,,,
8230f38c-691c-4142-8e23-9504f6b59b4f,AN-1JCF076L,REC-ZS4F1KCW,Maison,Maison rénové à Toulouse,Toulouse,31000,1735504330,271967,277,8,,185 avenue des Champs,,,True,Nadia Moreau,,,206.22,,0,,,True,Provence Immobilier,,https://exemple-images.test/AN-1JCF076L/1.jpg,,,,,,,,
726957ec-b9c1-41d9-991f-6497109edfe2,AN-S0NKK7N5,REC-ZS4F1KCW,Maison,Maison au calme à Toulouse,Toulouse,31000,03/07/2026,205835,,8,,,43.629453,1.460181,True,Sophie Moreau,0243116245,True,,,1,"Maison à rafraîchir de 255 m² situé à Toulouse. Proche de toutes commodités, transports et écoles. À visiter sans tarder.",,True,,,,,,sophie.moreau10@example.com,255,,,,
da9a5fba-a03a-404e-9441-c8456193648d,AN-AEZ8PMW8,REC-ZS4F1KCW,Maison,Maison de standing à Toulouse,Toulouse,31000,13/01/2026,302587,243,6,,180 boulevard Gambetta,,,True,Claire Martin,,,,,,,True,True,,True,,,,claire.martin24@example.com,,,,,
be7d3c84-a94c-4a66-95d0-ddd2e8f4d51f,AN-TU1NJ3VC,REC-ZS4F1KCW,Maison,Maison avec vue dégagée à Toulouse,Toulouse,31000,08-13-2025,261937,292,9,False,189 boulevard Gambetta,,,,,,,334.24,,,"Maison en excellent état de 292 m² situé à Toulouse. Proche de toutes commodités, transports et écoles. À visiter sans tarder.",True,True,Clé en Main Immo,,,,,contact50@example.com,,,,,
c0620442-d176-4b48-b28a-56cc57a8c6ad,AN-KXD56PC5,REC-ZS4F1KCW,Maison,Maison au calme à Toulouse,Toulouse,31000,30 novembre 2025,338914,,8,,51 impasse des Lilas,,,True,Luc Dubois,0446706325,True,328.07,,4,"Maison charmant de 286 m² situé à Toulouse. Proche de toutes commodités, transports et écoles. À visiter sans tarder.",True,True,,,,B,1980,luc.dubois4@example.com,286,,,,
80231689-53d6-4b95-9914-c71158ba92d2,AN-J159HP29,REC-ZS4F1KCW,Maison,Maison rénové à Toulouse,Toulouse,31000,08-19-2025,262349,235,6,,,43.556448,1.421474,True,Marc Girard,0926185135,,,1,,"Maison avec vue dégagée de 235 m² situé à Toulouse. Proche de toutes commodités, transports et écoles. À visiter sans tarder.",True,True,Toit & Vous,,,,,,,,,,
32f9dad3-3065-4a17-a9b8-4f739e4badcb,AN-CINFA3M5,REC-ZS4F1KCW,Maison,Maison atypique à Toulouse,Toulouse,31000,26/10/2025,254602,183,8,False,,,,,,,,,2,,,True,,,,,,1989,contact20@example.com,,,,,
fb95d146-0cfc-4c45-bef4-e85b4ca01497,AN-4BWMJXHF,REC-ZS4F1KCW,Maison,Maison lumineux à Toulouse,Toulouse,31000,2025-09-21T11:52:10,273931,269,6,True,168 rue Victor Hugo,43.579517,1.451001,,,0433922721,True,,,1,,,,,,https://exemple-images.test/AN-4BWMJXHF/1.jpg,,,,,,,,
e8ec6afc-af4f-492f-9003-b079c4334bcc,AN-PDTSDZEK,REC-ZS4F1KCW,Maison,Maison avec vue dégagée à Toulouse,Toulouse,31000,1775274550,353055,193,6,,182 rue du Commerce,43.6199,1.421348,True,,0315793582,,,,,"Maison atypique de 193 m² situé à Toulouse. Proche de toutes commodités, transports et écoles. À visiter sans tarder.",True,,,False,,C,,contact84@example.com,,,,,
24797991-7fff-419e-a97c-1c673edfca52,AN-OESA12TG,REC-ZS4F1KCW,Maison,Maison atypique à Toulouse,Toulouse,31000,2025-07-24T02:03:10,213717,235,7,,,43.574538,1.395254,True,Nadia Girard,0367431739,True,,,,"Maison de standing de 235 m² situé à Toulouse. Proche de toutes commodités, transports et écoles. À visiter sans tarder.",True,True,,,,,,nadia.girard41@example.com,,,,,
70834ca9-24a7-4ec2-abf7-9a534108e362,AN-G08ZJE2T,REC-ZS4F1KCW,Maison,Maison charmant à Toulouse,Toulouse,31000,2025-09-14,216472,246,8,,,43.593847,1.419011,True,Claire Moreau,,True,,4,2,"Maison avec vue dégagée de 246 m² situé à Toulouse. Cave et parking inclus. Proche de toutes commodités, transports et écoles. À visiter sans tarder. Travaux à prévoir.",True,True,Nid Doré,,,B,,,,,,,
289db551-476b-4e61-8145-05c8479f9966,AN-2WYLUDK8,REC-ZS4F1KCW,Maison,Maison atypique à Toulouse,Toulouse,31000,2026-06-06,369607,271,7,,17 impasse des Lilas,,,True,Ahmed Perrin,,,,2,,"Maison rénové de 271 m² situé à Toulouse. Cave et parking inclus. Proche de toutes commodités, transports et écoles. À visiter sans tarder. Travaux à prévoir.",True,True,Toit & Vous,False,,,2018,ahmed.perrin93@example.com,,,,,
9d5610fb-aef2-44c4-9e39-5218a8b61c86,AN-IQT5X8VN,REC-ZS4F1KCW,Maison,Maison charmant à Toulouse,Toulouse,31000,2026-03-20,263418,198,7,,,,,True,Marie Roche,0476437978,,,,,"Maison atypique de 198 m² situé à Toulouse. Cave et parking inclus. Proche de toutes commodités, transports et écoles. À visiter sans tarder.",True,True,,False,https://exemple-images.test/AN-IQT5X8VN/1.jpg; https://exemple-images.test/AN-IQT5X8VN/2.jpg; https://exemple-images.test/AN-IQT5X8VN/3.jpg,,,,,,,,
9fa886b5-db07-4c8d-b79b-43d270855298,AN-7943KBDG,REC-ZS4F1KCW,Maison,Maison lumineux à Toulouse,Toulouse,31000,12-12-2024,259083,265,10,,30 rue de la République,43.637053,1.459536,True,Marie Bernard,0573618837,,,,2,"Maison de standing de 265 m² situé à Toulouse. Proche de toutes commodités, transports et écoles. À visiter sans tarder.",True,True,,True,,A,,marie.bernard83@example.com,,,,,
ee8c1f95-e311-4e5e-bf9f-88a721d9fde3,AN-AMCRK43J,REC-ZS4F1KCW,Maison,Maison de standing à Toulouse,Toulouse,31000,1737980890,320240,170,6,False,194 rue du Commerce,43.586022,1.413069,True,,0534799127,True,,,,"Maison atypique de 170 m² situé à Toulouse. Cave et parking inclus. Proche de toutes commodités, transports et écoles. À visiter sans tarder.",True,,,,https://exemple-images.test/AN-AMCRK43J/1.jpg; https://exemple-images.test/AN-AMCRK43J/2.jpg; https://exemple-images.test/AN-AMCRK43J/3.jpg,,,,,,,,
01ed979f-f276-4f38-a2f3-c1c2ea4adcb2,AN-IH4KG3RL,REC-ZS4F1KCW,Maison,Maison spacieux à Toulouse,Toulouse,31000,07/07/2026,255859,184,7,True,,43.566892,1.463299,,,,True,,1,,"Maison en excellent état de 184 m² situé à Toulouse. Cave et parking inclus. Proche de toutes commodités, transports et écoles. À visiter sans tarder.",True,,Clé en Main Immo,,,,,contact19@example.com,,,,,
12405d55-a07f-4436-bcfe-2fe4dc6a12c8,AN-IP5MJ5QX,REC-ZS4F1KCW,Maison,Maison atypique à Toulouse,Toulouse,31000,2026-07-28,222808,158,8,,28 rue de la République,,,True,,,,,,3,,True,True,,True,,,,contact19@example.com,,,,,
54b5fb00-7842-42c9-b327-c3a34d0f435c,AN-G463XT0T,REC-ZS4F1KCW,Maison,Maison charmant à Toulouse,Toulouse,31000,2025-02-14T14:11:10,274917,179,8,,,43.557101,1.44852,True,Julie Girard,,,,3,,"Maison à rafraîchir de 179 m² situé à Toulouse. Cave et parking inclus. Proche de toutes commodités, transports et écoles. À visiter sans tarder. Travaux à prévoir.",True,True,ImmoPlus,,,,,,,,,,
120882e8-97e5-4097-a70f-a387ed39d246,AN-Q3FWFJC8,REC-ZS4F1KCW,Maison,Maison charmant à Toulouse,Toulouse,31000,02/05/2025,306364,171,9,False,120 avenue des Champs,43.651359,1.406433,True,,0447431555,,297.76,1,dernier étage,"Maison en excellent état de 171 m² situé à Toulouse. Proche de toutes commodités, transports et écoles. À visiter sans tarder.",True,True,Clé en Main Immo,,,F,1926,contact91@example.com,,,,,
42848d16-e635-45cb-be69-c0baf24aeac7,AN-NTJSEZ5F,REC-ZS4F1KCW,Maison,Maison au calme à Toulouse,Toulouse,31000,10-25-2024,310258,,9,False,168 rue de la République,43.599612,1.489471,True,Claire Moreau,0987572650,,129.57,,,"Maison au calme de 273 m² situé à Toulouse. Proche de toutes commodités, transports et écoles. À visiter sans tarder.",True,True,Toit & Vous,False,,,,,273,,,,
4bba2c8e-d57d-49ca-beb1-93dc32f5b423,AN-4J1HXU7L,REC-ZS4F1KCW,Maison,Maison atypique à Toulouse,Toulouse,31000,07-23-2025,324989,283,6,,64 rue Jean Jaurès,,,True,Nadia Perrin,0061933839,,,4,,"Maison avec vue dégagée de 283 m² situé à Toulouse. Proche de toutes commodités, transports et écoles. À visiter sans tarder.",True,True,,False,,,,,,,,,
75cdb831-23fd-4054-85d4-879c33b74f18,AN-VI8Y57TM,REC-ZS4F1KCW,Maison,Maison rénové à Toulouse,Toulouse,31000,07-08-2026,405358,155,10,,,,,True,Claire Moreau,0509519121,,,2,,"Maison au calme de 155 m² situé à Toulouse. Cave et parking inclus. Proche de toutes commodités, transports et écoles. À visiter sans tarder.",,True,,,,F,1957,claire.moreau59@example.com,,,,,
22d256f1-ecdc-4f66-8f58-3fd7bacaa7bc,AN-MHGXPKIY,REC-ZS4F1KCW,Maison,Maison avec vue dégagée à Toulouse,Toulouse,31000,2025-02-10T13:04:10,254467,210,10,,,43.592878,1.466745,True,Marc Faure,0905579022,,262.64,0,,"Maison lumineux de 210 m² situé à Toulouse. Cave et parking inclus. Proche de toutes commodités, transports et écoles. À visiter sans tarder. Travaux à prévoir.",True,True,Clé en Main Immo,,,,,,,,,,
0358fe49-c06c-4f32-854c-2596e38ca578,AN-VC1TPIL9,REC-ZS4F1KCW,Maison,Maison atypique à Toulouse,Toulouse,31000,1736352310,390523 €,269,10,,137 rue de la République,,,True,,,True,,3,,"Maison rénové de 269 m² situé à Toulouse. Proche de toutes commodités, transports et écoles. À visiter sans tarder.",True,True,Nid Doré,,,G,,contact91@example.com,,,,,
0e1e0aff-d4a0-4898-9b06-2df322859a77,AN-NIZPSCRT,REC-ZS4F1KCW,Maison,Maison atypique à Toulouse,Toulouse,31000,1773728350,262304,235,8,,95 rue de la République,,,True,,0825536097,,,,,"Maison lumineux de 235 m² situé à Toulouse. Proche de toutes commodités, transports et écoles. À visiter sans tarder.",,True,Century Habitat,,,D,,contact6@example.com,,,,,
f145429e-87b4-4f21-851d-61a61907b869,AN-6BM39DRO,REC-ZS4F1KCW,Maison,Maison lumineux à Toulouse,Toulouse,31000,04-17-2025,252280,172,7,,89 rue Jean Jaurès,43.642992,1.434469,True,Karim Perrin,0771474326,,,4,1,,,True,Clé en Main Immo,,,,,karim.perrin86@example.com,,,,,
e66ca1be-cab9-4bb2-b2d9-ba9156684ee7,AN-H5FADSIT,REC-ZS4F1KCW,Maison,Maison atypique à Toulouse,Toulouse,31000,18 décembre 2024,254914 €,280,9,,19 impasse des Lilas,43.586548,1.474627,True,Ahmed Faure,,,,2,,,True,,,,,,1864,,,,,,
2029285c-0ee5-4d54-9200-c01fb8609a6d,AN-S35EOGPJ,REC-ZS4F1KCW,Maison,Maison en excellent état à Toulouse,Toulouse,31000,13/01/2026,310264,268,6,,25 place de la Mairie,43.610755,1.488267,,,0585995777,,,,2,"Maison avec vue dégagée de 268 m² situé à Toulouse. Cave et parking inclus. Proche de toutes commodités, transports et écoles. À visiter sans tarder.",True,True,,,,,,contact68@example.com,,,,,
ffb900ea-f481-40dd-87b7-b51a3a1cd24e,AN-L17SWPQR,REC-ZS4F1KCW,Maison,Maison au calme à Toulouse,Toulouse,31000,1739675650,203830,274,10,True,71 chemin des Vignes,,,True,Karim Roche,0156900663,,,,RDC,,True,,,False,,G,,karim.roche20@example.com,,,,,
ceff38c2-5646-4953-b221-fdba0223bdb0,AN-BHDMNNLT,REC-ZS4F1KCW,Maison,Maison rénové à Toulouse,Toulouse,31000,01/10/2024,375802,,6,,73 boulevard Gambetta,43.612555,1.396422,True,Marie Girard,0751455627,,,,1,"Maison lumineux de 210 m² situé à Toulouse. Cave et parking inclus. Proche de toutes commodités, transports et écoles. À visiter sans tarder.",,True,,True,,,,marie.girard58@example.com,210,,,,
a6d67ffd-2003-4c02-bb1d-a78a6b2bfc2d,AN-SH9KSJRG,REC-ZS4F1KCW,Maison,Maison charmant à Toulouse,Toulouse,31000,1731926710,382294,251,7,,197 allée des Platanes,,,,,0049547882,,,,,"Maison en excellent état de 251 m² situé à Toulouse. Proche de toutes commodités, transports et écoles. À visiter sans tarder.",True,True,,False,,G,,,,,,,
df77fdd7-4e4a-406a-a582-5e8a67a526f6,AN-OGLFTAFE,REC-ZS4F1KCW,Maison,Maison au calme à Toulouse,Toulouse,31000,1727953870,253539,265,10,,164 impasse des Lilas,,,True,,0468206165,,,,,"Maison avec vue dégagée de 265 m² situé à Toulouse. Cave et parking inclus. Proche de toutes commodités, transports et écoles. À visiter sans tarder. Travaux à prévoir.",True,,Provence Immobilier,True,,A,,,,,,,
c33e0bc4-7847-4f53-9720-ced3767957c3,AN-8QKK2MYO,REC-ZS4F1KCW,Maison,Maison avec vue dégagée à Toulouse,Toulouse,31000,1780584430,281980,169,6,,59 quai de la Loire,43.616771,1.47894,,,,True,310.96,,,"Maison rénové de 169 m² situé à Toulouse. Cave et parking inclus. Proche de toutes commodités, transports et écoles. À visiter sans tarder.",True,True,,,,,,contact23@example.com,,,,,
82433308-c787-4d11-a27a-6a7964eea801,AN-H66DXV5J,REC-ZS4F1KCW,Maison,Maison rénové à Toulouse,Toulouse,31000,2025-11-14T22:12:10,371239,243,7,,146 boulevard Gambetta,,,True,,0008109935,,,3,,"Maison rénové de 243 m² situé à Toulouse. Proche de toutes commodités, transports et écoles. À visiter sans tarder.",True,True,Toit & Vous,,,E,,,,,,,
ad47624b-91dd-453f-a368-9b4e2b13369d,AN-VU5U3I6K,REC-ZS4F1KCW,Maison,Maison charmant à Toulouse,Toulouse,31000,02/05/2025,260641 €,288,8,,94 chemin des Vignes,,,True,Claire Girard,0624448777,,,,,,True,True,Provence Immobilier,True,,,,claire.girard85@example.com,,,,,
fb249a51-5f63-46a4-83a8-dbd39ef39038,AN-Q20HWYWY,REC-ZS4F1KCW,Maison,Maison atypique à Toulouse,Toulouse,31000,1782873610,332137,281,8,,,43.630309,1.441951,True,,0377839275,,,,RDC,,True,True,Century Habitat,,https://exemple-images.test/AN-Q20HWYWY/1.jpg; https://exemple-images.test/AN-Q20HWYWY/2.jpg; https://exemple-images.test/AN-Q20HWYWY/3.jpg; https://exemple-images.test/AN-Q20HWYWY/4.jpg; https://exemple-images.test/AN-Q20HWYWY/5.jpg,F,,,,,,,
8fc65f92-bb5c-413f-b8a1-7dc146cfd22e,AN-1SP9NXJQ,REC-ZS4F1KCW,Maison,Maison au calme à Toulouse,Toulouse,31000,2024-10-18T05:55:10,363812,226,10,True,,,,True,Jean Girard,0193204687,,,,5,"Maison en excellent état de 226 m² situé à Toulouse. Cave et parking inclus. Proche de toutes commodités, transports et écoles. À visiter sans tarder. Travaux à prévoir.",True,True,,False,,G,,jean.girard73@example.com,,,,,
9543aa07-d148-4ae5-8dc7-05d7a48be3ae,AN-NOI21FGE,REC-ZS4F1KCW,Maison,Maison charmant à Toulouse,Toulouse,31000,29 novembre 2024,317943,,8,False,,,,True,,0076373192,,,1,3,"Maison spacieux de 153 m² situé à Toulouse. Proche de toutes commodités, transports et écoles. À visiter sans tarder.",True,True,,,https://exemple-images.test/AN-NOI21FGE/1.jpg; https://exemple-images.test/AN-NOI21FGE/2.jpg,C,,,153,,,,
28a73fbb-eec3-4a58-ba98-e0058b46c7c0,AN-47FQ1AW6,REC-ZS4F1KCW,Maison,Maison atypique à Toulouse,Toulouse,31000,1786659310,317370,236,9,,2 place de la Mairie,,,True,Sophie Dubois,0046512286,,,3,3,"Maison charmant de 236 m² situé à Toulouse. Proche de toutes commodités, transports et écoles. À visiter sans tarder.",True,,,,,,,sophie.dubois69@example.com,,,,,
55cbfd31-5af3-47c4-8c6e-89cb0735953b,AN-6V9FBXTN,REC-ZS4F1KCW,Maison,Maison à rafraîchir à Toulouse,Toulouse,31000,08-20-2025,364848,164,7,,52 place de la Mairie,43.585659,1.449295,True,Luc Roche,,,,1,dernier étage,,True,True,,,https://exemple-images.test/AN-6V9FBXTN/1.jpg; https://exemple-images.test/AN-6V9FBXTN/2.jpg,,,,,,,,
02e947bb-8755-4a37-bfc4-9f3fbba63e12,AN-NCQSO105,REC-ZS4F1KCW,Maison,Maison rénové à Toulouse,Toulouse,31000,17/07/2025,343723,281,10,,,43.650193,1.473008,True,Julie Faure,0684864354,,,,,"Maison rénové de 281 m² situé à Toulouse. Proche de toutes commodités, transports et écoles. À visiter sans tarder.",True,True,,False,https://exemple-images.test/AN-NCQSO105/1.jpg,,,julie.faure84@example.com,,,,,
9004583e-a2ad-4aa7-bc7e-5ac1dcbc9ae6,AN-POK0NWCB,REC-ZS4F1KCW,Maison,Maison charmant à Toulouse,Toulouse,31000,26/01/2025,359602,261,7,,58 rue de la République,,,True,,0800096510,,92.57,,,"Maison à rafraîchir de 261 m² situé à Toulouse. Proche de toutes commodités, transports et écoles. À visiter sans tarder.",True,,Provence Immobilier,True,,C,1947,contact87@example.com,,,,,
3ddef2bc-8cc5-4c8c-92de-0503f0d77149,AN-ZT49F11J,REC-ZS4F1KCW,Maison,Maison au calme à Toulouse,Toulouse,31000,02/11/2025,359519,283,10,False,,43.597275,1.463604,True,,0195490824,,,3,3,"Maison à rafraîchir de 283 m² situé à Toulouse. Proche de toutes commodités, transports et écoles. À visiter sans tarder.",True,True,,False,,,1975,,,,,,
cb580712-b7cd-4a28-a5e9-e082eed07b07,AN-F80446W5,REC-ZS4F1KCW,Maison,Maison charmant à Toulouse,Toulouse,31000,10-31-2025,230882,284,7,True,150 rue Victor Hugo,,,True,Marie Faure,,True,,,,,True,True,,,https://exemple-images.test/AN-F80446W5/1.jpg; https://exemple-images.test/AN-F80446W5/2.jpg; https://exemple-images.test/AN-F80446W5/3.jpg; https://exemple-images.test/AN-F80446W5/4.jpg; https://exemple-images.test/AN-F80446W5/5.jpg,,,,,,,,
6be0e650-bac5-44ce-b704-cb0cfad4b1d8,AN-GMQOCUHQ,REC-ZS4F1KCW,Maison,Maison à rafraîchir à Toulouse,Toulouse,31000,2026-04-08,402624,241,10,False,,43.609967,1.461438,,,0487695810,True,,2,5,"Maison atypique de 241 m² situé à Toulouse. Proche de toutes commodités, transports et écoles. À visiter sans tarder. Travaux à prévoir.",True,True,,,,,,contact13@example.com,,,,,
01c34a94-89c3-49c3-a08a-4c7492a0e435,AN-DPDXNQEY,REC-ZS4F1KCW,Maison,Maison lumineux à Toulouse,Toulouse,31000,2024-10-16T10:35:10,272716 €,221,6,,,43.568904,1.467473,True,Marc Faure,0962482806,,169.25,4,dernier étage,"Maison atypique de 221 m² situé à Toulouse. Proche de toutes commodités, transports et écoles. À visiter sans tarder.",,True,,True,https://exemple-images.test/AN-DPDXNQEY/1.jpg; https://exemple-images.test/AN-DPDXNQEY/2.jpg,,,marc.faure31@example.com,,,,,
dcaef986-815b-4035-89ff-46afe0b23843,AN-CYORPCFX,REC-ZS4F1KCW,Maison,Maison spacieux à Toulouse,Toulouse,31000,25 juin 2025,244710,203,8,,162 avenue des Champs,43.613068,1.415568,True,,0340899604,True,263.05,2,,"Maison rénové de 203 m² situé à Toulouse. Proche de toutes commodités, transports et écoles. À visiter sans tarder. Travaux à prévoir.",True,True,,,https://exemple-images.test/AN-CYORPCFX/1.jpg; https://exemple-images.test/AN-CYORPCFX/2.jpg; https://exemple-images.test/AN-CYORPCFX/3.jpg; https://exemple-images.test/AN-CYORPCFX/4.jpg; https://exemple-images.test/AN-CYORPCFX/5.jpg,A,,,,,,,
a1883028-19c7-499b-9cc9-f1e990be5974,AN-KLMYUCFY,REC-ZS4F1KCW,Maison,Maison à rafraîchir à Toulouse,Toulouse,31000,17/02/2026,251522 €,197,10,False,,,,True,Luc Lefevre,0456444102,,,3,5,"Maison en excellent état de 197 m² situé à Toulouse. Proche de toutes commodités, transports et écoles. À visiter sans tarder.",True,True,,True,,,1906,luc.lefevre23@example.com,,,,,
77b1064d-b3db-4d70-9a69-3127f5dc9083,AN-PPSA5609,REC-ZS4F1KCW,Maison,Maison en excellent état à Toulouse,Toulouse,31000,23/07/2026,266237,212,9,False,,,,True,Nadia Lefevre,0586308232,,,,,"Maison rénové de 212 m² situé à Toulouse. Proche de toutes commodités, transports et écoles. À visiter sans tarder.",,True,Toit & Vous,True,,,,,,,,,
c16afeba-9f79-4aa5-97e6-4afccf5c8981,AN-YARF5EPC,REC-ZS4F1KCW,Maison,Maison de standing à Toulouse,Toulouse,31000,2024-11-21T16:52:10,251577,180,9,True,95 boulevard Gambetta,,,True,Marie Bernard,0265419230,,,,5,"Maison au calme de 180 m² situé à Toulouse. Proche de toutes commodités, transports et écoles. À visiter sans tarder.",True,True,Toit & Vous,,,,,marie.bernard87@example.com,,,,,
50ef94de-a126-4c3b-83a7-120c3f0e7f49,AN-Y6J6WZ95,REC-ZS4F1KCW,Maison,Maison au calme à Toulouse,Toulouse,31000,2025-07-17T11:42:10,344697,296,10,True,19 rue du Commerce,43.57437,1.442897,True,Sophie Martin,0757612023,,,,4,"Maison à rafraîchir de 296 m² situé à Toulouse. Proche de toutes commodités, transports et écoles. À visiter sans tarder.",True,True,Nid Doré,,,,,sophie.martin62@example.com,,,,,
2b105982-3cc4-479c-b6a5-ff54745d4c7b,AN-UW3SOYPQ,REC-ZS4F1KCW,Maison,Maison atypique à Toulouse,Toulouse,31000,2025-02-20T05:29:10,305014,,7,False,126 avenue des Champs,,,,Marie Bernard,0010734089,,,,,"Maison rénové de 171 m² situé à Toulouse. Proche de toutes commodités, transports et écoles. À visiter sans tarder.",True,True,ImmoPlus,,,,,,171,,,,
1b84c9ea-65dd-4b5d-bc17-38f040691ab4,AN-EEMXBIYQ,REC-ZS4F1KCW,Maison,Maison au calme à Toulouse,Toulouse,31000,1736129050,260635,181,6,,55 chemin des Vignes,43.604082,1.488599,True,Karim Roche,0967566982,,,,4,"Maison en excellent état de 181 m² situé à Toulouse. Cave et parking inclus. Proche de toutes commodités, transports et écoles. À visiter sans tarder.",True,True,,True,,,,karim.roche3@example.com,,,,,
9f7c21dd-8205-4aff-8859-5008e50bf3c1,AN-N0IN1RV5,REC-ZS4F1KCW,Maison,Maison rénové à Toulouse,Toulouse,31000,2025-03-19,243361,290,9,,,,,True,Jean Moreau,0593207987,,,,,,True,True,,True,https://exemple-images.test/AN-N0IN1RV5/1.jpg; https://exemple-images.test/AN-N0IN1RV5/2.jpg,,1936,,,,,,
6e87f46d-6f93-4b35-8349-c0b93b3acece,AN-D4G1OI9C,REC-ZS4F1KCW,Maison,Maison en excellent état à Toulouse,Toulouse,31000,1761564370,377036,295,10,True,,43.638553,1.423182,True,Marie Roche,0780781851,,324.54,,,"Maison spacieux de 295 m² situé à Toulouse. Cave et parking inclus. Proche de toutes commodités, transports et écoles. À visiter sans tarder.",True,True,Provence Immobilier,False,,A,,marie.roche85@example.com,,,,,
0f68ef36-0f0b-4533-8d1f-b028a92e5a9b,AN-I59ZVRJU,REC-ZS4F1KCW,Maison,Maison à rafraîchir à Toulouse,Toulouse,31000,1735915570,246664 €,224,9,,106 rue du Commerce,,,True,,0839593993,,,,2,"Maison lumineux de 224 m² situé à Toulouse. Proche de toutes commodités, transports et écoles. À visiter sans tarder.",True,True,Clé en Main Immo,False,,,1915,,,,,,
8b9be734-4f8e-4f86-9232-67b65eb73433,AN-NGPFZUNW,REC-ZS4F1KCW,Maison,Maison en excellent état à Toulouse,Toulouse,31000,31/10/2024,395837 €,261,10,,,,,True,,0058759757,,,,4,"Maison rénové de 261 m² situé à Toulouse. Proche de toutes commodités, transports et écoles. À visiter sans tarder.",,True,,True,https://exemple-images.test/AN-NGPFZUNW/1.jpg; https://exemple-images.test/AN-NGPFZUNW/2.jpg; https://exemple-images.test/AN-NGPFZUNW/3.jpg,,1972,,,,,,
f5bc1b9c-030b-48f7-bf04-7f4bd5e5b5d8,AN-RL0IQ5YU,REC-ZS4F1KCW,Maison,Maison avec vue dégagée à Toulouse,Toulouse,31000,11 novembre 2024,330344,161,8,,105 avenue des Champs,43.612153,1.450396,True,Ahmed Perrin,0166231189,True,368.29,2,,"Maison rénové de 161 m² situé à Toulouse. Cave et parking inclus. Proche de toutes commodités, transports et écoles. À visiter sans tarder.",True,True,,,https://exemple-images.test/AN-RL0IQ5YU/1.jpg,A,,ahmed.perrin32@example.com,,,,,
876e2708-ca4d-43db-bc45-61d5c56b882f,AN-91G8A8ZT,REC-ZS4F1KCW,Maison,Maison atypique à Toulouse,Toulouse,31000,2024-10-19T21:16:10,344585,,8,True,42 rue de la République,,,True,,,,,0,,"Maison avec vue dégagée de 247 m² situé à Toulouse. Proche de toutes commodités, transports et écoles. À visiter sans tarder.",True,True,,True,,,1984,contact90@example.com,247,,,,
f190f0d3-c8b8-41c4-a565-38d25ff8745b,AN-683DGXMR,REC-ZS4F1KCW,Maison,Maison atypique à Toulouse,Toulouse,31000,03-16-2026,271322,167,9,,148 impasse des Lilas,,,True,Julie Bernard,0332111512,,,5,,"Maison au calme de 167 m² situé à Toulouse. Proche de toutes commodités, transports et écoles. À visiter sans tarder.",True,True,ImmoPlus,False,,,,,,,,,
5bf47e9a-d9b2-414e-87aa-931a54021db4,AN-THVCL3HO,REC-ZS4F1KCW,Maison,Maison avec vue dégagée à Toulouse,Toulouse,31000,03/03/2026,369756,237,6,,,43.591331,1.435887,True,,0155488201,True,,,5,,True,True,Century Habitat,,,,1935,contact99@example.com,,,,,
c8d7341a-9f4a-419a-9fe2-fce52559aa88,AN-SA12ZTIS,REC-ZS4F1KCW,Maison,Maison en excellent état à Toulouse,Toulouse,31000,09-11-2025,365610,,6,,24 rue Pasteur,43.557705,1.403708,True,Sophie Lefevre,0149001239,,,5,,,,True,,True,https://exemple-images.test/AN-SA12ZTIS/1.jpg; https://exemple-images.test/AN-SA12ZTIS/2.jpg; https://exemple-images.test/AN-SA12ZTIS/3.jpg; https://exemple-images.test/AN-SA12ZTIS/4.jpg,,,,154,,,,
affa7680-b73a-4c7a-a2d6-4c898e94da72,AN-4WXPRO8W,REC-ZS4F1KCW,Maison,Maison en excellent état à Toulouse,Toulouse,31000,1742528290,251193,271,9,False,54 place de la Mairie,,,,Sophie Moreau,,True,,,,"Maison charmant de 271 m² situé à Toulouse. Proche de toutes commodités, transports et écoles. À visiter sans tarder. Travaux à prévoir.",True,True,,,,,,,,,,,
7c373173-4329-4129-8aeb-764bf0a5a9ce,AN-INQ1BS17,REC-ZS4F1KCW,Maison,Maison de standing à Toulouse,Toulouse,31000,09/01/2026,237021,276,9,True,,,,True,Ahmed Fontaine,0124884451,,,,,"Maison rénové de 276 m² situé à Toulouse. Proche de toutes commodités, transports et écoles. À visiter sans tarder.",True,True,,,,,,ahmed.fontaine31@example.com,,,,,
f532f850-672a-4c1b-a015-20dae75b4c20,AN-S9U40FYF,REC-ZS4F1KCW,Maison,Maison charmant à Toulouse,Toulouse,31000,16/01/2025,384311,252,10,True,187 chemin des Vignes,43.574937,1.477698,True,Marie Roche,0239295076,,,2,,"Maison atypique de 252 m² situé à Toulouse. Proche de toutes commodités, transports et écoles. À visiter sans tarder.",True,True,Clé en Main Immo,,,,,,,,,,
fd7df7ce-d90a-4289-bb81-9065914d5128,AN-6OL59RM4,REC-ZS4F1KCW,Maison,Maison charmant à Toulouse,Toulouse,31000,05-17-2025,258677,295,9,,,,,True,Julie Girard,0115616254,,,,1,"Maison spacieux de 295 m² situé à Toulouse. Proche de toutes commodités, transports et écoles. À visiter sans tarder. Travaux à prévoir.",True,True,,,https://exemple-images.test/AN-6OL59RM4/1.jpg; https://exemple-images.test/AN-6OL59RM4/2.jpg; https://exemple-images.test/AN-6OL59RM4/3.jpg,D,,,,,,,
19b2cdbb-929d-4758-9429-3a5b5ee0e0a5,AN-JRN7CSPN,REC-ZS4F1KCW,Maison,Maison lumineux à Toulouse,Toulouse,31000,28/06/2025,232408,196,7,,21 boulevard Gambetta,43.586973,1.423846,True,Julie Roche,0023963053,True,,2,,"Maison rénové de 196 m² situé à Toulouse. Proche de toutes commodités, transports et écoles. À visiter sans tarder.",,,,,,,1929,julie.roche14@example.com,,,,,
75c6dc1f-f578-4cd0-b209-e7fca50e8ea4,AN-E2L31OD3,REC-ZS4F1KCW,Maison,Maison au calme à Toulouse,Toulouse,31000,06-02-2025,301353,277,7,,32 boulevard Gambetta,,,True,Marie Bernard,0747323305,,,5,3,,,,Nid Doré,True,,D,,,,,,,
c435d286-7d4e-45a8-8269-31c7da669b15,AN-488L36WU,REC-ZS4F1KCW,Maison,Maison rénové à Toulouse,Toulouse,31000,10-12-2024,351114,198,7,,169 allée des Platanes,43.650549,1.470269,True,Karim Martin,,,,,RDC,"Maison de standing de 198 m² situé à Toulouse. Proche de toutes commodités, transports et écoles. À visiter sans tarder.",True,True,Nid Doré,False,,,1933,karim.martin16@example.com,,,,,
2d18d7c7-a1b7-4283-8e33-50dcd0e6ccac,AN-7EDFBUCI,REC-ZS4F1KCW,Maison,Maison à rafraîchir à Toulouse,Toulouse,31000,1772586370,339734 €,293,10,False,84 boulevard Gambetta,,,True,,0464393308,,,,,,True,True,Nid Doré,,https://exemple-images.test/AN-7EDFBUCI/1.jpg; https://exemple-images.test/AN-7EDFBUCI/2.jpg; https://exemple-images.test/AN-7EDFBUCI/3.jpg; https://exemple-images.test/AN-7EDFBUCI/4.jpg; https://exemple-images.test/AN-7EDFBUCI/5.jpg,E,2013,contact94@example.com,,,,,
639ce5ca-8a6e-4917-81d4-c20ae84f8196,AN-FXKH7SOW,REC-ZS4F1KCW,Maison,Maison charmant à Toulouse,Toulouse,31000,01-02-2025,362360,,7,True,49 rue de la République,43.594519,1.419694,True,,0583484645,True,,3,,"Maison lumineux de 163 m² situé à Toulouse. Proche de toutes commodités, transports et écoles. À visiter sans tarder.",True,True,Century Habitat,,,,2015,,163,,,,
0383df33-322e-467d-af1f-5dfe43f1a075,AN-6A0C40NL,REC-ZS4F1KCW,Maison,Maison au calme à Toulouse,Toulouse,31000,1767606910,291493,247,10,,,,,,,,,,,,"Maison spacieux de 247 m² situé à Toulouse. Proche de toutes commodités, transports et écoles. À visiter sans tarder. Travaux à prévoir.",True,True,,True,,,,contact12@example.com,,,,,
59ae091d-e633-46a4-a1b2-4b10ae0c1c9e,AN-QUI8WQSL,REC-ZS4F1KCW,Maison,Maison atypique à Toulouse,Toulouse,31000,17/09/2025,236275,,7,,77 rue Pasteur,43.604658,1.399825,True,Marie Roche,0892405998,True,,,,"Maison lumineux de 267 m² situé à Toulouse. Proche de toutes commodités, transports et écoles. À visiter sans tarder.",True,True,,,,,1939,,267,,,,
00dd164a-8fab-4c56-9576-b2c433a5ec1c,AN-4A57PHT2,REC-ZS4F1KCW,Maison,Maison en excellent état à Toulouse,Toulouse,31000,2026-06-04,294967,289,6,,87 place de la Mairie,,,True,Nadia Girard,0011223597,,,5,5,,True,True,,,https://exemple-images.test/AN-4A57PHT2/1.jpg; https://exemple-images.test/AN-4A57PHT2/2.jpg; https://exemple-images.test/AN-4A57PHT2/3.jpg; https://exemple-images.test/AN-4A57PHT2/4.jpg,,1851,nadia.girard48@example.com,,,,,
f5ed9314-0f43-4a44-8f6d-d7cf3c8f018b,AN-MJP4YS78,REC-ZS4F1KCW,Maison,Maison en excellent état à Toulouse,Toulouse,31000,2025-02-20,250126,214,9,,,43.644502,1.414857,True,Jean Moreau,0568736987,True,,5,,"Maison atypique de 214 m² situé à Toulouse. Proche de toutes commodités, transports et écoles. À visiter sans tarder.",True,True,Century Habitat,,,B,1860,,,,,,
dcf55c46-e2be-4a11-b99a-da0b6543afd7,AN-8I29LW5G,REC-ZS4F1KCW,Maison,Maison charmant à Toulouse,Toulouse,31000,15 février 2025,395833,151,9,,,,,True,Nadia Moreau,0928895695,,,5,,,,,Provence Immobilier,False,https://exemple-images.test/AN-8I29LW5G/1.jpg; https://exemple-images.test/AN-8I29LW5G/2.jpg; https://exemple-images.test/AN-8I29LW5G/3.jpg; https://exemple-images.test/AN-8I29LW5G/4.jpg; https://exemple-images.test/AN-8I29LW5G/5.jpg,A,,nadia.moreau98@example.com,,,,,
ed003831-8f82-4877-aa59-0c1d0bac8d60,AN-QAUHY2B4,REC-ZS4F1KCW,Maison,Maison à rafraîchir à Toulouse,Toulouse,31000,5 mai 2026,254075,263,9,,,,,True,,0694270508,,,4,,,,True,,,https://exemple-images.test/AN-QAUHY2B4/1.jpg; https://exemple-images.test/AN-QAUHY2B4/2.jpg,,1986,contact92@example.com,,,,,
d8a934f4-ad3a-447c-b13c-8b06df913cd3,AN-L0XW6KF4,REC-ZS4F1KCW,Maison,Maison avec vue dégagée à Toulouse,Toulouse,31000,21 septembre 2025,290442,232,10,,,43.627602,1.474448,True,Luc Fontaine,0122397348,,339.12,4,,,,True,,,,C,1926,luc.fontaine45@example.com,,,,,
08732604-228d-4d88-be12-ee44ef58b625,AN-05EK53KA,REC-ZS4F1KCW,Maison,Maison avec vue dégagée à Toulouse,Toulouse,31000,09-23-2025,267503,248,10,False,174 rue de la République,43.6412,1.426484,True,,0600067799,,,2,,"Maison au calme de 248 m² situé à Toulouse. Proche de toutes commodités, transports et écoles. À visiter sans tarder.",True,True,,,https://exemple-images.test/AN-05EK53KA/1.jpg; https://exemple-images.test/AN-05EK53KA/2.jpg; https://exemple-images.test/AN-05EK53KA/3.jpg; https://exemple-images.test/AN-05EK53KA/4.jpg,,,,,,,,
be759a31-ff71-472f-ab28-161d505e03a8,AN-NNVUZJSL,REC-ZS4F1KCW,Maison,Maison au calme à Toulouse,Toulouse,31000,12/11/2025,304246,273,8,,,43.598981,1.494157,True,Marc Roche,0367613069,,283.53,,,"Maison avec vue dégagée de 273 m² situé à Toulouse. Proche de toutes commodités, transports et écoles. À visiter sans tarder.",True,True,,True,,,,marc.roche43@example.com,,,,,
4ae82e77-0040-4e4d-9f19-65bff550eddd,AN-9XW3620R,REC-ZS4F1KCW,Maison,Maison au calme à Toulouse,Toulouse,31000,2025-04-04,246467,197,7,False,,43.622248,1.48609,,Jean Moreau,,,219.34,,0,"Maison lumineux de 197 m² situé à Toulouse. Proche de toutes commodités, transports et écoles. À visiter sans tarder.",True,True,,,,,,,,,,,
313088f7-4964-47de-9495-4e56a3691774,AN-QWRWR92H,REC-ZS4F1KCW,Maison,Maison en excellent état à Toulouse,Toulouse,31000,26 mai 2026,369329,185,6,,157 quai de la Loire,,,True,Marie Fontaine,0354933010,,,,RDC,"Maison charmant de 185 m² situé à Toulouse. Proche de toutes commodités, transports et écoles. À visiter sans tarder.",,,ImmoPlus,,,A,,marie.fontaine98@example.com,,,,,
2ac03031-e208-4aae-8a4f-58929d45462d,AN-23BEA0BT,REC-ZS4F1KCW,Maison,Maison au calme à Toulouse,Toulouse,31000,2026-07-08,243948,197,9,,,43.634657,1.435648,True,,0239714644,,,,,"Maison spacieux de 197 m² situé à Toulouse. Proche de toutes commodités, transports et écoles. À visiter sans tarder. Travaux à prévoir.",True,True,,,,A,,,,,,,
3af73be2-6ab0-4901-8665-865924c76fd5,AN-K4XWEBHG,REC-ZS4F1KCW,Maison,Maison rénové à Toulouse,Toulouse,31000,2025-09-09,316850,247,9,,,43.622389,1.410617,True,Claire Lefevre,,,,0,0,,True,True,Toit & Vous,False,https://exemple-images.test/AN-K4XWEBHG/1.jpg; https://exemple-images.test/AN-K4XWEBHG/2.jpg; https://exemple-images.test/AN-K4XWEBHG/3.jpg; https://exemple-images.test/AN-K4XWEBHG/4.jpg,,,claire.lefevre46@example.com,,,,,
b5df3c05-f035-4cfb-bbc2-44e7fbe5bd02,AN-KB2620KS,REC-ZS4F1KCW,Maison,Maison charmant à Toulouse,Toulouse,31000,2025-03-13,228944,,10,,,43.568788,1.445187,,Claire Faure,0593960103,,,4,,"Maison en excellent état de 260 m² situé à Toulouse. Proche de toutes commodités, transports et écoles. À visiter sans tarder.",True,,,,,,,,260,,,,
198a2234-d57a-4a99-810a-7e13e8ece014,AN-7TVTFOX9,REC-ZS4F1KCW,Maison,Maison à rafraîchir à Toulouse,Toulouse,31000,9 mars 2025,212521,152,10,False,144 rue Pasteur,,,,Karim Faure,0730548297,,,0,dernier étage,"Maison rénové de 152 m² situé à Toulouse. Proche de toutes commodités, transports et écoles. À visiter sans tarder.",True,True,,,https://exemple-images.test/AN-7TVTFOX9/1.jpg; https://exemple-images.test/AN-7TVTFOX9/2.jpg; https://exemple-images.test/AN-7TVTFOX9/3.jpg; https://exemple-images.test/AN-7TVTFOX9/4.jpg,,2009,karim.faure85@example.com,,,,,
244437e3-f3a7-41e2-a490-51295c6990f7,AN-OX0U0YNM,REC-ZS4F1KCW,Maison,Maison charmant à Toulouse,Toulouse,31000,07-07-2026,345351,193,10,,13 allée des Platanes,43.631215,1.451233,True,,0928441695,,,,,"Maison à rafraîchir de 193 m² situé à Toulouse. Cave et parking inclus. Proche de toutes commodités, transports et écoles. À visiter sans tarder.",True,True,,False,,,,,,,,,
b3a9d3ed-0bef-412c-9346-e51909a70d18,AN-VFNL9ZHB,REC-ZS4F1KCW,Maison,Maison avec vue dégagée à Toulouse,Toulouse,31000,2025-11-15T13:40:10,362500,176,6,True,89 allée des Platanes,43.568514,1.470892,True,Marc Girard,0009196126,True,,,,"Maison lumineux de 176 m² situé à Toulouse. Proche de toutes commodités, transports et écoles. À visiter sans tarder.",True,True,Clé en Main Immo,,https://exemple-images.test/AN-VFNL9ZHB/1.jpg; https://exemple-images.test/AN-VFNL9ZHB/2.jpg; https://exemple-images.test/AN-VFNL9ZHB/3.jpg; https://exemple-images.test/AN-VFNL9ZHB/4.jpg; https://exemple-images.test/AN-VFNL9ZHB/5.jpg,,1990,,,,,,
dcb872d9-a6c0-42f9-acb6-e540a9c51cdf,AN-C7EVYPFG,REC-ZS4F1KCW,Maison,Maison charmant à Toulouse,Toulouse,31000,1741920430,377702,270,10,False,44 rue Pasteur,,,True,Claire Lefevre,0208159543,,350.3,0,,"Maison spacieux de 270 m² situé à Toulouse. Proche de toutes commodités, transports et écoles. À visiter sans tarder.",,True,Clé en Main Immo,True,,,,claire.lefevre98@example.com,,,,,
e395cea1-7773-4b45-b252-eec98c70fc26,AN-YWYB0C5Z,REC-ZS4F1KCW,Maison,Maison rénové à Toulouse,Toulouse,31000,16 février 2025,255493,147,8,False,79 rue Jean Jaurès,,,True,Nadia Dubois,,,,2,0,"Maison lumineux de 147 m² situé à Toulouse. Proche de toutes commodités, transports et écoles. À visiter sans tarder.",True,True,,,,A,,nadia.dubois18@example.com,,,,,
4164f3e7-76d0-40f8-8f2f-e18d8d21878f,AN-VSSFRS1D,REC-ZS4F1KCW,Maison,Maison avec vue dégagée à Toulouse,Toulouse,31000,2026-06-09T10:28:10,268389 €,,8,,,,,True,Julie Fontaine,0207809708,,,1,,"Maison au calme de 255 m² situé à Toulouse. Proche de toutes commodités, transports et écoles. À visiter sans tarder.",True,True,ImmoPlus,True,,C,,,255,,,,
f0fef33f-0fa6-43df-8e23-30fe61f4cd21,AN-R33O3L2Y,REC-ZS4F1KCW,Maison,Maison à rafraîchir à Toulouse,Toulouse,31000,02/05/2026,249561,172,9,,,43.562302,1.492919,True,Marie Moreau,0635867409,,,5,,"Maison lumineux de 172 m² situé à Toulouse. Proche de toutes commodités, transports et écoles. À visiter sans tarder.",True,,ImmoPlus,,,A,,,,,,,
bdaf9dd7-80c3-434e-8fa8-c742118d800c,AN-HQGYTIS5,REC-ZS4F1KCW,Maison,Maison avec vue dégagée à Toulouse,Toulouse,31000,2025-05-16,277098,189,6,False,155 rue du Commerce,,,True,,0483623081,,,,,"Maison charmant de 189 m² situé à Toulouse. Proche de toutes commodités, transports et écoles. À visiter sans tarder.",True,,,,,F,,,,,,,
433823e1-5d3c-415a-9b45-3fd565a99d91,AN-7PAIJ3FN,REC-ZS4F1KCW,Maison,Maison avec vue dégagée à Toulouse,Toulouse,31000,2025-07-21T20:40:10,370891,,7,,178 place de la Mairie,,,True,Claire Moreau,0879701046,,,,dernier étage,"Maison atypique de 236 m² situé à Toulouse. Cave et parking inclus. Proche de toutes commodités, transports et écoles. À visiter sans tarder.",True,,Nid Doré,True,https://exemple-images.test/AN-7PAIJ3FN/1.jpg; https://exemple-images.test/AN-7PAIJ3FN/2.jpg; https://exemple-images.test/AN-7PAIJ3FN/3.jpg; https://exemple-images.test/AN-7PAIJ3FN/4.jpg; https://exemple-images.test/AN-7PAIJ3FN/5.jpg,,,claire.moreau35@example.com,236,,,,
163acab0-0ae2-4513-a0b5-94ba9fa580ee,AN-2QPC3TLI,REC-ZS4F1KCW,Maison,Maison au calme à Toulouse,Toulouse,31000,2025-07-05,273873,223,7,True,,,,True,Marie Bernard,,True,,5,,"Maison rénové de 223 m² situé à Toulouse. Cave et parking inclus. Proche de toutes commodités, transports et écoles. À visiter sans tarder. Travaux à prévoir.",True,True,Provence Immobilier,,https://exemple-images.test/AN-2QPC3TLI/1.jpg; https://exemple-images.test/AN-2QPC3TLI/2.jpg; https://exemple-images.test/AN-2QPC3TLI/3.jpg; https://exemple-images.test/AN-2QPC3TLI/4.jpg,,,,,,,,
1d0980b7-62e5-4926-8832-4b056dac5cee,AN-46X0BJSV,REC-ZS4F1KCW,Maison,Maison lumineux à Toulouse,Toulouse,31000,2025-09-09,315629,190,9,,118 avenue des Champs,,,True,Karim Dubois,0019289047,,108.23,,3,,,True,,,,,1932,,,,,,
9ffe4509-e113-4199-ba54-3ef3cdfc5243,AN-4QWROHC5,REC-ZS4F1KCW,Maison,Maison atypique à Toulouse,Toulouse,31000,07/01/2026,302970 €,246,10,,144 impasse des Lilas,43.591208,1.475237,True,Jean Roche,0101460090,,,,,"Maison rénové de 246 m² situé à Toulouse. Proche de toutes commodités, transports et écoles. À visiter sans tarder. Travaux à prévoir.",True,,,,https://exemple-images.test/AN-4QWROHC5/1.jpg; https://exemple-images.test/AN-4QWROHC5/2.jpg,,,,,,,,
15ff645c-d93f-4c7e-8243-18ecec3ed04e,AN-79NFYFMV,REC-ZS4F1KCW,Maison,Maison spacieux à Toulouse,Toulouse,31000,2024-11-01T02:24:10,337886,233,9,True,,,,,,,,,,,,True,True,,False,,,,,,,,,
b7917299-050e-479a-9124-b4a8eab00acc,AN-QNMVL5CY,REC-ZS4F1KCW,Maison,Maison avec vue dégagée à Toulouse,Toulouse,31000,14/12/2025,230532,163,6,,,,,True,Julie Moreau,0603828953,,198.17,,,"Maison spacieux de 163 m² situé à Toulouse. Proche de toutes commodités, transports et écoles. À visiter sans tarder.",True,True,,False,,G,2011,julie.moreau7@example.com,,,,,
8f3e0b5c-7915-4422-a587-0b754753c5a4,AN-IV9H8D7N,REC-ZS4F1KCW,Maison,Maison rénové à Toulouse,Toulouse,31000,2024-11-07,315278,258,9,,,,,True,,0487316220,,,5,,"Maison en excellent état de 258 m² situé à Toulouse. Proche de toutes commodités, transports et écoles. À visiter sans tarder.",,True,,False,,G,,contact29@example.com,,,,,
1578c896-26be-403d-8232-b8ac01fa8da4,AN-K50B4Y2P,REC-ZS4F1KCW,Maison,Maison lumineux à Toulouse,Toulouse,31000,28 avril 2026,369233,234,7,,58 rue Victor Hugo,43.654325,1.46961,True,,0370454267,,,,,"Maison en excellent état de 234 m² situé à Toulouse. Proche de toutes commodités, transports et écoles. À visiter sans tarder.",True,True,,True,,,,contact19@example.com,,,,,
5412aaf0-c01a-4a2b-8728-2dcd0b2e5403,AN-OW68HKTS,REC-ZS4F1KCW,Maison,Maison avec vue dégagée à Toulouse,Toulouse,31000,30/04/2025,268981,164,9,False,,43.618526,1.415571,,,0763494605,True,,0,,,True,True,Clé en Main Immo,,,,,,,,,,
7d4fdeb8-c776-450c-8e9d-1a7be9837dc9,AN-TOIKOI1H,REC-ZS4F1KCW,Maison,Maison rénové à Toulouse,Toulouse,31000,2025-12-14,317707,185,9,,196 rue Victor Hugo,43.560415,1.417209,True,Jean Dubois,0327952119,,,4,dernier étage,"Maison à rafraîchir de 185 m² situé à Toulouse. Proche de toutes commodités, transports et écoles. À visiter sans tarder.",,True,,,,G,1875,,,,,,
638bef13-a59f-4500-a2fb-8a77eeb459c6,AN-DN3L513L,REC-ZS4F1KCW,Maison,Maison atypique à Toulouse,Toulouse,31000,1773180370,321750,195,9,,,43.576435,1.480708,True,Nadia Faure,0186988079,,,1,3,"Maison en excellent état de 195 m² situé à Toulouse. Proche de toutes commodités, transports et écoles. À visiter sans tarder.",True,True,ImmoPlus,,https://exemple-images.test/AN-DN3L513L/1.jpg; https://exemple-images.test/AN-DN3L513L/2.jpg; https://exemple-images.test/AN-DN3L513L/3.jpg; https://exemple-images.test/AN-DN3L513L/4.jpg; https://exemple-images.test/AN-DN3L513L/5.jpg,,,nadia.faure8@example.com,,,,,
183a35f5-b859-42ca-9410-b2653f468d86,AN-92IFONBB,REC-ZS4F1KCW,Maison,Maison à rafraîchir à Toulouse,Toulouse,31000,21/11/2024,321234,292,6,,,,,,,,,,,0,,True,True,Clé en Main Immo,False,,,,,,,,,
6e6added-2702-4fd0-ad05-ac52d56e523e,AN-3DEK113J,REC-ZS4F1KCW,Maison,Maison lumineux à Toulouse,Toulouse,31000,17/05/2025,396745,215,10,,,43.555372,1.406351,True,,,,,4,,"Maison avec vue dégagée de 215 m² situé à Toulouse. Proche de toutes commodités, transports et écoles. À visiter sans tarder. Travaux à prévoir.",True,True,,,,,1937,,,,,,
e005dabb-b3ef-4544-afbf-1baab8480aa5,AN-CNPH194B,REC-ZS4F1KCW,Maison,Maison au calme à Toulouse,Toulouse,31000,18 décembre 2025,275611 €,148,6,False,178 impasse des Lilas,43.626786,1.419801,True,,,,,,,"Maison rénové de 148 m² situé à Toulouse. Proche de toutes commodités, transports et écoles. À visiter sans tarder.",True,,,False,,E,,contact68@example.com,,,,,
4bfc2336-4d25-474f-a213-398b14394c43,AN-6XQO9UHC,REC-ZS4F1KCW,Maison,Maison avec vue dégagée à Toulouse,Toulouse,31000,08-26-2025,381194,253,6,,,,,True,Nadia Faure,0882297491,,,1,,"Maison charmant de 253 m² situé à Toulouse. Proche de toutes commodités, transports et écoles. À visiter sans tarder.",True,True,,,,,,,,,,,
cc91237e-9123-407c-8c35-069b75adb59f,AN-MVDNS93I,REC-ZS4F1KCW,Maison,Maison au calme à Toulouse,Toulouse,31000,1780080670,388306,,8,,,43.631756,1.416558,True,Karim Fontaine,,,,1,,"Maison à rafraîchir de 293 m² situé à Toulouse. Proche de toutes commodités, transports et écoles. À visiter sans tarder. Travaux à prévoir.",True,True,,False,,B,,karim.fontaine22@example.com,293,,,,
b30a7b96-3ce5-4eb5-93a1-ce346869af69,AN-0VAFC1AM,REC-ZS4F1KCW,Maison,Maison atypique à Toulouse,Toulouse,31000,25/10/2024,301785,292,7,False,,,,True,Jean Martin,,,,5,,"Maison lumineux de 292 m² situé à Toulouse. Cave et parking inclus. Proche de toutes commodités, transports et écoles. À visiter sans tarder.",True,True,,,,,,jean.martin22@example.com,,,,,
3210054e-586c-4e75-bb45-1c8f535bf5da,AN-KN0HQ1EN,REC-ZS4F1KCW,Maison,Maison rénové à Toulouse,Toulouse,31000,06/03/2025,244451,163,6,True,,43.613829,1.453988,True,,0487616086,True,,5,3,"Maison charmant de 163 m² situé à Toulouse. Proche de toutes commodités, transports et écoles. À visiter sans tarder.",True,True,,,,E,,,,,,,
bc609e20-261a-4ede-862f-e9aa3ee7ecad,AN-TXY6I0H9,REC-ZS4F1KCW,Maison,Maison spacieux à Toulouse,Toulouse,31000,2025-01-03T16:46:10,292975,238,8,,124 rue de la République,43.582169,1.470672,True,Julie Girard,,,,3,RDC,,True,True,,,https://exemple-images.test/AN-TXY6I0H9/1.jpg; https://exemple-images.test/AN-TXY6I0H9/2.jpg,A,,julie.girard21@example.com,,,,,
ef414367-8eb6-40ef-ad7f-965d34b8c052,AN-7IHV3ZE1,REC-ZS4F1KCW,Maison,Maison atypique à Toulouse,Toulouse,31000,2024-10-07,230366,297,8,,,,,True,,,,,,,"Maison charmant de 297 m² situé à Toulouse. Cave et parking inclus. Proche de toutes commodités, transports et écoles. À visiter sans tarder.",True,True,Provence Immobilier,True,https://exemple-images.test/AN-7IHV3ZE1/1.jpg; https://exemple-images.test/AN-7IHV3ZE1/2.jpg; https://exemple-images.test/AN-7IHV3ZE1/3.jpg; https://exemple-images.test/AN-7IHV3ZE1/4.jpg,F,,contact88@example.com,,,,,
4ee89d97-6418-4ffa-a96c-50a590c6258b,AN-HHK8OJ2J,REC-ZS4F1KCW,Maison,Maison rénové à Toulouse,Toulouse,31000,2025-01-22,323817,208,9,False,,43.599286,1.450614,,,0635229217,,,,5,"Maison de standing de 208 m² situé à Toulouse. Cave et parking inclus. Proche de toutes commodités, transports et écoles. À visiter sans tarder.",True,True,Toit & Vous,,,,1962,contact84@example.com,,,,,
f0596889-52b9-45e6-9faa-7593aafe166d,AN-3PIR0EHG,REC-ZS4F1KCW,Maison,Maison de standing à Toulouse,Toulouse,31000,08-07-2025,386369,246,10,,,43.627756,1.491886,True,,0718415050,,,3,,"Maison charmant de 246 m² situé à Toulouse. Proche de toutes commodités, transports et écoles. À visiter sans tarder.",True,True,,,,,,,,,,,
f68ff008-4ec5-40b9-8195-b16554b21853,AN-DCL9EWHV,REC-ZS4F1KCW,Maison,Maison à rafraîchir à Toulouse,Toulouse,31000,1729650430,311136,167,9,,,43.650549,1.434995,True,Jean Dubois,,,,0,4,"Maison atypique de 167 m² situé à Toulouse. Proche de toutes commodités, transports et écoles. À visiter sans tarder.",True,True,Clé en Main Immo,False,,G,,,,,,,
e2f0add4-e659-41a5-86ce-8f1599a1ce64,AN-6R00AYMN,REC-ZS4F1KCW,Maison,Maison au calme à Toulouse,Toulouse,31000,2025-12-09,401078,,10,,,,,True,Marie Lefevre,0010124796,True,,,,"Maison rénové de 229 m² situé à Toulouse. Proche de toutes commodités, transports et écoles. À visiter sans tarder.",,True,Toit & Vous,,https://exemple-images.test/AN-6R00AYMN/1.jpg; https://exemple-images.test/AN-6R00AYMN/2.jpg,A,,,229,,,,
f57f4574-01ea-43ef-bc92-0533e197ccd9,AN-5WUZDNEH,REC-ZS4F1KCW,Maison,Maison atypique à Toulouse,Toulouse,31000,15/06/2025,309919,238,8,,,43.632554,1.416579,True,Nadia Perrin,,,173.91,,1,"Maison charmant de 238 m² situé à Toulouse. Proche de toutes commodités, transports et écoles. À visiter sans tarder.",True,True,,,,,,nadia.perrin23@example.com,,,,,
8d7d76f5-4a42-43a6-947b-7cbc89a1c15c,AN-CGOJWHN1,REC-ZS4F1KCW,Maison,Maison à rafraîchir à Toulouse,Toulouse,31000,04-18-2025,230576,,7,False,60 rue du Commerce,43.557436,1.456032,,Claire Girard,,,,,3,"Maison atypique de 200 m² situé à Toulouse. Proche de toutes commodités, transports et écoles. À visiter sans tarder.",,,Century Habitat,,https://exemple-images.test/AN-CGOJWHN1/1.jpg; https://exemple-images.test/AN-CGOJWHN1/2.jpg; https://exemple-images.test/AN-CGOJWHN1/3.jpg; https://exemple-images.test/AN-CGOJWHN1/4.jpg,D,,claire.girard23@example.com,200,,,,
2d7249fd-1ac1-4bc9-8775-b09c09588c1d,AN-7JVKKU5B,REC-ZS4F1KCW,Maison,Maison de standing à Toulouse,Toulouse,31000,11/03/2026,207336,238,7,,17 impasse des Lilas,43.589185,1.411578,True,Jean Girard,0862124273,,,,,,True,True,,,,,,,,,,,
1c90b3e6-0c7d-4f46-b6c6-fa63ecd762b5,AN-J9M3LGBZ,REC-ZS4F1KCW,Maison,Maison à rafraîchir à Toulouse,Toulouse,31000,02-13-2026,274050 €,172,7,,87 quai de la Loire,,,True,Karim Fontaine,0374437782,,,2,4,,True,True,Provence Immobilier,,,C,,,,,,,
4c533407-96ab-496d-bf43-b95e2816b49b,AN-WGP9FBPD,REC-ZS4F1KCW,Maison,Maison lumineux à Toulouse,Toulouse,31000,17 avril 2025,236451,150,10,True,95 rue du Commerce,,,True,,0696502120,,,,,"Maison spacieux de 150 m² situé à Toulouse. Proche de toutes commodités, transports et écoles. À visiter sans tarder.",True,,,,https://exemple-images.test/AN-WGP9FBPD/1.jpg; https://exemple-images.test/AN-WGP9FBPD/2.jpg; https://exemple-images.test/AN-WGP9FBPD/3.jpg,,,contact22@example.com,,,,,
07f42f3e-b2ea-416f-bf04-c039c3970219,AN-IKZCS5GR,REC-ZS4F1KCW,Maison,Maison de standing à Toulouse,Toulouse,31000,15/04/2025,275365,217,7,True,105 allée des Platanes,43.618112,1.424276,True,,0655993925,,221.42,4,,"Maison rénové de 217 m² situé à Toulouse. Proche de toutes commodités, transports et écoles. À visiter sans tarder.",True,,,False,https://exemple-images.test/AN-IKZCS5GR/1.jpg; https://exemple-images.test/AN-IKZCS5GR/2.jpg; https://exemple-images.test/AN-IKZCS5GR/3.jpg; https://exemple-images.test/AN-IKZCS5GR/4.jpg,B,1923,contact64@example.com,,,,,
0656b813-1414-45ee-b7d7-36d3755a10ed,AN-5Y10G02F,REC-ZS4F1KCW,Maison,Maison charmant à Toulouse,Toulouse,31000,2025-10-18,277263,178,10,,199 quai de la Loire,,,True,,0531574599,,,,,"Maison lumineux de 178 m² situé à Toulouse. Proche de toutes commodités, transports et écoles. À visiter sans tarder.",,True,,False,https://exemple-images.test/AN-5Y10G02F/1.jpg,,,contact5@example.com,,,,,
9cb9fb02-9df2-4a1f-beb8-2c713e5a3bfa,AN-CGG75JTK,REC-ZS4F1KCW,Maison,Maison lumineux à Toulouse,Toulouse,31000,2025-11-29T08:53:10,278127 €,224,10,,125 impasse des Lilas,43.559745,1.440983,True,,,,,,,"Maison au calme de 224 m² situé à Toulouse. Proche de toutes commodités, transports et écoles. À visiter sans tarder. Travaux à prévoir.",,True,,,,,1890,,,,,,
4b0c74b6-1bf4-46e7-b356-377067016843,AN-K2LREOTF,REC-ZS4F1KCW,Maison,Maison au calme à Toulouse,Toulouse,31000,05/04/2026,352081,233,8,,,43.60697,1.464548,True,Luc Girard,0618744976,,287.17,,4,,True,,Century Habitat,True,https://exemple-images.test/AN-K2LREOTF/1.jpg; https://exemple-images.test/AN-K2LREOTF/2.jpg; https://exemple-images.test/AN-K2LREOTF/3.jpg,,1931,,,,,,
daa2344f-268c-4043-ad05-acb47f9ba98e,AN-CSWTB5T6,REC-ZS4F1KCW,Maison,Maison rénové à Toulouse,Toulouse,31000,30/12/2024,349976,169,7,,,43.645944,1.469818,,Ahmed Moreau,0266935703,,142.27,,,,,True,Provence Immobilier,False,https://exemple-images.test/AN-CSWTB5T6/1.jpg,,1974,,,,,,
96081cc8-c995-4e0c-8628-b6ff416a41de,AN-36X41O4I,REC-ZS4F1KCW,Maison,Maison au calme à Toulouse,Toulouse,31000,2026-03-19,326902,175,8,False,157 impasse des Lilas,43.610975,1.440816,True,Julie Dubois,0261803789,True,,2,5,"Maison lumineux de 175 m² situé à Toulouse. Proche de toutes commodités, transports et écoles. À visiter sans tarder.",True,True,,,,,,julie.dubois71@example.com,,,,,
74e4fb92-674b-4236-8942-ab059d87ec76,AN-1HFEEJHW,REC-ZS4F1KCW,Maison,Maison charmant à Toulouse,Toulouse,31000,23/01/2026,332522,183,6,True,65 rue Jean Jaurès,43.649525,1.394742,True,Karim Bernard,0188954275,,,0,,"Maison spacieux de 183 m² situé à Toulouse. Proche de toutes commodités, transports et écoles. À visiter sans tarder.",True,True,,False,,,,,,,,,
6ce0e89b-dabd-47ab-9303-849523d529fb,AN-O9652AVR,REC-ZS4F1KCW,Maison,Maison lumineux à Toulouse,Toulouse,31000,07/08/2025,286775 €,196,7,False,,,,True,Marie Girard,,,,5,,,True,True,,,https://exemple-images.test/AN-O9652AVR/1.jpg; https://exemple-images.test/AN-O9652AVR/2.jpg; https://exemple-images.test/AN-O9652AVR/3.jpg; https://exemple-images.test/AN-O9652AVR/4.jpg,D,2003,,,,,,
7a4ef4a0-39b8-4ed0-9743-8b3a6dc6982f,AN-5FYWAFH4,REC-ZS4F1KCW,Maison,Maison lumineux à Toulouse,Toulouse,31000,23 mai 2025,373901,267,6,False,45 allée des Platanes,43.574577,1.469817,True,,0201346724,True,,,,"Maison à rafraîchir de 267 m² situé à Toulouse. Proche de toutes commodités, transports et écoles. À visiter sans tarder.",True,True,Nid Doré,,,,,contact82@example.com,,,,,
3de842f5-0af1-45b0-9d12-3c9a71dc6e27,AN-ZVO23V1U,REC-ZS4F1KCW,Maison,Maison avec vue dégagée à Toulouse,Toulouse,31000,2024-11-23,244776,273,6,False,174 rue Pasteur,43.617591,1.416511,True,Ahmed Faure,,,,1,5,"Maison rénové de 273 m² situé à Toulouse. Proche de toutes commodités, transports et écoles. À visiter sans tarder.",True,,Toit & Vous,False,https://exemple-images.test/AN-ZVO23V1U/1.jpg; https://exemple-images.test/AN-ZVO23V1U/2.jpg,D,,ahmed.faure78@example.com,,,,,
fc8d8dcd-f36d-4665-ae9e-469b8615bed5,AN-RML3RE6B,REC-ZS4F1KCW,Maison,Maison à rafraîchir à Toulouse,Toulouse,31000,1780320550,209406,201,9,,,,,True,,0332061730,,,2,,"Maison atypique de 201 m² situé à Toulouse. Cave et parking inclus. Proche de toutes commodités, transports et écoles. À visiter sans tarder.",True,True,,True,,,1901,,,,,,
ff57ec64-4c8b-4749-8410-33b4b3d64ce9,AN-0J8QGM2J,REC-ZS4F1KCW,Maison,Maison à rafraîchir à Toulouse,Toulouse,31000,2025-08-12T16:46:10,319162,164,7,False,,,,True,,0022002477,,,4,2,"Maison lumineux de 164 m² situé à Toulouse. Proche de toutes commodités, transports et écoles. À visiter sans tarder.",True,True,Toit & Vous,False,,D,,,,,,,
94e44b01-5e78-4b85-a19e-1cdb57d7ef68,AN-9YUOZ627,REC-ZS4F1KCW,Maison,Maison spacieux à Toulouse,Toulouse,31000,24/04/2025,345548,273,7,,,43.616474,1.401925,True,,0085748728,,,,1,"Maison avec vue dégagée de 273 m² situé à Toulouse. Proche de toutes commodités, transports et écoles. À visiter sans tarder. Travaux à prévoir.",True,True,Toit & Vous,,,D,,contact99@example.com,,,,,
e7cf1b83-d7d6-47c3-a79e-3e33b815f25b,AN-JB09YWPK,REC-ZS4F1KCW,Maison,Maison avec vue dégagée à Toulouse,Toulouse,31000,1728500530,329758,170,9,,,,,True,Ahmed Girard,,,,0,,"Maison charmant de 170 m² situé à Toulouse. Proche de toutes commodités, transports et écoles. À visiter sans tarder. Travaux à prévoir.",,True,,False,https://exemple-images.test/AN-JB09YWPK/1.jpg; https://exemple-images.test/AN-JB09YWPK/2.jpg; https://exemple-images.test/AN-JB09YWPK/3.jpg; https://exemple-images.test/AN-JB09YWPK/4.jpg,,,ahmed.girard72@example.com,,,,,
bfc5a661-deb6-4f29-ba1e-66e8c4fbfbcd,AN-HCEJNRSQ,REC-ZS4F1KCW,Maison,Maison lumineux à Toulouse,Toulouse,31000,25/11/2025,329828,151,10,False,,,,True,Jean Moreau,0884843787,,,5,2,"Maison à rafraîchir de 151 m² situé à Toulouse. Proche de toutes commodités, transports et écoles. À visiter sans tarder.",True,True,,,,,1962,,,,,,
66d66f70-2cec-4523-b6ad-ad861b50fad0,AN-AX38KCSL,REC-ZS4F1KCW,Maison,Maison en excellent état à Toulouse,Toulouse,31000,2024-11-16T07:44:10,291061,194,9,,138 rue du Commerce,,,True,Karim Roche,0986238146,,,,,"Maison à rafraîchir de 194 m² situé à Toulouse. Proche de toutes commodités, transports et écoles. À visiter sans tarder. Travaux à prévoir.",True,True,,False,https://exemple-images.test/AN-AX38KCSL/1.jpg; https://exemple-images.test/AN-AX38KCSL/2.jpg,,1928,,,,,,
2864afc2-1ae9-4824-b071-959bd02ad50d,AN-AH842AG4,REC-ZS4F1KCW,Maison,Maison de standing à Toulouse,Toulouse,31000,1769777950,310900,244,8,True,,43.55634,1.435718,True,Sophie Roche,0923655505,True,,,3,"Maison à rafraîchir de 244 m² situé à Toulouse. Proche de toutes commodités, transports et écoles. À visiter sans tarder. Travaux à prévoir.",True,True,,,,C,,,,,,,
86e03262-99c0-4776-85b9-f152e305cb7c,AN-RZ61LUOY,REC-ZS4F1KCW,Maison,Maison au calme à Toulouse,Toulouse,31000,06-06-2025,354151,166,6,,45 place de la Mairie,,,True,Ahmed Lefevre,,,,,,"Maison spacieux de 166 m² situé à Toulouse. Cave et parking inclus. Proche de toutes commodités, transports et écoles. À visiter sans tarder.",True,True,Provence Immobilier,,https://exemple-images.test/AN-RZ61LUOY/1.jpg; https://exemple-images.test/AN-RZ61LUOY/2.jpg; https://exemple-images.test/AN-RZ61LUOY/3.jpg; https://exemple-images.test/AN-RZ61LUOY/4.jpg; https://exemple-images.test/AN-RZ61LUOY/5.jpg,G,,ahmed.lefevre40@example.com,,,,,
90e09d6f-b4ef-4cd8-92ca-c8a32a67bca5,AN-BYNPKN4V,REC-ZS4F1KCW,Maison,Maison spacieux à Toulouse,Toulouse,31000,30 septembre 2025,284753,296,9,,19 rue de la République,43.566865,1.4352,True,Jean Martin,,,,4,,"Maison rénové de 296 m² situé à Toulouse. Proche de toutes commodités, transports et écoles. À visiter sans tarder.",True,True,,,https://exemple-images.test/AN-BYNPKN4V/1.jpg; https://exemple-images.test/AN-BYNPKN4V/2.jpg; https://exemple-images.test/AN-BYNPKN4V/3.jpg,,1853,,,,,,
cbfeec96-0763-486f-954e-36cc45081d00,AN-91OGYIUF,REC-ZS4F1KCW,Maison,Maison en excellent état à Toulouse,Toulouse,31000,02-03-2025,255708,154,10,,187 rue de la République,,,True,Julie Roche,0740254805,True,,,2,"Maison à rafraîchir de 154 m² situé à Toulouse. Proche de toutes commodités, transports et écoles. À visiter sans tarder.",True,,,,,,1903,julie.roche93@example.com,,,,,
7d8039a9-24c5-442c-bca2-35a3474ab501,AN-F4J0VE2L,REC-ZS4F1KCW,Maison,Maison en excellent état à Toulouse,Toulouse,31000,1747500790,259166,255,9,,,,,,,0857955656,True,,1,1,"Maison atypique de 255 m² situé à Toulouse. Proche de toutes commodités, transports et écoles. À visiter sans tarder.",True,True,,,,,,contact15@example.com,,,,,
f9eabfaf-e22c-4ddd-913b-c7fdf1661a4e,AN-DV18E1MJ,REC-ZS4F1KCW,Maison,Maison à rafraîchir à Toulouse,Toulouse,31000,1759950070,271267,236,6,,123 avenue des Champs,,,True,Sophie Fontaine,,True,292.16,,2,,True,True,Century Habitat,,,,1980,sophie.fontaine58@example.com,,,,,
4e4b6a29-c05f-4cd7-9b0f-c01eafed4295,AN-80OPN7JX,REC-ZS4F1KCW,Maison,Maison avec vue dégagée à Toulouse,Toulouse,31000,1772585590,213945,279,10,,59 place de la Mairie,43.570993,1.485085,True,Claire Martin,0911994913,True,122.65,,,,,True,,,,G,1940,,,,,,
59b89de4-7727-4499-a91e-e834a95ee5a9,AN-2DNBN2FW,REC-ZS4F1KCW,Maison,Maison à rafraîchir à Toulouse,Toulouse,31000,2025-05-22T02:30:10,371263,198,6,True,9 rue Jean Jaurès,43.629428,1.405758,True,Julie Roche,0409236140,,,,,"Maison charmant de 198 m² situé à Toulouse. Proche de toutes commodités, transports et écoles. À visiter sans tarder. Travaux à prévoir.",True,True,Nid Doré,,,D,,julie.roche4@example.com,,,,,
d4892daa-8e78-4180-a512-cec9c1ce5d22,AN-903IVL59,REC-ZS4F1KCW,Maison,Maison à rafraîchir à Toulouse,Toulouse,31000,21 août 2026,234739,264,8,True,55 rue de la République,,,True,Marc Girard,,,,,,"Maison à rafraîchir de 264 m² situé à Toulouse. Proche de toutes commodités, transports et écoles. À visiter sans tarder. Travaux à prévoir.",True,True,Clé en Main Immo,False,https://exemple-images.test/AN-903IVL59/1.jpg; https://exemple-images.test/AN-903IVL59/2.jpg,F,,,,,,,
c620ab41-888a-4ee0-ae87-858bd6475d08,AN-BMVZA7CN,REC-ZS4F1KCW,Maison,Maison en excellent état à Toulouse,Toulouse,31000,2025-06-01T09:15:10,225569,203,8,False,,43.579655,1.413899,True,,,,,,,,True,True,,False,,,1952,contact99@example.com,,,,,
2bfa41c7-8130-4ed5-93b3-30261cfbb5fd,AN-CV9U6IVT,REC-ZS4F1KCW,Maison,Maison au calme à Toulouse,Toulouse,31000,03-04-2025,285003,226,7,,144 allée des Platanes,,,True,Julie Perrin,,,,1,RDC,"Maison de standing de 226 m² situé à Toulouse. Proche de toutes commodités, transports et écoles. À visiter sans tarder.",True,True,Century Habitat,,,,,,,,,,
7f907ec1-61ca-4f0b-afc9-8665693101d9,AN-MICQ5QL2,REC-ZS4F1KCW,Maison,Maison atypique à Toulouse,Toulouse,31000,1761269530,366702,161,7,False,10 quai de la Loire,43.640282,1.437753,True,,0136190572,,,5,,,True,True,Provence Immobilier,,,,,contact97@example.com,,,,,
81298bfa-3fb4-4615-bd22-0299c7c3e9fd,AN-21E6FB5K,REC-ZS4F1KCW,Maison,Maison spacieux à Toulouse,Toulouse,31000,30/12/2025,246592,208,7,,136 rue de la République,,,True,,,,,1,0,"Maison en excellent état de 208 m² situé à Toulouse. Proche de toutes commodités, transports et écoles. À visiter sans tarder.",True,,Clé en Main Immo,,,,,contact15@example.com,,,,,
9d6c8249-b654-4fc9-b65d-9a69ed599260,AN-8L9Y5EOQ,REC-ZS4F1KCW,Maison,Maison de standing à Toulouse,Toulouse,31000,2025-10-15T07:53:10,248408,189,9,False,195 impasse des Lilas,43.652567,1.471182,True,Jean Martin,0979813418,,,,0,,True,True,,True,https://exemple-images.test/AN-8L9Y5EOQ/1.jpg; https://exemple-images.test/AN-8L9Y5EOQ/2.jpg,,1857,jean.martin49@example.com,,,,,
210a3ace-016b-44eb-8796-52579ee13f19,AN-T35HLJ6Q,REC-ZS4F1KCW,Maison,Maison lumineux à Toulouse,Toulouse,31000,1 janvier 2026,299750,154,9,,104 allée des Platanes,,,True,Luc Martin,0447800991,,,1,,"Maison rénové de 154 m² situé à Toulouse. Cave et parking inclus. Proche de toutes commodités, transports et écoles. À visiter sans tarder. Travaux à prévoir.",True,True,,,https://exemple-images.test/AN-T35HLJ6Q/1.jpg; https://exemple-images.test/AN-T35HLJ6Q/2.jpg; https://exemple-images.test/AN-T35HLJ6Q/3.jpg; https://exemple-images.test/AN-T35HLJ6Q/4.jpg,,,luc.martin51@example.com,,,,,
c79ce861-05f7-43d0-831c-dc0ee7131184,AN-T08LPOOJ,REC-ZS4F1KCW,Maison,Maison à rafraîchir à Toulouse,Toulouse,31000,2025-11-05,361680,224,10,,,,,True,Ahmed Perrin,0360935743,True,,5,,"Maison atypique de 224 m² situé à Toulouse. Proche de toutes commodités, transports et écoles. À visiter sans tarder. Travaux à prévoir.",True,True,Nid Doré,,,,,ahmed.perrin72@example.com,,,,,
d2bfa2cb-30cb-42eb-bd7d-4d2f786632a3,AN-58T11X91,REC-ZS4F1KCW,Maison,Maison en excellent état à Toulouse,Toulouse,31000,2026-06-02,252460,294,9,,,43.637721,1.459761,True,Sophie Bernard,,,,5,,"Maison au calme de 294 m² situé à Toulouse. Proche de toutes commodités, transports et écoles. À visiter sans tarder.",True,True,,False,https://exemple-images.test/AN-58T11X91/1.jpg; https://exemple-images.test/AN-58T11X91/2.jpg; https://exemple-images.test/AN-58T11X91/3.jpg,,,sophie.bernard4@example.com,,,,,
398fac93-d6a3-42f4-bfb2-c87b5db3fc29,AN-2ALP26E3,REC-ZS4F1KCW,Maison,Maison atypique à Toulouse,Toulouse,31000,11-28-2025,284314,205,6,,,43.578984,1.418642,True,,,,363.71,1,,"Maison rénové de 205 m² situé à Toulouse. Proche de toutes commodités, transports et écoles. À visiter sans tarder.",True,True,,False,,,,contact41@example.com,,,,,
00061cb1-1704-4d49-a025-b52c81cda94a,AN-HZTB444C,REC-ZS4F1KCW,Maison,Maison atypique à Toulouse,Toulouse,31000,31/10/2024,228319 €,189,10,False,189 rue du Commerce,43.560272,1.400843,True,Jean Faure,,,,3,,"Maison spacieux de 189 m² situé à Toulouse. Proche de toutes commodités, transports et écoles. À visiter sans tarder.",True,True,,True,,,,,,,,,
b55385d0-c2c3-43bc-8f6f-83ace86bf28b,AN-HJUKNIY9,REC-ZS4F1KCW,Maison,Maison lumineux à Toulouse,Toulouse,31000,2025-06-06T18:19:10,319496 €,174,10,,1 rue Pasteur,,,True,Sophie Perrin,,,,2,,"Maison au calme de 174 m² situé à Toulouse. Cave et parking inclus. Proche de toutes commodités, transports et écoles. À visiter sans tarder.",,,,,,C,,,,,,,
d22d75c2-2c74-4c6e-836b-54325780791e,AN-HLZKQQJP,REC-ZS4F1KCW,Maison,Maison au calme à Toulouse,Toulouse,31000,2024-12-11T09:36:10,396996,220,9,,,43.615209,1.462514,True,Claire Bernard,0137686745,True,,,,,True,True,,,,,1940,,,,,,
52bdc878-437b-43d7-b1de-1eb0226f9218,AN-SKD67PSS,REC-ZS4F1KCW,Maison,Maison spacieux à Toulouse,Toulouse,31000,1744260250,333134,159,8,,,43.637329,1.417726,True,,0271840767,,,,,"Maison rénové de 159 m² situé à Toulouse. Cave et parking inclus. Proche de toutes commodités, transports et écoles. À visiter sans tarder.",True,True,Nid Doré,False,https://exemple-images.test/AN-SKD67PSS/1.jpg; https://exemple-images.test/AN-SKD67PSS/2.jpg,,,contact11@example.com,,,,,
0771a77b-067b-4cfb-b1d3-6de68ef1ac39,AN-GTEIPK5C,REC-ZS4F1KCW,Maison,Maison en excellent état à Toulouse,Toulouse,31000,2025-12-26T21:25:10,316555 €,164,8,,94 boulevard Gambetta,43.641229,1.434241,True,Ahmed Martin,,True,145.85,,,"Maison au calme de 164 m² situé à Toulouse. Proche de toutes commodités, transports et écoles. À visiter sans tarder.",True,True,,,https://exemple-images.test/AN-GTEIPK5C/1.jpg,,1911,,,,,,
8f12be77-3dce-4f15-a92e-565955897c38,AN-F9BZN9MZ,REC-ZS4F1KCW,Maison,Maison charmant à Toulouse,Toulouse,31000,4 novembre 2024,369529,255,9,,163 rue de la République,,,True,Nadia Martin,0563303665,,,,3,,True,True,,False,,,1996,,,,,,
c5631b08-99fb-4855-bf6b-ac9faee0fa83,AN-BEXV82X7,REC-ZS4F1KCW,Maison,Maison atypique à Toulouse,Toulouse,31000,2025-02-22,212761,194,8,False,,43.594152,1.487813,True,Claire Roche,,,,,,"Maison charmant de 194 m² situé à Toulouse. Proche de toutes commodités, transports et écoles. À visiter sans tarder.",True,True,Toit & Vous,,,,,claire.roche66@example.com,,,,,
fb5407a1-7c42-4a54-ba9d-df2fa83a68ed,AN-7CPK67DJ,REC-ZS4F1KCW,Maison,Maison à rafraîchir à Toulouse,Toulouse,31000,1763427730,287653,188,8,True,137 impasse des Lilas,43.613076,1.491878,True,,,,,,,"Maison au calme de 188 m² situé à Toulouse. Proche de toutes commodités, transports et écoles. À visiter sans tarder. Travaux à prévoir.",,True,Toit & Vous,True,,,,contact44@example.com,,,,,
42c09986-1844-48d6-8bdc-a298bad3b5d8,AN-VGN4T2QZ,REC-ZS4F1KCW,Maison,Maison en excellent état à Toulouse,Toulouse,31000,2024-09-25,281841 €,229,7,,,,,True,Karim Roche,,,,,,,True,,Toit & Vous,True,,,,karim.roche63@example.com,,,,,
a2367897-b2ef-4d76-abc5-137ce3ca245e,AN-IKS2ZB6N,REC-ZS4F1KCW,Maison,Maison atypique à Toulouse,Toulouse,31000,2026-06-17T07:08:10,300593,256,10,,,,,True,,0624322156,,,,2,"Maison spacieux de 256 m² situé à Toulouse. Proche de toutes commodités, transports et écoles. À visiter sans tarder. Travaux à prévoir.",True,True,,,,,,,,,,,
0432509c-b198-4066-b1b3-3240b587e9c7,AN-FLSGQ5TH,REC-ZS4F1KCW,Maison,Maison au calme à Toulouse,Toulouse,31000,2026-03-16T02:26:10,264095,245,7,True,150 quai de la Loire,43.579792,1.443151,True,Nadia Fontaine,,,,,,"Maison au calme de 245 m² situé à Toulouse. Cave et parking inclus. Proche de toutes commodités, transports et écoles. À visiter sans tarder. Travaux à prévoir.",,True,Provence Immobilier,,,,,,,,,,
94c08f0c-5794-4cc3-8607-ff17ff5e8b72,AN-8HDJWGJJ,REC-ZS4F1KCW,Maison,Maison en excellent état à Toulouse,Toulouse,31000,2025-02-06,359933,172,9,,101 place de la Mairie,43.63561,1.436759,True,,0694027227,,111.78,,,"Maison en excellent état de 172 m² situé à Toulouse. Cave et parking inclus. Proche de toutes commodités, transports et écoles. À visiter sans tarder.",True,True,Toit & Vous,,,,1952,,,,,,
8b634f28-c565-47d0-81fe-15810d86ad30,AN-4A5NODKZ,REC-ZS4F1KCW,Maison,Maison à rafraîchir à Toulouse,Toulouse,31000,04/03/2025,279111,270,8,,139 rue Victor Hugo,,,,Marc Girard,0423163763,True,,,,"Maison rénové de 270 m² situé à Toulouse. Cave et parking inclus. Proche de toutes commodités, transports et écoles. À visiter sans tarder.",True,,Clé en Main Immo,,,,,,,,,,
544ea9b7-fd00-456d-9c72-ddbff2ab0b85,AN-84TKDQ7C,REC-ZS4F1KCW,Maison,Maison charmant à Toulouse,Toulouse,31000,2025-09-27,272807,,6,,,,,True,,,True,,,5,,True,True,Provence Immobilier,,,,,,196,,,,
91bc61f8-6363-4d8b-8455-711a8baa169f,AN-0VPW4AP0,REC-ZS4F1KCW,Maison,Maison à rafraîchir à Toulouse,Toulouse,31000,1765786930,333574 €,256,10,,,,,True,Marie Fontaine,0488304751,,,,,"Maison rénové de 256 m² situé à Toulouse. Cave et parking inclus. Proche de toutes commodités, transports et écoles. À visiter sans tarder.",True,True,Century Habitat,False,,,,,,,,,
a9f0b73d-b417-4a60-acaf-1ae0f30487a5,AN-TYOQUX6V,REC-ZS4F1KCW,Maison,Maison avec vue dégagée à Toulouse,Toulouse,31000,2026-07-11T20:16:10,285656,,7,,14 avenue des Champs,,,True,Sophie Girard,,,,,,"Maison en excellent état de 157 m² situé à Toulouse. Proche de toutes commodités, transports et écoles. À visiter sans tarder.",,True,Nid Doré,False,,,,,157,,,,
c191107d-85eb-4614-9ca3-45e198da4c28,AN-T5STDI0N,REC-ZS4F1KCW,Maison,Maison avec vue dégagée à Toulouse,Toulouse,31000,20 avril 2026,241680,200,7,,129 impasse des Lilas,43.644285,1.447475,True,Nadia Girard,0442485060,,,1,,,,,,,,C,,,,,,,
a3729179-7a0b-419e-8b53-f6af89877d25,AN-900PAKSN,REC-ZS4F1KCW,Maison,Maison lumineux à Toulouse,Toulouse,31000,2024-11-17T07:04:10,210120,210,6,False,150 quai de la Loire,,,True,Marie Lefevre,,,,,5,"Maison lumineux de 210 m² situé à Toulouse. Proche de toutes commodités, transports et écoles. À visiter sans tarder.",,,ImmoPlus,True,https://exemple-images.test/AN-900PAKSN/1.jpg; https://exemple-images.test/AN-900PAKSN/2.jpg; https://exemple-images.test/AN-900PAKSN/3.jpg,A,2010,marie.lefevre26@example.com,,,,,
ec5385f7-3726-43f9-8b5c-859c1eff5f44,AN-V8HB0NK2,REC-ZS4F1KCW,Maison,Maison au calme à Toulouse,Toulouse,31000,2025-05-08,389424 €,289,6,,8 rue Jean Jaurès,,,True,,0980967355,,204.81,3,,,True,True,Clé en Main Immo,,https://exemple-images.test/AN-V8HB0NK2/1.jpg,,,,,,,,
9bdbf611-aba1-4b93-89ea-91ec7845ce9e,AN-QVOUHZCT,REC-ZS4F1KCW,Maison,Maison à rafraîchir à Toulouse,Toulouse,31000,30/11/2024,358794,283,8,,186 chemin des Vignes,43.570444,1.401465,True,Ahmed Fontaine,0762059712,,,,,"Maison avec vue dégagée de 283 m² situé à Toulouse. Proche de toutes commodités, transports et écoles. À visiter sans tarder.",True,True,,True,https://exemple-images.test/AN-QVOUHZCT/1.jpg; https://exemple-images.test/AN-QVOUHZCT/2.jpg; https://exemple-images.test/AN-QVOUHZCT/3.jpg,,,,,,,,
1af60500-b18a-4450-84ac-72657783ff7e,AN-3XUE2MJE,REC-ZS4F1KCW,Maison,Maison charmant à Toulouse,Toulouse,31000,9 février 2025,291136,226,7,,,43.617811,1.443729,True,Marc Roche,0691943007,,,3,,,True,True,ImmoPlus,,,D,,marc.roche51@example.com,,,,,
05ded060-249f-4f4b-9265-0f94dcc4c1da,AN-5KUVLWFJ,REC-ZS4F1KCW,Maison,Maison au calme à Toulouse,Toulouse,31000,12/08/2026,292933,224,8,,47 impasse des Lilas,,,,Luc Faure,,,,,1,"Maison à rafraîchir de 224 m² situé à Toulouse. Proche de toutes commodités, transports et écoles. À visiter sans tarder.",True,True,,True,,D,,luc.faure61@example.com,,,,,
79e4746d-e70e-4a7d-af92-0653d0774e9d,AN-AP40RNHB,REC-ZS4F1KCW,Maison,Maison au calme à Toulouse,Toulouse,31000,26 avril 2025,209478,253,9,,129 rue du Commerce,,,True,Sophie Perrin,0262848742,,,,,"Maison rénové de 253 m² situé à Toulouse. Proche de toutes commodités, transports et écoles. À visiter sans tarder.",True,True,,False,,,1998,sophie.perrin59@example.com,,,,,
e48e9d79-64a9-4483-a1ee-3032269873bb,AN-X7L21F7J,REC-ZS4F1KCW,Maison,Maison atypique à Toulouse,Toulouse,31000,1750370410,294834,232,10,,164 allée des Platanes,43.624272,1.492107,True,,0026391730,True,,4,dernier étage,"Maison rénové de 232 m² situé à Toulouse. Proche de toutes commodités, transports et écoles. À visiter sans tarder.",True,True,,,,,,contact13@example.com,,,,,
d5440082-b38e-4050-afee-3f182d2c6b3d,AN-HKPMNFZN,REC-ZS4F1KCW,Maison,Maison lumineux à Toulouse,Toulouse,31000,16 février 2025,357571,257,7,,12 quai de la Loire,43.625371,1.469909,True,,,,,4,2,"Maison charmant de 257 m² situé à Toulouse. Proche de toutes commodités, transports et écoles. À visiter sans tarder.",True,True,,False,,,,,,,,,
4c04b7b3-b795-47d3-823a-bff71d9028d6,AN-XRWCOUBS,REC-ZS4F1KCW,Maison,Maison spacieux à Toulouse,Toulouse,31000,2025-10-11T04:25:10,330514,202,10,,164 impasse des Lilas,,,True,Luc Moreau,0892045565,,,,,"Maison rénové de 202 m² situé à Toulouse. Proche de toutes commodités, transports et écoles. À visiter sans tarder.",,,,,,,1993,luc.moreau3@example.com,,,,,
04a8108e-d3f8-4b59-adf2-c9741ad880ad,AN-2F9HO7L8,REC-ZS4F1KCW,Maison,Maison avec vue dégagée à Toulouse,Toulouse,31000,13 avril 2026,325030,241,8,,,,,,,0825467183,,220.29,,,,True,True,,True,https://exemple-images.test/AN-2F9HO7L8/1.jpg; https://exemple-images.test/AN-2F9HO7L8/2.jpg; https://exemple-images.test/AN-2F9HO7L8/3.jpg; https://exemple-images.test/AN-2F9HO7L8/4.jpg; https://exemple-images.test/AN-2F9HO7L8/5.jpg,,,contact7@example.com,,,,,
07e7fe6e-0502-4a03-b187-8132226dc312,AN-OXO8R7MB,REC-ZS4F1KCW,Maison,Maison à rafraîchir à Toulouse,Toulouse,31000,22/06/2026,323815,282,9,,,43.556777,1.457811,True,Ahmed Perrin,0773701717,,,,,"Maison lumineux de 282 m² situé à Toulouse. Proche de toutes commodités, transports et écoles. À visiter sans tarder.",True,,,,,,,ahmed.perrin47@example.com,,,,,
133cb3af-f41f-45ee-882e-69e6b215a800,AN-QYJXRGF9,REC-ZS4F1KCW,Maison,Maison spacieux à Toulouse,Toulouse,31000,16 avril 2026,248151,236,8,False,,43.648055,1.448936,True,Marie Lefevre,,,,,,"Maison lumineux de 236 m² situé à Toulouse. Proche de toutes commodités, transports et écoles. À visiter sans tarder.",True,,Provence Immobilier,,,,1908,marie.lefevre79@example.com,,,,,
0eccb1eb-33ee-487c-be46-c264f64b3051,AN-LU1P8N4C,REC-ZS4F1KCW,Maison,Maison spacieux à Toulouse,Toulouse,31000,16 avril 2025,277546,180,6,,80 allée des Platanes,,,True,Claire Girard,0886743497,,,4,3,"Maison au calme de 180 m² situé à Toulouse. Proche de toutes commodités, transports et écoles. À visiter sans tarder. Travaux à prévoir.",True,True,,False,https://exemple-images.test/AN-LU1P8N4C/1.jpg; https://exemple-images.test/AN-LU1P8N4C/2.jpg; https://exemple-images.test/AN-LU1P8N4C/3.jpg; https://exemple-images.test/AN-LU1P8N4C/4.jpg,,,,,,,,
54ba416a-2fd3-4d85-8fbb-737117573a5f,AN-ASJNKWA0,REC-ZS4F1KCW,Maison,Maison avec vue dégagée à Toulouse,Toulouse,31000,30 décembre 2025,339916,236,9,,,43.563108,1.490889,,,,,,0,RDC,"Maison avec vue dégagée de 236 m² situé à Toulouse. Proche de toutes commodités, transports et écoles. À visiter sans tarder.",,True,,True,,,,contact41@example.com,,,,,
cbc36d55-af8d-4b42-9bba-31938c44fbc4,AN-HVTA5AM5,REC-ZS4F1KCW,Maison,Maison avec vue dégagée à Toulouse,Toulouse,31000,20 décembre 2024,364760,234,9,,,43.628163,1.443707,True,Nadia Lefevre,0910196444,,157.79,3,RDC,,True,True,Century Habitat,True,,,,,,,,,
bbd7e1a7-5424-4119-a477-909caaed4ed4,AN-XS0BXTRH,REC-ZS4F1KCW,Maison,Maison atypique à Toulouse,Toulouse,31000,1768161310,352722,179,7,False,,43.632965,1.404352,,Sophie Roche,0556907184,,,,2,"Maison en excellent état de 179 m² situé à Toulouse. Cave et parking inclus. Proche de toutes commodités, transports et écoles. À visiter sans tarder.",True,True,,True,,D,,,,,,,
d6142d5d-8dad-4389-8940-aaf54c3692ea,AN-CE9KQI84,REC-ZS4F1KCW,Maison,Maison rénové à Toulouse,Toulouse,31000,2024-11-28,393650,179,8,,,43.637956,1.418461,True,Karim Dubois,0456511230,,,,,"Maison en excellent état de 179 m² situé à Toulouse. Proche de toutes commodités, transports et écoles. À visiter sans tarder. Travaux à prévoir.",True,True,,,,,1863,karim.dubois51@example.com,,,,,
1b786ba4-c563-4011-8c85-6d70eef3e496,AN-E6ZFTOVM,REC-ZS4F1KCW,Maison,Maison au calme à Toulouse,Toulouse,31000,17 décembre 2025,269446,275,8,,,,,True,Karim Roche,,,,1,,"Maison charmant de 275 m² situé à Toulouse. Cave et parking inclus. Proche de toutes commodités, transports et écoles. À visiter sans tarder.",,,,True,https://exemple-images.test/AN-E6ZFTOVM/1.jpg; https://exemple-images.test/AN-E6ZFTOVM/2.jpg; https://exemple-images.test/AN-E6ZFTOVM/3.jpg; https://exemple-images.test/AN-E6ZFTOVM/4.jpg; https://exemple-images.test/AN-E6ZFTOVM/5.jpg,,1874,,,,,,
1047a76e-998d-40e1-8d89-2bec5224122b,AN-0MSXDCIO,REC-ZS4F1KCW,Maison,Maison lumineux à Toulouse,Toulouse,31000,2025-04-11T05:00:10,258041,170,6,,128 rue Victor Hugo,43.6,1.431504,True,,0221031923,,100.07,,3,,True,,,,,,1925,contact85@example.com,,,,,
4ba44492-68c4-4893-9c6f-1b933051b434,AN-PL84JQ4N,REC-ZS4F1KCW,Maison,Maison charmant à Toulouse,Toulouse,31000,2026-05-06,209583,220,8,,184 rue du Commerce,43.558878,1.457074,True,,,True,209.53,3,3,,True,True,Clé en Main Immo,,,E,,,,,,,
73c6784c-9108-47ff-95a0-d13d3550edb6,AN-98QS4E6L,REC-ZS4F1KCW,Maison,Maison à rafraîchir à Toulouse,Toulouse,31000,2025-07-05,294636,155,6,,,,,True,Nadia Dubois,0812615957,,,3,,"Maison spacieux de 155 m² situé à Toulouse. Cave et parking inclus. Proche de toutes commodités, transports et écoles. À visiter sans tarder.",True,True,,,,,,nadia.dubois20@example.com,,,,,
f2e74a2c-d702-40b2-bc59-02f0e51a3631,AN-UPZ03O91,REC-ZS4F1KCW,Maison,Maison charmant à Toulouse,Toulouse,31000,20/04/2025,381234,161,9,,,43.648402,1.440732,True,Karim Fontaine,0855327488,,,,2,"Maison rénové de 161 m² situé à Toulouse. Proche de toutes commodités, transports et écoles. À visiter sans tarder.",,True,,True,,G,,karim.fontaine58@example.com,,,,,
ccbeaeba-a27d-4957-9a3f-c0a49da09969,AN-LOIZ2L18,REC-ZS4F1KCW,Maison,Maison spacieux à Toulouse,Toulouse,31000,2025-03-24T00:01:10,355532 €,186,9,,86 avenue des Champs,43.594698,1.447114,True,Ahmed Faure,0104412969,True,,1,,"Maison atypique de 186 m² situé à Toulouse. Proche de toutes commodités, transports et écoles. À visiter sans tarder.",,True,,,https://exemple-images.test/AN-LOIZ2L18/1.jpg; https://exemple-images.test/AN-LOIZ2L18/2.jpg; https://exemple-images.test/AN-LOIZ2L18/3.jpg,B,,,,,,,
095f5167-4f48-432c-b8d8-33cfd66560d5,AN-BWCXB7HZ,REC-ZS4F1KCW,Maison,Maison rénové à Toulouse,Toulouse,31000,03-14-2025,296444,194,6,,200 rue Pasteur,,,True,,0580584294,,320.01,,2,,True,True,,,,,,,,,,,
59952313-8fdd-412e-b709-2f1d2e831abb,AN-5TMR7C6D,REC-ZS4F1KCW,Maison,Maison lumineux à Toulouse,Toulouse,31000,3 janvier 2026,351381,225,6,,,,,,,,,,,,"Maison au calme de 225 m² situé à Toulouse. Cave et parking inclus. Proche de toutes commodités, transports et écoles. À visiter sans tarder.",True,True,,,,,2022,,,,,,
7d77dce6-d239-4dc2-8599-a914ca6dc34b,AN-ER27J8RO,REC-ZS4F1KCW,Maison,Maison de standing à Toulouse,Toulouse,31000,23 juin 2026,360667,264,8,,,43.60159,1.430454,True,Claire Moreau,0454067870,True,,,,"Maison lumineux de 264 m² situé à Toulouse. Proche de toutes commodités, transports et écoles. À visiter sans tarder.",,True,Nid Doré,,,,1881,claire.moreau29@example.com,,,,,
80fb5a4c-7f7a-4816-aa63-b38c2c21d224,AN-1JFZOJUC,REC-ZS4F1KCW,Maison,Maison spacieux à Toulouse,Toulouse,31000,1727581450,383322,281,9,,,,,True,,,,345.36,1,,"Maison à rafraîchir de 281 m² situé à Toulouse. Cave et parking inclus. Proche de toutes commodités, transports et écoles. À visiter sans tarder.",True,True,,,,,1968,,,,,,
26d6a8d0-5cda-46fd-9767-cf1ee2bd673e,AN-XY8SVUSD,REC-ZS4F1KCW,Maison,Maison au calme à Toulouse,Toulouse,31000,15 avril 2025,372290,148,10,,51 impasse des Lilas,43.599279,1.399617,True,Claire Faure,,,,4,RDC,"Maison de standing de 148 m² situé à Toulouse. Proche de toutes commodités, transports et écoles. À visiter sans tarder.",True,True,,,,F,1874,,,,,,
688278af-a0dd-4b0a-ba3b-0169ae9eff08,AN-6FPZTM6J,REC-ZS4F1KCW,Maison,Maison spacieux à Toulouse,Toulouse,31000,05-03-2025,238082,208,10,True,142 rue Pasteur,,,True,,0788171080,,,,RDC,"Maison charmant de 208 m² situé à Toulouse. Proche de toutes commodités, transports et écoles. À visiter sans tarder.",True,True,Nid Doré,,,,1874,contact15@example.com,,,,,
e177579e-398c-4412-98fd-91527bd81b56,AN-AUFYC73Q,REC-ZS4F1KCW,Maison,Maison au calme à Toulouse,Toulouse,31000,2026-03-05,225785,,7,,101 rue Jean Jaurès,,,,,0391995848,,,3,,,True,,,True,https://exemple-images.test/AN-AUFYC73Q/1.jpg; https://exemple-images.test/AN-AUFYC73Q/2.jpg; https://exemple-images.test/AN-AUFYC73Q/3.jpg; https://exemple-images.test/AN-AUFYC73Q/4.jpg,,1975,contact74@example.com,233,,,,
5105c9c5-e12f-4775-9d20-e8bcdc7f5404,AN-AODOF10T,REC-ZS4F1KCW,Maison,Maison spacieux à Toulouse,Toulouse,31000,2025-11-09,323566,160,10,,,43.555772,1.492652,True,Marc Roche,0771653559,,336.55,1,2,,True,True,,,,G,,marc.roche78@example.com,,,,,
52720fc1-7a8f-44c1-aeb6-8440cac90ea2,AN-T36TWJ00,REC-ZS4F1KCW,Maison,Maison atypique à Toulouse,Toulouse,31000,13 mai 2025,368448,,7,,,,,True,Marie Perrin,0835785065,,,4,3,"Maison atypique de 247 m² situé à Toulouse. Proche de toutes commodités, transports et écoles. À visiter sans tarder. Travaux à prévoir.",,True,Provence Immobilier,False,,,,,247,,,,
e2ea7e88-cb14-4df6-a6a0-716ee4217c83,AN-42KDX6LG,REC-ZS4F1KCW,Maison,Maison lumineux à Toulouse,Toulouse,31000,2024-09-11T15:26:10,234897,278,6,True,,43.602786,1.470535,True,Karim Lefevre,,,123.53,4,,,,True,,,,C,,,,,,,
0d60bf07-dad0-437d-be72-17ddcf0201ee,AN-3FA2Q4PC,REC-ZS4F1KCW,Maison,Maison de standing à Toulouse,Toulouse,31000,30/10/2024,278777,221,9,False,,,,True,Karim Faure,0869368602,,,2,2,"Maison avec vue dégagée de 221 m² situé à Toulouse. Proche de toutes commodités, transports et écoles. À visiter sans tarder.",,True,,,,C,1937,karim.faure7@example.com,,,,,
7a628c94-19fb-4d72-8dc6-b802d3bbf1ac,AN-LF671ELB,REC-ZS4F1KCW,Maison,Maison avec vue dégagée à Toulouse,Toulouse,31000,30 octobre 2025,286910,246,10,,32 rue Victor Hugo,43.573073,1.478116,True,Marie Faure,,,,,,"Maison en excellent état de 246 m² situé à Toulouse. Proche de toutes commodités, transports et écoles. À visiter sans tarder.",True,True,,,https://exemple-images.test/AN-LF671ELB/1.jpg; https://exemple-images.test/AN-LF671ELB/2.jpg; https://exemple-images.test/AN-LF671ELB/3.jpg; https://exemple-images.test/AN-LF671ELB/4.jpg,,1945,,,,,,
2c4cc384-de39-4a70-a44a-154b8d00f936,AN-N4UL0G1O,REC-ZS4F1KCW,Maison,Maison spacieux à Toulouse,Toulouse,31000,2026-06-01,240379,,10,,150 rue Victor Hugo,43.618409,1.404534,True,Luc Roche,0231755247,True,,,,"Maison atypique de 154 m² situé à Toulouse. Cave et parking inclus. Proche de toutes commodités, transports et écoles. À visiter sans tarder.",,True,,,https://exemple-images.test/AN-N4UL0G1O/1.jpg,,,,154,,,,
733e8424-f03a-41a0-833b-e491c3f0f781,AN-LMB5WU4Z,REC-ZS4F1KCW,Maison,Maison de standing à Toulouse,Toulouse,31000,2026-03-19,217277,188,8,,,,,True,,,,313.29,,,"Maison en excellent état de 188 m² situé à Toulouse. Proche de toutes commodités, transports et écoles. À visiter sans tarder.",True,True,Provence Immobilier,True,https://exemple-images.test/AN-LMB5WU4Z/1.jpg; https://exemple-images.test/AN-LMB5WU4Z/2.jpg,,1937,contact25@example.com,,,,,
ef4a0684-826c-4f08-bb69-6ed7b1e2386c,AN-TFLWRUAK,REC-ZS4F1KCW,Maison,Maison avec vue dégagée à Toulouse,Toulouse,31000,11/08/2026,274594,149,8,,,43.570239,1.436264,True,Jean Bernard,,,,0,,"Maison de standing de 149 m² situé à Toulouse. Proche de toutes commodités, transports et écoles. À visiter sans tarder.",True,True,,,https://exemple-images.test/AN-TFLWRUAK/1.jpg; https://exemple-images.test/AN-TFLWRUAK/2.jpg,D,,jean.bernard61@example.com,,,,,
d98656cc-1b7e-4bc9-a327-1901b19b7b01,AN-I23TCJ2R,REC-ZS4F1KCW,Maison,Maison en excellent état à Toulouse,Toulouse,31000,2025-03-06,241515,268,6,,78 rue de la République,,,True,,0856100164,,330.2,,,"Maison lumineux de 268 m² situé à Toulouse. Proche de toutes commodités, transports et écoles. À visiter sans tarder.",,True,,,,,,,,,,,
644135fe-be22-4444-a3c0-636c9ecfca0c,AN-RTX55GW2,REC-ZS4F1KCW,Maison,Maison spacieux à Toulouse,Toulouse,31000,1777048810,295708 €,243,10,,,43.620628,1.452759,True,,0866053071,True,,,dernier étage,,True,True,Nid Doré,,,,,,,,,,
4d435ac0-ab27-46b7-b457-b5ee93b4ad6b,AN-YOXDYV3O,REC-ZS4F1KCW,Maison,Maison avec vue dégagée à Toulouse,Toulouse,31000,1746288610,261992,,10,,,,,True,Marie Roche,,,,,1,,True,True,Toit & Vous,,https://exemple-images.test/AN-YOXDYV3O/1.jpg; https://exemple-images.test/AN-YOXDYV3O/2.jpg; https://exemple-images.test/AN-YOXDYV3O/3.jpg; https://exemple-images.test/AN-YOXDYV3O/4.jpg,,,,250,,,,
853ce249-6c68-4482-9dbd-840d19d07524,AN-7RLGU7JL,REC-ZS4F1KCW,Maison,Maison spacieux à Toulouse,Toulouse,31000,06-10-2025,230549,291,9,,97 impasse des Lilas,43.585523,1.405867,True,,0955643942,,,,,"Maison charmant de 291 m² situé à Toulouse. Proche de toutes commodités, transports et écoles. À visiter sans tarder.",True,,Nid Doré,,https://exemple-images.test/AN-7RLGU7JL/1.jpg; https://exemple-images.test/AN-7RLGU7JL/2.jpg,,,contact84@example.com,,,,,
4bf5d834-d7a8-4b8d-a972-8573f4909005,AN-UV83MIST,REC-ZS4F1KCW,Maison,Maison atypique à Toulouse,Toulouse,31000,22/12/2024,277777 €,216,7,,,43.567586,1.413796,True,,0804545910,,,,,"Maison rénové de 216 m² situé à Toulouse. Proche de toutes commodités, transports et écoles. À visiter sans tarder.",True,True,Provence Immobilier,False,https://exemple-images.test/AN-UV83MIST/1.jpg,A,,,,,,,
06790885-5014-4870-b6bf-8df799855dd0,AN-FFLFLJ59,REC-ZS4F1KCW,Maison,Maison à rafraîchir à Toulouse,Toulouse,31000,1781513350,269121,179,8,,,43.619079,1.419139,True,Julie Moreau,0640366319,,,3,RDC,"Maison à rafraîchir de 179 m² situé à Toulouse. Cave et parking inclus. Proche de toutes commodités, transports et écoles. À visiter sans tarder. Travaux à prévoir.",True,True,,,,E,1926,,,,,,
8e105013-5415-41bb-8744-d3634a2d2aa2,AN-QM7VFCZK,REC-ZS4F1KCW,Maison,Maison de standing à Toulouse,Toulouse,31000,10/09/2025,325051,264,6,,195 rue Jean Jaurès,,,True,,0618101436,,,0,3,,True,True,,,,,,contact59@example.com,,,,,
f0acf6c1-35eb-462c-835a-c4a2ae583919,AN-6K1444YE,REC-ZS4F1KCW,Maison,Maison charmant à Toulouse,Toulouse,31000,07/05/2026,207801,220,6,,,43.610648,1.424358,True,,0606991148,,,,,,True,True,ImmoPlus,False,https://exemple-images.test/AN-6K1444YE/1.jpg; https://exemple-images.test/AN-6K1444YE/2.jpg,,,,,,,,
fc59f35d-74d1-41f9-9da9-d2a3f90c0efb,AN-BIP2KSJF,REC-ZS4F1KCW,Maison,Maison rénové à Toulouse,Toulouse,31000,2025-03-29,404263,156,10,,,,,True,Karim Dubois,0096214803,,,,3,"Maison spacieux de 156 m² situé à Toulouse. Proche de toutes commodités, transports et écoles. À visiter sans tarder.",True,True,,,https://exemple-images.test/AN-BIP2KSJF/1.jpg; https://exemple-images.test/AN-BIP2KSJF/2.jpg; https://exemple-images.test/AN-BIP2KSJF/3.jpg,,1962,karim.dubois23@example.com,,,,,
ffa99470-88b6-47f6-9f9a-99257e63c0ec,AN-RN1RNK24,REC-ZS4F1KCW,Maison,Maison atypique à Toulouse,Toulouse,31000,7 novembre 2025,366581,186,9,,,43.586523,1.400511,True,Julie Dubois,0208170585,,204.25,1,2,"Maison charmant de 186 m² situé à Toulouse. Cave et parking inclus. Proche de toutes commodités, transports et écoles. À visiter sans tarder.",True,True,,False,https://exemple-images.test/AN-RN1RNK24/1.jpg,B,,,,,,,
b529b96f-8155-42b2-862a-be09415a55d6,AN-02U5DNB5,REC-ZS4F1KCW,Maison,Maison atypique à Toulouse,Toulouse,31000,2025-02-13T06:12:10,217483,266,8,,29 rue Pasteur,43.650905,1.487075,,Marie Martin,0177209826,,,0,2,"Maison atypique de 266 m² situé à Toulouse. Cave et parking inclus. Proche de toutes commodités, transports et écoles. À visiter sans tarder.",True,True,,,https://exemple-images.test/AN-02U5DNB5/1.jpg; https://exemple-images.test/AN-02U5DNB5/2.jpg; https://exemple-images.test/AN-02U5DNB5/3.jpg; https://exemple-images.test/AN-02U5DNB5/4.jpg; https://exemple-images.test/AN-02U5DNB5/5.jpg,,1900,marie.martin80@example.com,,,,,
e443ca4a-d248-452a-aaca-e1eccd24223d,AN-M1LQCL2E,REC-ZS4F1KCW,Maison,Maison à rafraîchir à Toulouse,Toulouse,31000,08-06-2026,347050,205,7,False,105 impasse des Lilas,,,True,,0517941802,,346.95,,3,"Maison atypique de 205 m² situé à Toulouse. Proche de toutes commodités, transports et écoles. À visiter sans tarder.",True,True,,False,,G,,,,,,,
28c4b760-c1a0-46d4-a9a2-df690c31f4d8,AN-HDLSGP5Y,REC-ZS4F1KCW,Maison,Maison charmant à Toulouse,Toulouse,31000,5 septembre 2024,396254,247,7,,,,,True,Karim Faure,0398566376,,,,,"Maison à rafraîchir de 247 m² situé à Toulouse. Proche de toutes commodités, transports et écoles. À visiter sans tarder. Travaux à prévoir.",True,True,,True,,,,,,,,,
b9e3f593-263b-4ddf-bae1-d9e56228701d,AN-YHM70YLO,REC-ZS4F1KCW,Maison,Maison en excellent état à Toulouse,Toulouse,31000,11/12/2024,354792,160,7,,,,,,,0230466342,,,2,,"Maison en excellent état de 160 m² situé à Toulouse. Proche de toutes commodités, transports et écoles. À visiter sans tarder. Travaux à prévoir.",True,True,,True,https://exemple-images.test/AN-YHM70YLO/1.jpg; https://exemple-images.test/AN-YHM70YLO/2.jpg; https://exemple-images.test/AN-YHM70YLO/3.jpg,,,contact8@example.com,,,,,
2a44800c-60ee-43f5-9a54-09deea67ced1,AN-2LOPKV9H,REC-ZS4F1KCW,Maison,Maison au calme à Toulouse,Toulouse,31000,11-07-2024,374984,157,8,True,139 rue Jean Jaurès,,,True,Marc Bernard,,,,0,1,"Maison lumineux de 157 m² situé à Toulouse. Cave et parking inclus. Proche de toutes commodités, transports et écoles. À visiter sans tarder.",True,True,Provence Immobilier,True,,,,marc.bernard29@example.com,,,,,
d27f9919-ab9b-49e2-ac69-6a6b6581a850,AN-LKUBS60X,REC-ZS4F1KCW,Maison,Maison spacieux à Toulouse,Toulouse,31000,2025-07-31,367764,211,7,,,43.579522,1.476501,True,Claire Moreau,0414706009,,297.39,3,3,,,,Toit & Vous,,,E,,claire.moreau50@example.com,,,,,
68e9417b-61fe-400a-b401-6eecd07527af,AN-FRAO1L6V,REC-ZS4F1KCW,Maison,Maison avec vue dégagée à Toulouse,Toulouse,31000,2025-07-08,363716,214,7,,55 rue Pasteur,43.652987,1.452289,True,Karim Faure,0979593231,,,5,,"Maison charmant de 214 m² situé à Toulouse. Proche de toutes commodités, transports et écoles. À visiter sans tarder. Travaux à prévoir.",True,,,,,,,karim.faure99@example.com,,,,,
c48dd758-33dd-4601-a6b8-7f506ce9c56f,AN-KO1KOYNU,REC-ZS4F1KCW,Maison,Maison de standing à Toulouse,Toulouse,31000,1780584790,349617,264,6,,,,,True,Marie Perrin,0138630768,,,3,,,True,,,,,,,,,,,,
842e47b1-c35c-4265-b696-a4cb0053a9a9,AN-O34Z5HDJ,REC-ZS4F1KCW,Maison,Maison rénové à Toulouse,Toulouse,31000,1757772310,256655 €,177,9,False,,,,True,,0541717909,,,,dernier étage,"Maison avec vue dégagée de 177 m² situé à Toulouse. Cave et parking inclus. Proche de toutes commodités, transports et écoles. À visiter sans tarder.",True,,Provence Immobilier,,,,,,,,,,
f275f4f6-e64e-4fae-83e1-3c98ce742033,AN-ZJ5KVIM8,REC-ZS4F1KCW,Maison,Maison spacieux à Toulouse,Toulouse,31000,1772294710,309374,273,8,False,,,,True,,,,,4,,,True,True,,,,B,,,,,,,
8a4d0d82-0955-4e9a-8b61-c0bc015c605a,AN-SUQANZCK,REC-ZS4F1KCW,Maison,Maison charmant à Toulouse,Toulouse,31000,16 septembre 2024,359966,272,10,,,,,True,Marc Fontaine,0325705140,,85.57,,,,True,,,,,,,,,,,,
12840569-7f7a-4427-b492-05910f653f42,AN-MX1YB2WD,REC-ZS4F1KCW,Maison,Maison charmant à Toulouse,Toulouse,31000,23/01/2026,299741,225,10,,153 chemin des Vignes,43.60674,1.433661,True,Sophie Dubois,0307962411,,,,,,True,True,,,https://exemple-images.test/AN-MX1YB2WD/1.jpg; https://exemple-images.test/AN-MX1YB2WD/2.jpg; https://exemple-images.test/AN-MX1YB2WD/3.jpg,,,,,,,,
8203bf84-b799-485f-9768-caa9f242ab49,AN-YWPPPK2K,REC-ZS4F1KCW,Maison,Maison avec vue dégagée à Toulouse,Toulouse,31000,10-12-2024,206776,208,10,,,,,True,,0751703238,True,,,,,True,True,,,,,,contact11@example.com,,,,,
c6e3f6c4-a51d-4b3f-8057-f7c6f1bb1215,AN-EQCH1SGV,REC-ZS4F1KCW,Maison,Maison avec vue dégagée à Toulouse,Toulouse,31000,2025-08-26,309353,286,10,,94 boulevard Gambetta,43.593183,1.459751,True,Marc Fontaine,0550313814,,,5,,,True,True,,True,https://exemple-images.test/AN-EQCH1SGV/1.jpg; https://exemple-images.test/AN-EQCH1SGV/2.jpg; https://exemple-images.test/AN-EQCH1SGV/3.jpg; https://exemple-images.test/AN-EQCH1SGV/4.jpg; https://exemple-images.test/AN-EQCH1SGV/5.jpg,B,1994,marc.fontaine31@example.com,,,,,
412eb51b-41c0-4540-b9df-6fa1803e05cb,AN-0QIC1UDM,REC-ZS4F1KCW,Maison,Maison lumineux à Toulouse,Toulouse,31000,08-23-2026,265769,243,10,,,43.558975,1.405384,True,,0933643889,,,2,RDC,,True,,ImmoPlus,,,,1921,,,,,,
864e26d3-d097-42b9-9876-f381b7736400,AN-HVITOYGP,REC-ZS4F1KCW,Maison,Maison en excellent état à Toulouse,Toulouse,31000,06-23-2026,212275 €,245,8,,94 boulevard Gambetta,,,True,Karim Martin,0166113648,True,,3,,,True,True,ImmoPlus,,,,,karim.martin46@example.com,,,,,
0bf983e8-f3ca-4988-b035-32182bc89566,AN-BT1ZOH86,REC-ZS4F1KCW,Maison,Maison à rafraîchir à Toulouse,Toulouse,31000,2025-10-05,340593,297,8,,,43.587986,1.411167,True,Ahmed Fontaine,,,202.84,5,,"Maison au calme de 297 m² situé à Toulouse. Proche de toutes commodités, transports et écoles. À visiter sans tarder.",True,True,,,,,,,,,,,
c0a7964c-1962-4896-965c-107b25452e50,AN-POJYJ2DL,REC-ZS4F1KCW,Maison,Maison de standing à Toulouse,Toulouse,31000,6 janvier 2025,397974,151,9,,39 rue Victor Hugo,43.62672,1.416519,True,Marc Girard,,,,,,,True,True,Toit & Vous,,,,,marc.girard92@example.com,,,,,
f0f3b466-93a3-444e-b434-d2f3d99a6d9a,AN-6BRAHAP0,REC-ZS4F1KCW,Maison,Maison charmant à Toulouse,Toulouse,31000,2025-04-05,235534,198,6,True,99 rue Victor Hugo,,,True,Karim Martin,,True,389.81,,2,"Maison spacieux de 198 m² situé à Toulouse. Cave et parking inclus. Proche de toutes commodités, transports et écoles. À visiter sans tarder.",,True,,,,D,,karim.martin84@example.com,,,,,
d1b6b6d5-4f67-4d7e-9e5a-0c8adb800d02,AN-LZK1W758,REC-ZS4F1KCW,Maison,Maison en excellent état à Toulouse,Toulouse,31000,31/08/2025,332365,,7,False,135 boulevard Gambetta,43.596519,1.44004,True,,0598657677,True,,2,1,"Maison en excellent état de 246 m² situé à Toulouse. Cave et parking inclus. Proche de toutes commodités, transports et écoles. À visiter sans tarder.",True,True,,,https://exemple-images.test/AN-LZK1W758/1.jpg; https://exemple-images.test/AN-LZK1W758/2.jpg,,,contact56@example.com,246,,,,
f77ec891-e2d4-4125-9f52-39950b1d838d,AN-NJRBJ1R4,REC-ZS4F1KCW,Maison,Maison au calme à Toulouse,Toulouse,31000,1768630210,209156,233,6,,,,,True,Ahmed Perrin,0175349009,,,,,"Maison charmant de 233 m² situé à Toulouse. Proche de toutes commodités, transports et écoles. À visiter sans tarder.",,True,,False,,,,,,,,,
c9aba95b-a0a3-4898-b0cf-702019414ae0,AN-VXJ0TDU5,REC-ZS4F1KCW,Maison,Maison lumineux à Toulouse,Toulouse,31000,06-17-2025,343035,,8,False,,43.560145,1.440921,True,Luc Perrin,,,,,4,"Maison en excellent état de 213 m² situé à Toulouse. Proche de toutes commodités, transports et écoles. À visiter sans tarder.",True,,Nid Doré,True,,,,,213,,,,
fb737782-f463-4e9e-a5b2-242587dee4d4,AN-U3AB9FQA,REC-ZS4F1KCW,Maison,Maison charmant à Toulouse,Toulouse,31000,2025-10-09,240949,153,10,,162 boulevard Gambetta,,,True,,,,228.63,,,"Maison à rafraîchir de 153 m² situé à Toulouse. Cave et parking inclus. Proche de toutes commodités, transports et écoles. À visiter sans tarder.",True,True,,False,,,1967,contact51@example.com,,,,,
6cdc19fd-a52c-495f-bdc1-dd08c670a961,AN-X902JFX7,REC-ZS4F1KCW,Maison,Maison rénové à Toulouse,Toulouse,31000,20 octobre 2025,218318,270,7,,,43.56213,1.438814,,Nadia Moreau,0473228656,,,,,"Maison atypique de 270 m² situé à Toulouse. Proche de toutes commodités, transports et écoles. À visiter sans tarder. Travaux à prévoir.",,True,,,,,,,,,,,
54eb18c6-af08-4ec6-86cf-6d7ff5e86626,AN-EF9L5MFD,REC-ZS4F1KCW,Maison,Maison charmant à Toulouse,Toulouse,31000,22/01/2025,401331,294,9,True,126 rue Jean Jaurès,,,True,Ahmed Girard,0154434819,,130.37,,dernier étage,"Maison atypique de 294 m² situé à Toulouse. Proche de toutes commodités, transports et écoles. À visiter sans tarder.",True,True,,False,,C,1908,,,,,,
7a1b8e86-573d-4393-82b6-b2571a8d1e94,AN-SVTCOOK1,REC-ZS4F1KCW,Maison,Maison spacieux à Toulouse,Toulouse,31000,02/06/2025,245170,168,6,,,43.584212,1.44082,True,Nadia Dubois,0679045614,,,,,"Maison charmant de 168 m² situé à Toulouse. Proche de toutes commodités, transports et écoles. À visiter sans tarder.",True,True,,,,,,nadia.dubois76@example.com,,,,,
c6cb56bd-33f8-4aac-8c9b-47483c4ac06f,AN-99I6BIZA,REC-ZS4F1KCW,Maison,Maison lumineux à Toulouse,Toulouse,31000,2025-11-18,280002,168,10,,119 rue Jean Jaurès,,,True,Claire Roche,0796031385,,127.43,0,dernier étage,"Maison spacieux de 168 m² situé à Toulouse. Proche de toutes commodités, transports et écoles. À visiter sans tarder.",True,True,ImmoPlus,False,,,1881,claire.roche47@example.com,,,,,
eb923800-0fd3-4c77-a54f-e7c7f33fb089,AN-494ZLK8R,REC-ZS4F1KCW,Maison,Maison charmant à Toulouse,Toulouse,31000,1735336330,381032,206,8,,,,,True,Sophie Fontaine,0677972842,,,4,3,"Maison de standing de 206 m² situé à Toulouse. Proche de toutes commodités, transports et écoles. À visiter sans tarder.",True,True,Nid Doré,,,B,,,,,,,
0e057d15-1304-43d5-b4da-7ab8046d653a,AN-EX2EIAZ6,REC-ZS4F1KCW,Maison,Maison de standing à Toulouse,Toulouse,31000,04-20-2025,240148,247,9,False,,43.615408,1.434518,True,,0054089097,,,,2,"Maison rénové de 247 m² situé à Toulouse. Cave et parking inclus. Proche de toutes commodités, transports et écoles. À visiter sans tarder.",True,True,ImmoPlus,,,,1928,contact73@example.com,,,,,
6bf543a3-6eb0-478a-b756-47f8e2a6818a,AN-OMSF694Y,REC-ZS4F1KCW,Maison,Maison avec vue dégagée à Toulouse,Toulouse,31000,2026-04-10T03:10:10,230351,245,10,,,,,True,Luc Lefevre,0361928288,True,,,,"Maison en excellent état de 245 m² situé à Toulouse. Proche de toutes commodités, transports et écoles. À visiter sans tarder. Travaux à prévoir.",True,True,Nid Doré,,,G,1901,luc.lefevre19@example.com,,,,,
826ad8eb-9bdc-480c-a80c-272252478fb5,AN-167POHMW,REC-ZS4F1KCW,Maison,Maison atypique à Toulouse,Toulouse,31000,1750800850,235547,171,10,,69 quai de la Loire,43.598077,1.429974,True,,,,,,,"Maison en excellent état de 171 m² situé à Toulouse. Cave et parking inclus. Proche de toutes commodités, transports et écoles. À visiter sans tarder.",True,True,,,,,,,,,,,
6415cc4e-be9e-45ce-88d6-99a28491ff06,AN-Z65VCNGE,REC-ZS4F1KCW,Maison,Maison charmant à Toulouse,Toulouse,31000,2025-01-10,237846,277,10,False,,,,True,Karim Fontaine,0173192116,True,181.55,3,4,"Maison à rafraîchir de 277 m² situé à Toulouse. Proche de toutes commodités, transports et écoles. À visiter sans tarder.",True,True,Toit & Vous,,https://exemple-images.test/AN-Z65VCNGE/1.jpg,,1910,,,,,,
9648922d-3a14-43de-b6d5-60cbd9efe800,AN-D62IJL6L,REC-ZS4F1KCW,Maison,Maison atypique à Toulouse,Toulouse,31000,2025-05-14,284740,281,9,True,,,,True,Jean Dubois,0434917583,,,,,"Maison atypique de 281 m² situé à Toulouse. Proche de toutes commodités, transports et écoles. À visiter sans tarder. Travaux à prévoir.",True,,,,,,,jean.dubois98@example.com,,,,,
577c377d-a578-4a18-95c2-a16ed6429019,AN-37EWN0GX,REC-ZS4F1KCW,Maison,Maison à rafraîchir à Toulouse,Toulouse,31000,30 mars 2025,247491 €,168,7,,76 chemin des Vignes,,,True,,0943622992,,,5,,"Maison avec vue dégagée de 168 m² situé à Toulouse. Cave et parking inclus. Proche de toutes commodités, transports et écoles. À visiter sans tarder.",True,True,Clé en Main Immo,,,,,contact8@example.com,,,,,
360fdf36-98ec-4be5-8610-da8715a4ebfe,AN-F6NIQ3OA,REC-ZS4F1KCW,Maison,Maison spacieux à Toulouse,Toulouse,31000,2025-12-23T13:51:10,217094,261,7,,,43.643975,1.451896,True,Ahmed Fontaine,0666769763,,,0,,,True,True,Provence Immobilier,False,,,,ahmed.fontaine42@example.com,,,,,
b45df184-11be-4c23-8c6c-6f43af04f237,AN-MDACE6J8,REC-ZS4F1KCW,Maison,Maison à rafraîchir à Toulouse,Toulouse,31000,10-08-2025,305954,225,6,True,118 place de la Mairie,43.599641,1.412608,True,,0509695919,,178.57,5,0,,True,True,,,,F,,contact27@example.com,,,,,
8eca0258-12c4-49a3-959c-843905b66eff,AN-M6HOU7VU,REC-ZS4F1KCW,Maison,Maison charmant à Toulouse,Toulouse,31000,2025-11-10,364934,172,10,,,43.556206,1.480792,True,,0022931080,,,4,3,"Maison atypique de 172 m² situé à Toulouse. Proche de toutes commodités, transports et écoles. À visiter sans tarder.",True,True,Nid Doré,True,,,,,,,,,
39c711c6-a2e9-4fd3-a300-0bd372820858,AN-J0016W8M,REC-ZS4F1KCW,Maison,Maison à rafraîchir à Toulouse,Toulouse,31000,2025-02-28,209571,257,7,True,,43.572474,1.4597,True,Jean Perrin,,,,,4,"Maison à rafraîchir de 257 m² situé à Toulouse. Cave et parking inclus. Proche de toutes commodités, transports et écoles. À visiter sans tarder. Travaux à prévoir.",True,True,Toit & Vous,False,,,,,,,,,
021f9ff2-aff9-46c1-a19f-2ef93416f309,AN-MR894U80,REC-ZS4F1KCW,Maison,Maison charmant à Toulouse,Toulouse,31000,03/11/2025,344271,193,8,False,91 rue Pasteur,43.65151,1.480504,True,Julie Martin,,,,,3,"Maison de standing de 193 m² situé à Toulouse. Proche de toutes commodités, transports et écoles. À visiter sans tarder. Travaux à prévoir.",True,True,,,,G,,julie.martin98@example.com,,,,,
2cfd6826-4a6a-46b1-bdc3-da34e2ac9d37,AN-O25H8Z3X,REC-ZS4F1KCW,Maison,Maison au calme à Toulouse,Toulouse,31000,24 novembre 2025,331184,168,8,,,,,True,,,,236.84,,,"Maison lumineux de 168 m² situé à Toulouse. Cave et parking inclus. Proche de toutes commodités, transports et écoles. À visiter sans tarder.",True,True,ImmoPlus,,,,1904,,,,,,
7902c233-cfa0-40d9-b16f-10f8e9413684,AN-80O1IOLY,REC-ZS4F1KCW,Maison,Maison avec vue dégagée à Toulouse,Toulouse,31000,2026-04-27T21:33:10,373482,190,6,False,,43.573019,1.445172,True,,0287561768,,,,,"Maison au calme de 190 m² situé à Toulouse. Proche de toutes commodités, transports et écoles. À visiter sans tarder.",True,True,Century Habitat,,,,1930,contact5@example.com,,,,,
fec01032-5a9f-4726-8781-81ae18dc2c2d,AN-K8GXZFBA,REC-ZS4F1KCW,Maison,Maison de standing à Toulouse,Toulouse,31000,12 août 2026,347927,165,7,True,101 rue Victor Hugo,,,True,Nadia Dubois,0164195305,,,,,"Maison avec vue dégagée de 165 m² situé à Toulouse. Cave et parking inclus. Proche de toutes commodités, transports et écoles. À visiter sans tarder.",True,True,Nid Doré,True,,,,,,,,,
03fbfa2b-d92c-4cf9-8048-e706c90e63a4,AN-V08HIGWU,REC-ZS4F1KCW,Maison,Maison à rafraîchir à Toulouse,Toulouse,31000,2026-05-07,359604,228,9,,,,,True,Jean Dubois,,True,,,3,"Maison rénové de 228 m² situé à Toulouse. Cave et parking inclus. Proche de toutes commodités, transports et écoles. À visiter sans tarder.",,True,,,,,,,,,,,
429d326e-4d11-4373-b9b9-0e60839bcb81,AN-OR9JW53D,REC-ZS4F1KCW,Maison,Maison charmant à Toulouse,Toulouse,31000,2024-12-29T09:11:10,360806,227,8,,,43.647865,1.48125,True,,0739622873,,263.37,,,"Maison atypique de 227 m² situé à Toulouse. Proche de toutes commodités, transports et écoles. À visiter sans tarder.",True,True,,True,,E,,contact22@example.com,,,,,
adfba884-dfa7-4a33-8c33-9c51d7bf352f,AN-YUZPBDJ4,REC-ZS4F1KCW,Maison,Maison en excellent état à Toulouse,Toulouse,31000,05-28-2026,342976,186,10,,,,,True,,,,,2,5,"Maison rénové de 186 m² situé à Toulouse. Proche de toutes commodités, transports et écoles. À visiter sans tarder.",True,True,Century Habitat,False,https://exemple-images.test/AN-YUZPBDJ4/1.jpg; https://exemple-images.test/AN-YUZPBDJ4/2.jpg; https://exemple-images.test/AN-YUZPBDJ4/3.jpg; https://exemple-images.test/AN-YUZPBDJ4/4.jpg,,2015,,,,,,
8807971a-8057-46b4-8c22-3e5885a42add,AN-TYP08ETW,REC-ZS4F1KCW,Maison,Maison lumineux à Toulouse,Toulouse,31000,2025-08-05T15:32:10,209452,210,7,True,,43.591375,1.402294,True,,,,84.78,,,"Maison en excellent état de 210 m² situé à Toulouse. Proche de toutes commodités, transports et écoles. À visiter sans tarder.",True,True,ImmoPlus,,https://exemple-images.test/AN-TYP08ETW/1.jpg; https://exemple-images.test/AN-TYP08ETW/2.jpg; https://exemple-images.test/AN-TYP08ETW/3.jpg; https://exemple-images.test/AN-TYP08ETW/4.jpg,,,,,,,,
ebaa485d-5717-4520-b078-af55ccd9f8cc,AN-U7NY1JKF,REC-ZS4F1KCW,Maison,Maison charmant à Toulouse,Toulouse,31000,2026-03-11,328051,153,10,,101 rue Victor Hugo,,,,Luc Fontaine,0926495709,,,,,"Maison rénové de 153 m² situé à Toulouse. Proche de toutes commodités, transports et écoles. À visiter sans tarder.",True,True,,False,,,,luc.fontaine98@example.com,,,,,
828dc0a9-1f69-4ad0-b2ff-64e72533e4f3,AN-XA47C6RN,REC-ZS4F1KCW,Maison,Maison de standing à Toulouse,Toulouse,31000,30 août 2024,327705,185,6,,,43.629188,1.458343,True,,0759006172,,,3,,"Maison charmant de 185 m² situé à Toulouse. Cave et parking inclus. Proche de toutes commodités, transports et écoles. À visiter sans tarder.",True,,ImmoPlus,False,,E,,,,,,,
032fef32-d245-4637-81a1-5dec632d2061,AN-4BHRXKWJ,REC-ZS4F1KCW,Maison,Maison en excellent état à Toulouse,Toulouse,31000,2025-07-02,305324,226,8,,95 avenue des Champs,,,,Luc Faure,0289281515,,,0,RDC,,True,,,,,D,,,,,,,
986fe211-e6f1-4d0b-b22a-16c9341b6541,AN-PCHGCNBX,REC-ZS4F1KCW,Maison,Maison de standing à Toulouse,Toulouse,31000,09-24-2024,327086 €,,10,,,,,True,Marie Girard,,,,1,1,"Maison spacieux de 216 m² situé à Toulouse. Proche de toutes commodités, transports et écoles. À visiter sans tarder.",True,True,Nid Doré,,https://exemple-images.test/AN-PCHGCNBX/1.jpg; https://exemple-images.test/AN-PCHGCNBX/2.jpg; https://exemple-images.test/AN-PCHGCNBX/3.jpg; https://exemple-images.test/AN-PCHGCNBX/4.jpg,F,,,216,,,,
d955a154-0d6a-47a6-987d-545aa5a16043,AN-9YF9BUGA,REC-ZS4F1KCW,Maison,Maison de standing à Toulouse,Toulouse,31000,2026-06-08,221448,260,9,,85 allée des Platanes,,,,,0663860693,True,,2,RDC,"Maison atypique de 260 m² situé à Toulouse. Cave et parking inclus. Proche de toutes commodités, transports et écoles. À visiter sans tarder.",True,True,ImmoPlus,,https://exemple-images.test/AN-9YF9BUGA/1.jpg; https://exemple-images.test/AN-9YF9BUGA/2.jpg,,,contact93@example.com,,,,,
61eb3222-eeee-402b-b7e3-e2b7cc4e9fc9,AN-4MN4IWLK,REC-ZS4F1KCW,Maison,Maison lumineux à Toulouse,Toulouse,31000,2024-11-14,212637,294,7,,155 rue de la République,43.599328,1.46689,True,Sophie Dubois,0474504062,,,4,3,"Maison à rafraîchir de 294 m² situé à Toulouse. Proche de toutes commodités, transports et écoles. À visiter sans tarder.",True,True,Nid Doré,False,,,,,,,,,
427f30d5-93fe-4881-aaa0-a4ff9e686e78,AN-UGDET5A5,REC-ZS4F1KCW,Maison,Maison spacieux à Toulouse,Toulouse,31000,1782075850,373508,,8,True,,,,True,,0363190426,,,2,,"Maison en excellent état de 171 m² situé à Toulouse. Proche de toutes commodités, transports et écoles. À visiter sans tarder.",,True,Nid Doré,True,,,,,171,,,,
2f0a6f1c-78c3-45ec-aa59-d8e0955a2b2b,AN-M1QY8Q8F,REC-ZS4F1KCW,Maison,Maison charmant à Toulouse,Toulouse,31000,1753581370,244774,271,10,,110 rue Jean Jaurès,43.623328,1.486396,,Jean Lefevre,0440931320,,,,,"Maison atypique de 271 m² situé à Toulouse. Proche de toutes commodités, transports et écoles. À visiter sans tarder.",True,True,,,https://exemple-images.test/AN-M1QY8Q8F/1.jpg; https://exemple-images.test/AN-M1QY8Q8F/2.jpg; https://exemple-images.test/AN-M1QY8Q8F/3.jpg; https://exemple-images.test/AN-M1QY8Q8F/4.jpg,,,,,,,,
f04cbb65-e8fb-42c5-b2ba-83ad48bdd77c,AN-3L2QMF7U,REC-ZS4F1KCW,Maison,Maison rénové à Toulouse,Toulouse,31000,11-07-2025,385718,171,10,,,43.649339,1.403566,True,Karim Faure,0624141428,True,,2,,"Maison au calme de 171 m² situé à Toulouse. Proche de toutes commodités, transports et écoles. À visiter sans tarder.",True,True,Clé en Main Immo,,,A,,,,,,,
865c9af1-d01c-48d6-a333-316ce63c83ef,AN-H0MLC1M8,REC-ZS4F1KCW,Maison,Maison en excellent état à Toulouse,Toulouse,31000,03-05-2025,379086,240,10,,118 quai de la Loire,43.617372,1.468701,True,Jean Dubois,0028693957,,,2,,"Maison charmant de 240 m² situé à Toulouse. Cave et parking inclus. Proche de toutes commodités, transports et écoles. À visiter sans tarder.",,True,,,,,,,,,,,
84638aaf-dbe0-4f82-8f57-dceebd7b51b9,AN-W8N17MY5,REC-ZS4F1KCW,Maison,Maison lumineux à Toulouse,Toulouse,31000,23/12/2024,265989,248,8,,,,,True,Sophie Fontaine,,,,,,,True,True,ImmoPlus,,https://exemple-images.test/AN-W8N17MY5/1.jpg,,,sophie.fontaine45@example.com,,,,,
14c58109-f7b3-40c8-b0fd-1128a52d2215,AN-TWMYMAG0,REC-ZS4F1KCW,Maison,Maison rénové à Toulouse,Toulouse,31000,10-23-2025,289747,216,8,,14 avenue des Champs,,,True,Marie Perrin,,,,4,,"Maison en excellent état de 216 m² situé à Toulouse. Proche de toutes commodités, transports et écoles. À visiter sans tarder.",True,True,,False,https://exemple-images.test/AN-TWMYMAG0/1.jpg; https://exemple-images.test/AN-TWMYMAG0/2.jpg,B,,marie.perrin31@example.com,,,,,
b0c36d00-28d1-4769-adbe-7d3c34a6af26,AN-QAQTPU25,REC-ZS4F1KCW,Maison,Maison de standing à Toulouse,Toulouse,31000,07-30-2026,345062,174,9,False,198 boulevard Gambetta,43.611759,1.452342,True,Marie Roche,,,,,RDC,"Maison en excellent état de 174 m² situé à Toulouse. Proche de toutes commodités, transports et écoles. À visiter sans tarder. Travaux à prévoir.",True,True,,,https://exemple-images.test/AN-QAQTPU25/1.jpg; https://exemple-images.test/AN-QAQTPU25/2.jpg; https://exemple-images.test/AN-QAQTPU25/3.jpg; https://exemple-images.test/AN-QAQTPU25/4.jpg,,,,,,,,
fc0066e9-5189-45a4-8c29-4e581722c832,AN-QV3FFRZT,REC-ZS4F1KCW,Maison,Maison au calme à Toulouse,Toulouse,31000,03-24-2026,317707,263,9,,41 quai de la Loire,43.562892,1.448193,True,Claire Bernard,0742071702,,,,,"Maison avec vue dégagée de 263 m² situé à Toulouse. Cave et parking inclus. Proche de toutes commodités, transports et écoles. À visiter sans tarder.",True,,Clé en Main Immo,True,,,,,,,,,
7733b64f-e86c-4db9-a527-f90828fdcee8,AN-BDEUNTST,REC-ZS4F1KCW,Maison,Maison en excellent état à Toulouse,Toulouse,31000,2026-04-01T08:17:10,403619,160,8,,,,,True,Ahmed Perrin,,,,3,,,True,True,,,https://exemple-images.test/AN-BDEUNTST/1.jpg; https://exemple-images.test/AN-BDEUNTST/2.jpg,,1938,ahmed.perrin37@example.com,,,,,
9c72db38-537f-438e-b0a5-69b8819287d9,AN-HO3V5PR7,REC-ZS4F1KCW,Maison,Maison lumineux à Toulouse,Toulouse,31000,26 mars 2026,377461,291,9,,143 rue de la République,43.601515,1.428319,True,,0443600795,,,,,"Maison au calme de 291 m² situé à Toulouse. Proche de toutes commodités, transports et écoles. À visiter sans tarder.",True,True,Provence Immobilier,True,,,,,,,,,
1a28bcf6-0975-4e74-9f94-10fa38aca5ca,AN-ZMGKEZM7,REC-ZS4F1KCW,Maison,Maison à rafraîchir à Toulouse,Toulouse,31000,2025-10-31T11:01:10,252012,,6,,,,,,,0215455695,,,5,,,True,True,,True,,,,contact5@example.com,178,,,,
785373cf-f53b-4113-8939-91bdeb9ddc02,AN-M76GWQGF,REC-ZS4F1KCW,Maison,Maison au calme à Toulouse,Toulouse,31000,03/04/2025,351086 €,211,7,,87 rue Victor Hugo,,,True,,,,,4,RDC,"Maison spacieux de 211 m² situé à Toulouse. Proche de toutes commodités, transports et écoles. À visiter sans tarder.",True,,,,https://exemple-images.test/AN-M76GWQGF/1.jpg; https://exemple-images.test/AN-M76GWQGF/2.jpg; https://exemple-images.test/AN-M76GWQGF/3.jpg; https://exemple-images.test/AN-M76GWQGF/4.jpg; https://exemple-images.test/AN-M76GWQGF/5.jpg,F,1972,contact48@example.com,,,,,
831c0943-af5c-43c5-bc60-baa7855bc52b,AN-AFLB8B82,REC-ZS4F1KCW,Maison,Maison de standing à Toulouse,Toulouse,31000,2025-10-16T09:25:10,310243 €,273,8,,112 boulevard Gambetta,,,True,,0990559216,,,,,"Maison rénové de 273 m² situé à Toulouse. Proche de toutes commodités, transports et écoles. À visiter sans tarder.",True,True,Century Habitat,True,,,,contact33@example.com,,,,,
73f6691b-f841-4f0b-a619-f530ab61e299,AN-2O9SPZGZ,REC-ZS4F1KCW,Maison,Maison de standing à Toulouse,Toulouse,31000,2025-04-21,396220,238,7,,,,,True,Karim Martin,,,,0,,,True,True,Century Habitat,False,https://exemple-images.test/AN-2O9SPZGZ/1.jpg; https://exemple-images.test/AN-2O9SPZGZ/2.jpg; https://exemple-images.test/AN-2O9SPZGZ/3.jpg; https://exemple-images.test/AN-2O9SPZGZ/4.jpg,,,karim.martin77@example.com,,,,,
9e3ef11e-923c-47ab-b87f-46bb1491b64e,AN-YUCAU2LV,REC-ZS4F1KCW,Maison,Maison spacieux à Toulouse,Toulouse,31000,1741031950,252319 €,233,8,False,168 rue Victor Hugo,43.635302,1.420585,,,0904060426,True,,,RDC,"Maison à rafraîchir de 233 m² situé à Toulouse. Proche de toutes commodités, transports et écoles. À visiter sans tarder.",True,True,Provence Immobilier,,,F,,contact75@example.com,,,,,
8f08b57c-2df1-48a1-a6ef-e4d9f2421056,AN-U5Q5EEBF,REC-ZS4F1KCW,Maison,Maison de standing à Toulouse,Toulouse,31000,3 décembre 2025,290906,221,9,False,33 chemin des Vignes,43.597316,1.397637,True,Marc Faure,0933659458,True,,2,,"Maison atypique de 221 m² situé à Toulouse. Proche de toutes commodités, transports et écoles. À visiter sans tarder.",True,True,Toit & Vous,,https://exemple-images.test/AN-U5Q5EEBF/1.jpg,E,1906,,,,,,
1ac83a1d-6b7a-4f50-8688-4588e53b80cd,AN-8JN3E6KW,REC-ZS4F1KCW,Maison,Maison lumineux à Toulouse,Toulouse,31000,2024-09-24T02:47:10,359101,152,10,,75 place de la Mairie,,,True,Marc Dubois,,,180.37,0,,"Maison spacieux de 152 m² situé à Toulouse. Cave et parking inclus. Proche de toutes commodités, transports et écoles. À visiter sans tarder.",True,True,,True,,,,,,,,,
f727265e-a408-4009-ab7b-a3efc872d61d,AN-E94MW20H,REC-ZS4F1KCW,Maison,Maison rénové à Toulouse,Toulouse,31000,2025-12-18,228636,211,7,,171 avenue des Champs,,,True,Marie Roche,,,,0,3,"Maison spacieux de 211 m² situé à Toulouse. Proche de toutes commodités, transports et écoles. À visiter sans tarder.",True,True,Century Habitat,True,,D,,,,,,,
33854c62-f939-4dbd-bc6d-5118de3aed21,AN-I0D7KTBZ,REC-ZS4F1KCW,Maison,Maison charmant à Toulouse,Toulouse,31000,2024-11-27T06:43:10,352236,292,10,,13 chemin des Vignes,43.579808,1.421548,True,,0542072821,,,,1,"Maison rénové de 292 m² situé à Toulouse. Cave et parking inclus. Proche de toutes commodités, transports et écoles. À visiter sans tarder.",True,True,ImmoPlus,,,F,,,,,,,
b602147e-14b2-417b-a6f5-cdce907d6c59,AN-VFA2BOJU,REC-ZS4F1KCW,Maison,Maison lumineux à Toulouse,Toulouse,31000,2 septembre 2024,403742 €,215,10,,,43.568089,1.405673,True,Jean Girard,0897052098,,,,,"Maison lumineux de 215 m² situé à Toulouse. Proche de toutes commodités, transports et écoles. À visiter sans tarder. Travaux à prévoir.",,True,,False,https://exemple-images.test/AN-VFA2BOJU/1.jpg; https://exemple-images.test/AN-VFA2BOJU/2.jpg; https://exemple-images.test/AN-VFA2BOJU/3.jpg,,2007,,,,,,
c9914712-3885-442a-ab00-9850d590cbb5,AN-TENKTFDR,REC-ZS4F1KCW,Maison,Maison en excellent état à Toulouse,Toulouse,31000,05/08/2026,264145,151,10,True,,,,True,Ahmed Moreau,0424065320,,,,3,"Maison à rafraîchir de 151 m² situé à Toulouse. Proche de toutes commodités, transports et écoles. À visiter sans tarder. Travaux à prévoir.",True,True,,False,,D,,ahmed.moreau19@example.com,,,,,
e5d1e5eb-5881-46ec-a8ee-de4969e333ca,AN-GJUQW8EE,REC-ZS4F1KCW,Maison,Maison rénové à Toulouse,Toulouse,31000,10-27-2024,285130 €,225,9,,,43.578966,1.427141,True,,0513577414,,,,1,"Maison lumineux de 225 m² situé à Toulouse. Proche de toutes commodités, transports et écoles. À visiter sans tarder. Travaux à prévoir.",True,True,ImmoPlus,False,,,,,,,,,
d77c3a65-21d2-4656-a49c-d44966984a79,AN-QIKESN5D,REC-ZS4F1KCW,Maison,Maison spacieux à Toulouse,Toulouse,31000,1736286850,386543,147,7,,,43.606543,1.449867,True,,,,,,RDC,"Maison spacieux de 147 m² situé à Toulouse. Proche de toutes commodités, transports et écoles. À visiter sans tarder.",True,,ImmoPlus,False,,,,contact13@example.com,,,,,
c6f27c6b-c59e-45d3-94ab-4a5f1e5caba2,AN-Z7YKS9TU,REC-ZS4F1KCW,Maison,Maison charmant à Toulouse,Toulouse,31000,30 août 2025,321824,151,10,,,,,True,,,,,3,4,"Maison en excellent état de 151 m² situé à Toulouse. Proche de toutes commodités, transports et écoles. À visiter sans tarder.",True,True,,False,,,,,,,,,
73935e2b-d5b0-44f3-a53e-3eb4614c283e,AN-43IBGNST,REC-ZS4F1KCW,Maison,Maison spacieux à Toulouse,Toulouse,31000,2025-04-03T00:51:10,302347,208,9,False,,43.597724,1.400928,True,Karim Dubois,,,170.4,,,"Maison en excellent état de 208 m² situé à Toulouse. Proche de toutes commodités, transports et écoles. À visiter sans tarder.",True,True,,False,https://exemple-images.test/AN-43IBGNST/1.jpg; https://exemple-images.test/AN-43IBGNST/2.jpg; https://exemple-images.test/AN-43IBGNST/3.jpg; https://exemple-images.test/AN-43IBGNST/4.jpg,,1982,karim.dubois44@example.com,,,,,
b3f8a004-a075-4b7b-a8a5-2f15e986dbfc,AN-X3KC7DK3,REC-ZS4F1KCW,Maison,Maison au calme à Toulouse,Toulouse,31000,2025-05-13T03:36:10,287273 €,176,6,,,43.652695,1.426386,True,Sophie Fontaine,,,,,RDC,"Maison spacieux de 176 m² situé à Toulouse. Proche de toutes commodités, transports et écoles. À visiter sans tarder.",True,True,ImmoPlus,,,G,,,,,,,
98140b22-a4b5-4791-b2bc-11b9ec624e0f,AN-KJ5SXX0F,REC-ZS4F1KCW,Maison,Maison atypique à Toulouse,Toulouse,31000,12-23-2025,391392,270,7,,,,,True,,0237769255,True,,2,,"Maison spacieux de 270 m² situé à Toulouse. Proche de toutes commodités, transports et écoles. À visiter sans tarder. Travaux à prévoir.",True,True,,,,B,,,,,,,
0c1ef921-3a83-4e6a-a212-73bbd5692ca5,AN-4ZNJ0BU4,REC-ZS4F1KCW,Maison,Maison rénové à Toulouse,Toulouse,31000,1758611470,321022,211,7,True,,,,True,,0292970388,,,,5,,,True,,,,,,contact57@example.com,,,,,
a720c176-b2e2-4a38-99e7-c1a59d66343a,AN-5181875E,REC-ZS4F1KCW,Maison,Maison en excellent état à Toulouse,Toulouse,31000,1748533810,208826,204,9,True,192 allée des Platanes,43.649702,1.434306,True,Marc Faure,,,,,1,"Maison spacieux de 204 m² situé à Toulouse. Cave et parking inclus. Proche de toutes commodités, transports et écoles. À visiter sans tarder. Travaux à prévoir.",True,True,Toit & Vous,,,,,,,,,,
c716c8b4-d814-419c-9be9-ea4d79eceb1a,AN-EMHQMJSP,REC-ZS4F1KCW,Maison,Maison au calme à Toulouse,Toulouse,31000,2026-03-27,376524,267,10,False,9 rue de la République,43.567059,1.437053,True,,,True,,0,dernier étage,"Maison charmant de 267 m² situé à Toulouse. Cave et parking inclus. Proche de toutes commodités, transports et écoles. À visiter sans tarder.",True,True,Nid Doré,,,,,contact66@example.com,,,,,
ee221e0a-59f9-41ae-bb39-b62117055553,AN-G4AX3XSO,REC-ZS4F1KCW,Maison,Maison à rafraîchir à Toulouse,Toulouse,31000,1740239290,306193,264,8,,,43.637701,1.399839,True,Sophie Moreau,0220642352,True,,1,,"Maison spacieux de 264 m² situé à Toulouse. Proche de toutes commodités, transports et écoles. À visiter sans tarder. Travaux à prévoir.",True,True,,,,,2023,sophie.moreau32@example.com,,,,,
fe08112a-81d1-49c2-8200-dcdfd5f6d4bd,AN-BRX87WPM,REC-ZS4F1KCW,Maison,Maison de standing à Toulouse,Toulouse,31000,26 octobre 2024,340881,220,7,,,43.605542,1.442119,True,Julie Girard,,,,,RDC,,,,Toit & Vous,True,,G,1961,julie.girard70@example.com,,,,,
1b5ff347-3ee3-4312-9a4f-1e3e7b966032,AN-3END80LD,REC-ZS4F1KCW,Maison,Maison de standing à Toulouse,Toulouse,31000,29/01/2026,275348,270,8,True,,43.601185,1.444413,True,Ahmed Girard,0039587637,,,,,"Maison au calme de 270 m² situé à Toulouse. Proche de toutes commodités, transports et écoles. À visiter sans tarder.",True,True,Toit & Vous,,,C,1975,,,,,,
81db42f1-fa2c-483a-b6cb-675fd649e41f,AN-1DU7HRDD,REC-ZS4F1KCW,Maison,Maison en excellent état à Toulouse,Toulouse,31000,29/04/2025,333595,156,8,True,,43.613347,1.395002,,Karim Perrin,0964431184,True,,,RDC,"Maison au calme de 156 m² situé à Toulouse. Proche de toutes commodités, transports et écoles. À visiter sans tarder.",True,True,Toit & Vous,,,,,,,,,,
998ec249-d54b-4829-b238-7c0f633dc339,AN-BAFPOY3D,REC-ZS4F1KCW,Maison,Maison de standing à Toulouse,Toulouse,31000,1730572210,396953 €,240,8,,,43.599017,1.461129,True,Nadia Perrin,,,,,4,,True,True,ImmoPlus,True,,,,,,,,,
330673cf-e62a-4779-95f7-3208822ddd0d,AN-80E3C79B,REC-ZS4F1KCW,Maison,Maison à rafraîchir à Toulouse,Toulouse,31000,14 septembre 2024,253730,234,7,True,,43.558634,1.442566,True,,0304081734,,,5,dernier étage,,True,True,,True,,,,,,,,,
a15b9110-5db7-4a31-ad81-54bfc79072bd,AN-9RG5A91Z,REC-ZS4F1KCW,Maison,Maison de standing à Toulouse,Toulouse,31000,1728634930,384585,,7,,,43.636961,1.421287,,Luc Fontaine,0386143515,,,4,dernier étage,"Maison avec vue dégagée de 265 m² situé à Toulouse. Cave et parking inclus. Proche de toutes commodités, transports et écoles. À visiter sans tarder.",True,,,,,,1906,luc.fontaine61@example.com,265,,,,
fb91e795-091a-47f1-80c4-37473c42a558,AN-GAMGDOT1,REC-ZS4F1KCW,Maison,Maison lumineux à Toulouse,Toulouse,31000,2025-05-12,285029,,9,,152 place de la Mairie,,,,Jean Lefevre,,,,0,3,,True,True,,,,F,,,149,,,,
0c41ff5d-47ed-4f46-a732-07c7b6658f60,AN-W61T0OLN,REC-ZS4F1KCW,Maison,Maison en excellent état à Toulouse,Toulouse,31000,2025-10-28,402980,,7,,,43.593373,1.440092,,Jean Martin,0279304888,,213.79,,,"Maison de standing de 191 m² situé à Toulouse. Cave et parking inclus. Proche de toutes commodités, transports et écoles. À visiter sans tarder. Travaux à prévoir.",,,Century Habitat,True,,,1887,jean.martin29@example.com,191,,,,
8bc44a8c-2f7c-4498-a7a6-be1fe638180f,AN-PC2587QH,REC-ZS4F1KCW,Maison,Maison en excellent état à Toulouse,Toulouse,31000,25 avril 2025,285747,218,7,,,,,True,,0499979448,,,,RDC,"Maison atypique de 218 m² situé à Toulouse. Cave et parking inclus. Proche de toutes commodités, transports et écoles. À visiter sans tarder.",True,True,Toit & Vous,,,E,,,,,,,
aecc0b1f-a3b1-498d-b6c2-116903cbe190,AN-9HX5P1NF,REC-ZS4F1KCW,Maison,Maison atypique à Toulouse,Toulouse,31000,1754896030,270135,196,8,True,12 place de la Mairie,43.566998,1.477541,True,,0833702428,,226.95,2,4,"Maison spacieux de 196 m² situé à Toulouse. Proche de toutes commodités, transports et écoles. À visiter sans tarder.",True,,,,https://exemple-images.test/AN-9HX5P1NF/1.jpg; https://exemple-images.test/AN-9HX5P1NF/2.jpg; https://exemple-images.test/AN-9HX5P1NF/3.jpg,,,,,,,,
92725191-8d67-433a-96b5-132881749629,AN-D03VNWMX,REC-ZS4F1KCW,Maison,Maison lumineux à Toulouse,Toulouse,31000,17/05/2025,338926,164,6,,183 rue Victor Hugo,,,True,Marc Fontaine,,True,264.59,,RDC,"Maison rénové de 164 m² situé à Toulouse. Proche de toutes commodités, transports et écoles. À visiter sans tarder.",True,True,Toit & Vous,,,,,,,,,,
004cd86f-2614-4105-bb74-ab7d77e99f85,AN-G4VF3752,REC-ZS4F1KCW,Maison,Maison atypique à Toulouse,Toulouse,31000,2025-09-15,353625,286,10,,138 rue Victor Hugo,43.604484,1.429674,True,,,,,2,,"Maison au calme de 286 m² situé à Toulouse. Proche de toutes commodités, transports et écoles. À visiter sans tarder.",,True,,False,,,,contact82@example.com,,,,,
4ba36f08-0e67-4fa8-a551-62e76702fb06,AN-62T2ZK37,REC-ZS4F1KCW,Maison,Maison atypique à Toulouse,Toulouse,31000,2026-01-22T02:36:10,348711 €,220,10,True,43 avenue des Champs,43.579188,1.448543,True,Ahmed Dubois,0273201686,,,2,,"Maison en excellent état de 220 m² situé à Toulouse. Cave et parking inclus. Proche de toutes commodités, transports et écoles. À visiter sans tarder. Travaux à prévoir.",True,True,Provence Immobilier,,,,1959,,,,,,
c5e4d7dc-a1bd-484a-b4b5-598641e60828,AN-UOR1XA2Z,REC-ZS4F1KCW,Maison,Maison en excellent état à Toulouse,Toulouse,31000,19/02/2026,330241,169,10,True,92 impasse des Lilas,43.572496,1.446655,True,Nadia Faure,,,,,,"Maison de standing de 169 m² situé à Toulouse. Cave et parking inclus. Proche de toutes commodités, transports et écoles. À visiter sans tarder.",True,,,,,,,,,,,,
bd6730d7-eed7-4e77-98d4-1a91294afdb1,AN-BNUZ96MJ,REC-ZS4F1KCW,Maison,Maison atypique à Toulouse,Toulouse,31000,10-06-2024,373022 €,,9,True,138 quai de la Loire,43.632187,1.406876,True,Marie Roche,0325095658,True,,4,2,"Maison rénové de 260 m² situé à Toulouse. Proche de toutes commodités, transports et écoles. À visiter sans tarder.",True,True,,,,,1942,,260,,,,
3446ffd6-e2e3-446d-90c0-e30eed0e2021,AN-UFUJ6MWM,REC-ZS4F1KCW,Maison,Maison à rafraîchir à Toulouse,Toulouse,31000,1775770030,359031,182,7,True,137 avenue des Champs,,,True,,,,,,3,,True,True,,True,,,,contact39@example.com,,,,,
40c2a556-9484-4b20-b5f0-31aaad4841c6,AN-GTOLKBLN,REC-ZS4F1KCW,Maison,Maison en excellent état à Toulouse,Toulouse,31000,08/06/2025,336367,255,6,,,,,True,,0021787648,,,,,"Maison à rafraîchir de 255 m² situé à Toulouse. Proche de toutes commodités, transports et écoles. À visiter sans tarder. Travaux à prévoir.",,True,,False,https://exemple-images.test/AN-GTOLKBLN/1.jpg; https://exemple-images.test/AN-GTOLKBLN/2.jpg; https://exemple-images.test/AN-GTOLKBLN/3.jpg; https://exemple-images.test/AN-GTOLKBLN/4.jpg; https://exemple-images.test/AN-GTOLKBLN/5.jpg,F,,,,,,,
ed108319-5318-4f0c-b1b1-8b8a70deba5b,AN-ATZ8RTGD,REC-ZS4F1KCW,Maison,Maison rénové à Toulouse,Toulouse,31000,1733026570,397377 €,296,8,,,43.554759,1.396079,True,Marc Bernard,0062293195,True,,2,RDC,"Maison spacieux de 296 m² situé à Toulouse. Cave et parking inclus. Proche de toutes commodités, transports et écoles. À visiter sans tarder. Travaux à prévoir.",True,True,Provence Immobilier,,https://exemple-images.test/AN-ATZ8RTGD/1.jpg; https://exemple-images.test/AN-ATZ8RTGD/2.jpg,,,,,,,,
939b44e2-295a-48a4-ba3d-32c633a31934,AN-5LJDOSZ4,REC-ZS4F1KCW,Maison,Maison en excellent état à Toulouse,Toulouse,31000,2026-04-08T01:16:10,380966,288,6,False,,43.646092,1.40758,True,Sophie Fontaine,0473724126,,,3,,,True,True,,,,D,,sophie.fontaine71@example.com,,,,,
eef4fd2f-6c84-41bc-889f-cf0f2ba00aa3,AN-JMMG86GV,REC-ZS4F1KCW,Maison,Maison lumineux à Toulouse,Toulouse,31000,10-04-2025,288779,197,6,,29 rue du Commerce,43.560452,1.407866,True,Karim Moreau,0709534308,,104.15,,0,"Maison spacieux de 197 m² situé à Toulouse. Proche de toutes commodités, transports et écoles. À visiter sans tarder.",,True,Century Habitat,True,,C,1965,,,,,,
5aeb8b0a-ef9d-4292-8a39-280aa980013f,AN-OUE87GXC,REC-ZS4F1KCW,Maison,Maison au calme à Toulouse,Toulouse,31000,2026-04-22T00:33:10,373300,199,9,,,,,True,Sophie Lefevre,,,,,4,,,True,,False,,,,,,,,,
740eea60-9c8d-4c92-9247-d1ed0e49a039,AN-MIAISWFF,REC-ZS4F1KCW,Maison,Maison atypique à Toulouse,Toulouse,31000,2025-04-22,345553,,9,True,,43.633236,1.415251,True,,,True,,,RDC,"Maison de standing de 155 m² situé à Toulouse. Proche de toutes commodités, transports et écoles. À visiter sans tarder.",True,True,,,,,,,155,,,,
a94341a4-3963-494f-bf6f-14b8d33ae112,AN-UBHWK8B8,REC-ZS4F1KCW,Maison,Maison lumineux à Toulouse,Toulouse,31000,2026-03-25,213231,230,7,,144 rue de la République,43.582774,1.422771,True,Marc Martin,0847972093,,,,dernier étage,"Maison atypique de 230 m² situé à Toulouse. Cave et parking inclus. Proche de toutes commodités, transports et écoles. À visiter sans tarder. Travaux à prévoir.",True,True,,,https://exemple-images.test/AN-UBHWK8B8/1.jpg; https://exemple-images.test/AN-UBHWK8B8/2.jpg; https://exemple-images.test/AN-UBHWK8B8/3.jpg,,,,,,,,
9b15c22d-6480-4449-bc59-b3b51c1494cf,AN-68CKAM5H,REC-ZS4F1KCW,Maison,Maison spacieux à Toulouse,Toulouse,31000,24/09/2024,298415,,8,,154 place de la Mairie,43.649139,1.415874,,,,,,1,,"Maison avec vue dégagée de 208 m² situé à Toulouse. Cave et parking inclus. Proche de toutes commodités, transports et écoles. À visiter sans tarder. Travaux à prévoir.",,True,,True,,G,,contact26@example.com,208,,,,
d98daaee-ae12-4792-91b1-e20fe8b7b8c9,AN-MYRIB85M,REC-ZS4F1KCW,Maison,Maison au calme à Toulouse,Toulouse,31000,10-24-2024,389843,246,7,False,11 allée des Platanes,,,True,,0450465778,,,,4,,True,True,Century Habitat,False,,G,,,,,,,
802a12bb-32a4-4cdb-97a6-f52779f0624b,AN-2T2IHRTU,REC-ZS4F1KCW,Maison,Maison de standing à Toulouse,Toulouse,31000,13/05/2025,308134 €,147,6,True,160 rue Victor Hugo,43.610393,1.458647,True,Marc Roche,,,,2,,,True,True,,,,,,marc.roche34@example.com,,,,,
3f14cbe3-3a12-4216-9ecf-08ab1c0c9d63,AN-I38JNJVV,REC-ZS4F1KCW,Maison,Maison charmant à Toulouse,Toulouse,31000,22/03/2026,365366,199,9,False,,,,True,Sophie Fontaine,0815258176,,,,dernier étage,"Maison en excellent état de 199 m² situé à Toulouse. Proche de toutes commodités, transports et écoles. À visiter sans tarder.",True,,,,,,1989,,,,,,
b938afe6-8e38-4b89-bb84-3451d7b8ec4f,AN-ZNNGLD4G,REC-ZS4F1KCW,Maison,Maison au calme à Toulouse,Toulouse,31000,2026-03-06T15:57:10,366752 €,288,9,,,,,True,,0117020955,,,,5,"Maison au calme de 288 m² situé à Toulouse. Proche de toutes commodités, transports et écoles. À visiter sans tarder.",,True,,,https://exemple-images.test/AN-ZNNGLD4G/1.jpg; https://exemple-images.test/AN-ZNNGLD4G/2.jpg; https://exemple-images.test/AN-ZNNGLD4G/3.jpg; https://exemple-images.test/AN-ZNNGLD4G/4.jpg; https://exemple-images.test/AN-ZNNGLD4G/5.jpg,,1918,contact51@example.com,,,,,
d4c9b1f5-4261-49ec-8e7e-cfd8542b2289,AN-QCSM24V5,REC-ZS4F1KCW,Maison,Maison lumineux à Toulouse,Toulouse,31000,1 septembre 2025,375372,160,10,,,,,True,,0808606308,,,5,,"Maison en excellent état de 160 m² situé à Toulouse. Proche de toutes commodités, transports et écoles. À visiter sans tarder.",,True,,True,https://exemple-images.test/AN-QCSM24V5/1.jpg,A,1921,,,,,,
4d117a2b-4673-43c1-b055-b487508f211e,AN-7UDBOHFU,REC-ZS4F1KCW,Maison,Maison avec vue dégagée à Toulouse,Toulouse,31000,12 décembre 2025,317835,273,7,,30 rue de la République,,,True,Sophie Bernard,0151480170,,,,,"Maison charmant de 273 m² situé à Toulouse. Proche de toutes commodités, transports et écoles. À visiter sans tarder.",True,True,Nid Doré,,,,,sophie.bernard31@example.com,,,,,
1d7f6b17-5cf8-46f8-bea7-462df58402ff,AN-ZPJ2LXFL,REC-ZS4F1KCW,Maison,Maison atypique à Toulouse,Toulouse,31000,01/12/2024,361609,250,6,,,43.566085,1.49356,True,,0588702168,,,0,,"Maison en excellent état de 250 m² situé à Toulouse. Proche de toutes commodités, transports et écoles. À visiter sans tarder.",True,True,,False,,,,,,,,,
8fb1bd9e-5704-48a4-8931-a200d0a926ee,AN-O90GLLYU,REC-ZS4F1KCW,Maison,Maison lumineux à Toulouse,Toulouse,31000,17/12/2024,229487,287,6,True,10 rue Jean Jaurès,,,True,,0027844728,,,,4,"Maison de standing de 287 m² situé à Toulouse. Proche de toutes commodités, transports et écoles. À visiter sans tarder.",,True,ImmoPlus,False,,,,,,,,,
be9b47f6-4ba7-42f9-b75b-9f56aa7e6bae,AN-HRXUZFJL,REC-ZS4F1KCW,Maison,Maison au calme à Toulouse,Toulouse,31000,26/11/2024,228081,290,10,True,,43.619926,1.410662,True,,0445010475,,,0,5,,True,True,,,,,2008,,,,,,
516579e3-cb4f-4025-b131-7d75bb8d64ab,AN-5OXXJP5Z,REC-ZS4F1KCW,Maison,Maison en excellent état à Toulouse,Toulouse,31000,2025-04-22T04:46:10,210269,289,6,True,,,,True,,0729279380,,,1,2,"Maison de standing de 289 m² situé à Toulouse. Cave et parking inclus. Proche de toutes commodités, transports et écoles. À visiter sans tarder. Travaux à prévoir.",True,True,ImmoPlus,False,,D,,,,,,,
0706bda4-45a1-43d8-a0cb-7d84bdb07e6f,AN-8FZNPR28,REC-ZS4F1KCW,Maison,Maison lumineux à Toulouse,Toulouse,31000,1781108050,272276,207,9,,88 allée des Platanes,,,True,Luc Perrin,,,,0,,"Maison atypique de 207 m² situé à Toulouse. Proche de toutes commodités, transports et écoles. À visiter sans tarder.",True,True,Provence Immobilier,,https://exemple-images.test/AN-8FZNPR28/1.jpg; https://exemple-images.test/AN-8FZNPR28/2.jpg; https://exemple-images.test/AN-8FZNPR28/3.jpg,E,,luc.perrin61@example.com,,,,,
547f331b-a6eb-490f-adeb-20e4f9b921a2,AN-WQB1CE5O,REC-ZS4F1KCW,Maison,Maison en excellent état à Toulouse,Toulouse,31000,1726747750,292790,214,8,,37 rue Jean Jaurès,43.631439,1.40234,True,Karim Martin,0927756459,,,,,"Maison en excellent état de 214 m² situé à Toulouse. Cave et parking inclus. Proche de toutes commodités, transports et écoles. À visiter sans tarder. Travaux à prévoir.",True,True,Provence Immobilier,,,E,,,,,,,
7f759dec-80b4-48e8-8a5d-7515f35a4810,AN-R8MI1I4H,REC-ZS4F1KCW,Maison,Maison en excellent état à Toulouse,Toulouse,31000,13 août 2025,340840 €,198,6,,,,,True,,0507666668,,,,,"Maison spacieux de 198 m² situé à Toulouse. Proche de toutes commodités, transports et écoles. À visiter sans tarder.",True,True,Provence Immobilier,False,,,,,,,,,
7db7d608-1b69-40f1-bf2d-a739a807dcf6,AN-LU9UTGGQ,REC-ZS4F1KCW,Maison,Maison de standing à Toulouse,Toulouse,31000,19 février 2025,259786,227,8,,40 place de la Mairie,,,,,0354391446,,,,5,,True,True,,,https://exemple-images.test/AN-LU9UTGGQ/1.jpg; https://exemple-images.test/AN-LU9UTGGQ/2.jpg; https://exemple-images.test/AN-LU9UTGGQ/3.jpg; https://exemple-images.test/AN-LU9UTGGQ/4.jpg; https://exemple-images.test/AN-LU9UTGGQ/5.jpg,,,contact44@example.com,,,,,
37fc0c1c-99b7-4bd0-9832-c96773e8cf71,AN-630V3BC7,REC-ZS4F1KCW,Maison,Maison de standing à Toulouse,Toulouse,31000,2026-02-04T18:48:10,348939,187,10,,,43.594286,1.450151,True,,,,94.49,,,,True,,Nid Doré,,https://exemple-images.test/AN-630V3BC7/1.jpg; https://exemple-images.test/AN-630V3BC7/2.jpg; https://exemple-images.test/AN-630V3BC7/3.jpg; https://exemple-images.test/AN-630V3BC7/4.jpg,,,contact81@example.com,,,,,
2e20ae0f-232e-49ef-8fb0-7246217babc3,AN-JPJL90VG,REC-ZS4F1KCW,Maison,Maison avec vue dégagée à Toulouse,Toulouse,31000,2025-03-07T06:18:10,371776,212,9,,,,,True,Karim Girard,0156002970,,,0,,,True,True,Toit & Vous,,,,,karim.girard34@example.com,,,,,
58fb8fa3-285a-4383-adc3-a5c1c5634ccf,AN-U9YWWXKU,REC-ZS4F1KCW,Maison,Maison avec vue dégagée à Toulouse,Toulouse,31000,14/09/2025,272027 €,229,8,True,57 boulevard Gambetta,43.621755,1.414339,True,Sophie Martin,0692312438,,,1,,"Maison à rafraîchir de 229 m² situé à Toulouse. Proche de toutes commodités, transports et écoles. À visiter sans tarder.",True,True,Toit & Vous,,https://exemple-images.test/AN-U9YWWXKU/1.jpg; https://exemple-images.test/AN-U9YWWXKU/2.jpg; https://exemple-images.test/AN-U9YWWXKU/3.jpg; https://exemple-images.test/AN-U9YWWXKU/4.jpg,,,sophie.martin62@example.com,,,,,
0fbb5652-b3a1-4028-8007-64cf7037432b,AN-8RNQCCJC,REC-ZS4F1KCW,Maison,Maison en excellent état à Toulouse,Toulouse,31000,1772210650,376167,182,10,,135 rue du Commerce,,,True,Julie Martin,,,,5,,"Maison charmant de 182 m² situé à Toulouse. Cave et parking inclus. Proche de toutes commodités, transports et écoles. À visiter sans tarder.",True,True,,,,E,,,,,,,
cf86d072-c027-492b-91c3-f8ce3f6b512a,AN-0PTNLYPH,REC-ZS4F1KCW,Maison,Maison en excellent état à Toulouse,Toulouse,31000,9 février 2025,352047,274,9,,,,,True,Claire Martin,0542103784,,,,,"Maison de standing de 274 m² situé à Toulouse. Proche de toutes commodités, transports et écoles. À visiter sans tarder.",True,True,Century Habitat,True,,D,,claire.martin57@example.com,,,,,
ff5bcfa6-7a31-414f-91e3-8ec61f3c8508,AN-UBHVLN24,REC-ZS4F1KCW,Maison,Maison à rafraîchir à Toulouse,Toulouse,31000,2026-03-09,231775,189,9,,,43.632963,1.423701,True,Marc Moreau,0031458920,,244.32,,3,"Maison spacieux de 189 m² situé à Toulouse. Cave et parking inclus. Proche de toutes commodités, transports et écoles. À visiter sans tarder.",True,True,Provence Immobilier,True,,,1981,marc.moreau54@example.com,,,,,
0cce5b1b-7358-4c8e-9cf5-ea58966f0d3d,AN-P8ITS84T,REC-ZS4F1KCW,Maison,Maison atypique à Toulouse,Toulouse,31000,2025-10-23T01:29:10,379418 €,229,10,,87 rue du Commerce,,,,,0219232486,,,,,"Maison spacieux de 229 m² situé à Toulouse. Proche de toutes commodités, transports et écoles. À visiter sans tarder. Travaux à prévoir.",,True,ImmoPlus,,,,1971,contact89@example.com,,,,,
af9c38e6-d47e-4257-8b42-9343bb856478,AN-AVZNFIAO,REC-ZS4F1KCW,Maison,Maison au calme à Toulouse,Toulouse,31000,17/02/2025,233105,272,7,,130 rue Victor Hugo,43.562626,1.461803,True,Claire Girard,,,,1,,"Maison atypique de 272 m² situé à Toulouse. Proche de toutes commodités, transports et écoles. À visiter sans tarder. Travaux à prévoir.",True,True,,,,,,,,,,,
82584764-34ca-4e45-995c-e5a657da6261,AN-KL2PRLC7,REC-ZS4F1KCW,Maison,Maison charmant à Toulouse,Toulouse,31000,2025-06-08T09:49:10,307696 €,290,6,,,43.617844,1.478385,True,,0481534467,,,0,,"Maison lumineux de 290 m² situé à Toulouse. Cave et parking inclus. Proche de toutes commodités, transports et écoles. À visiter sans tarder.",True,True,,False,,,,contact87@example.com,,,,,
33d710bd-f5e1-40b1-be98-025ec170f4db,AN-XWJ8QFDJ,REC-ZS4F1KCW,Maison,Maison atypique à Toulouse,Toulouse,31000,28/06/2025,381601,255,7,False,,,,,,,,,5,,"Maison lumineux de 255 m² situé à Toulouse. Proche de toutes commodités, transports et écoles. À visiter sans tarder.",True,,,True,,,,,,,,,
b9209d8a-17c5-4210-8a03-7381a5ef28da,AN-D5JNRMVQ,REC-ZS4F1KCW,Maison,Maison de standing à Toulouse,Toulouse,31000,2024-11-23,398524,234,8,True,117 impasse des Lilas,43.570495,1.418488,True,,0768729872,,,3,,"Maison atypique de 234 m² situé à Toulouse. Proche de toutes commodités, transports et écoles. À visiter sans tarder. Travaux à prévoir.",,True,,True,,,,contact10@example.com,,,,,
60bb67da-acc3-4ae0-b42f-44747fe3ea0d,AN-JMXS8Y34,REC-ZS4F1KCW,Maison,Maison charmant à Toulouse,Toulouse,31000,2025-07-02,301703,186,10,,61 chemin des Vignes,43.586856,1.469133,True,Marc Martin,0153893565,,,2,,"Maison en excellent état de 186 m² situé à Toulouse. Cave et parking inclus. Proche de toutes commodités, transports et écoles. À visiter sans tarder.",,True,,,https://exemple-images.test/AN-JMXS8Y34/1.jpg; https://exemple-images.test/AN-JMXS8Y34/2.jpg,F,,marc.martin18@example.com,,,,,
65ddcfeb-bfe8-487c-a8f9-04ed04dd2141,AN-99SV6QAI,REC-ZS4F1KCW,Maison,Maison de standing à Toulouse,Toulouse,31000,2026-01-14,229844,246,7,,174 rue Jean Jaurès,43.646688,1.443081,True,Julie Fontaine,0394511845,,,,4,"Maison charmant de 246 m² situé à Toulouse. Cave et parking inclus. Proche de toutes commodités, transports et écoles. À visiter sans tarder.",True,,,False,,,,julie.fontaine41@example.com,,,,,
bd56601a-cbc8-4907-a02a-6e1e3062cd23,AN-HFD654XQ,REC-ZS4F1KCW,Maison,Maison de standing à Toulouse,Toulouse,31000,1770243670,283117,266,9,,,43.617911,1.439803,True,Marc Lefevre,,,,,1,"Maison en excellent état de 266 m² situé à Toulouse. Cave et parking inclus. Proche de toutes commodités, transports et écoles. À visiter sans tarder.",True,True,,True,,,,marc.lefevre68@example.com,,,,,
2a4d2ae0-a122-4bdc-87bf-dcfe1c01a259,AN-7XU5R9MI,REC-ZS4F1KCW,Maison,Maison en excellent état à Toulouse,Toulouse,31000,19 septembre 2025,244727,201,8,False,28 rue Pasteur,43.630041,1.451733,True,,0293552818,,,,,"Maison de standing de 201 m² situé à Toulouse. Cave et parking inclus. Proche de toutes commodités, transports et écoles. À visiter sans tarder.",True,,Toit & Vous,,,,,contact6@example.com,,,,,
e7056976-9e9c-4ee1-8685-67d711267eee,AN-EAWM3Y16,REC-ZS4F1KCW,Maison,Maison de standing à Toulouse,Toulouse,31000,25 mai 2026,376010,,7,,96 chemin des Vignes,43.562452,1.444512,,,,,,1,,"Maison au calme de 211 m² situé à Toulouse. Proche de toutes commodités, transports et écoles. À visiter sans tarder.",True,True,ImmoPlus,,,C,,,211,,,,
7b9b269b-b63c-4c9b-83bc-62b0d32b9bdb,AN-RRNOQDEU,REC-ZS4F1KCW,Maison,Maison en excellent état à Toulouse,Toulouse,31000,30/10/2025,330009,195,7,,,,,True,,0615717651,,,,,,True,True,Provence Immobilier,False,,,,contact68@example.com,,,,,
6dfbc6a4-76f4-459b-abb1-858693848fd6,AN-2RVWRGMJ,REC-ZS4F1KCW,Maison,Maison rénové à Toulouse,Toulouse,31000,2025-06-28,207715,,8,,166 allée des Platanes,43.560888,1.477982,True,,,,,3,4,"Maison spacieux de 222 m² situé à Toulouse. Proche de toutes commodités, transports et écoles. À visiter sans tarder. Travaux à prévoir.",True,True,Provence Immobilier,True,,C,1979,,222,,,,
9975a01c-0615-46e5-8ca1-c0ece3e2b087,AN-OVO46AHU,REC-ZS4F1KCW,Maison,Maison spacieux à Toulouse,Toulouse,31000,1768670050,364340 €,260,8,,141 rue Jean Jaurès,43.570597,1.412441,True,Marc Fontaine,0847036839,,,,5,"Maison avec vue dégagée de 260 m² situé à Toulouse. Proche de toutes commodités, transports et écoles. À visiter sans tarder.",True,True,Provence Immobilier,True,https://exemple-images.test/AN-OVO46AHU/1.jpg,,,marc.fontaine85@example.com,,,,,
0ecb22e3-0e08-49dd-abee-ee57305342ad,AN-3HXMHAWP,REC-ZS4F1KCW,Maison,Maison atypique à Toulouse,Toulouse,31000,01-10-2025,304030,217,8,,,,,True,Claire Fontaine,0269390627,,333.85,0,3,,True,True,,,,G,,,,,,,
21767339-efab-487a-9c6e-b0a74f29888d,AN-DZBX3IQ6,REC-ZS4F1KCW,Maison,Maison atypique à Toulouse,Toulouse,31000,1765896790,347374,208,10,,161 rue de la République,,,,Ahmed Faure,0970010116,,,1,dernier étage,"Maison charmant de 208 m² situé à Toulouse. Proche de toutes commodités, transports et écoles. À visiter sans tarder. Travaux à prévoir.",,True,,,,G,1853,,,,,,
53c7113d-37c6-4c26-86db-7c7389fe9ddb,AN-WS4Q4ZU2,REC-ZS4F1KCW,Maison,Maison en excellent état à Toulouse,Toulouse,31000,2026-06-14,300663 €,183,9,,38 rue de la République,,,True,Julie Faure,0401510244,True,,0,,"Maison atypique de 183 m² situé à Toulouse. Proche de toutes commodités, transports et écoles. À visiter sans tarder.",True,True,,,https://exemple-images.test/AN-WS4Q4ZU2/1.jpg; https://exemple-images.test/AN-WS4Q4ZU2/2.jpg,,,,,,,,
773e207a-1ecf-4994-a83a-cd9398fc91da,AN-6ARB8U09,REC-ZS4F1KCW,Maison,Maison en excellent état à Toulouse,Toulouse,31000,01-03-2026,386211 €,230,9,False,14 rue du Commerce,43.640465,1.482009,True,,0856738339,,,,5,"Maison charmant de 230 m² situé à Toulouse. Proche de toutes commodités, transports et écoles. À visiter sans tarder.",True,True,,,,D,,,,,,,
534e2b1a-0e7f-4d6d-a609-8b04d3c8084b,AN-H4M33PG5,REC-ZS4F1KCW,Maison,Maison à rafraîchir à Toulouse,Toulouse,31000,2026-08-04T18:32:10,297662,246,8,,,43.577888,1.395207,True,Ahmed Moreau,,,,5,5,"Maison lumineux de 246 m² situé à Toulouse. Proche de toutes commodités, transports et écoles. À visiter sans tarder.",True,True,Provence Immobilier,False,,C,,ahmed.moreau47@example.com,,,,,
c6f9174f-e613-4fd7-8b0f-833e6337e961,AN-P50BMELJ,REC-ZS4F1KCW,Maison,Maison rénové à Toulouse,Toulouse,31000,20 décembre 2024,270552,165,10,False,,43.564729,1.483206,,,,,,4,,,True,True,,,,,,,,,,,
927ad71f-fa6d-4b23-971c-8daad6306746,AN-9NYPN59O,REC-ZS4F1KCW,Maison,Maison en excellent état à Toulouse,Toulouse,31000,2026-06-28,260654,194,8,,,43.61001,1.479213,True,,0336895965,,144.93,5,,,True,,,True,https://exemple-images.test/AN-9NYPN59O/1.jpg,C,,,,,,,
f6f5048a-dd2c-4193-81ad-9acb583d1389,AN-45MV2PPH,REC-ZS4F1KCW,Maison,Maison avec vue dégagée à Toulouse,Toulouse,31000,2025-09-05T12:19:10,321097,155,7,,77 rue Pasteur,,,True,,,,,2,,"Maison au calme de 155 m² situé à Toulouse. Cave et parking inclus. Proche de toutes commodités, transports et écoles. À visiter sans tarder.",True,True,,,https://exemple-images.test/AN-45MV2PPH/1.jpg,,,,,,,,
13c6f5ef-8930-47d4-aa46-4dce59d624d8,AN-CN0SXBA0,REC-ZS4F1KCW,Maison,Maison spacieux à Toulouse,Toulouse,31000,1765301290,313082,287,6,,111 rue de la République,43.604058,1.436124,True,Nadia Roche,,,98.05,,,"Maison en excellent état de 287 m² situé à Toulouse. Cave et parking inclus. Proche de toutes commodités, transports et écoles. À visiter sans tarder.",True,,,,,A,,,,,,,
6cf22b22-0d6a-4851-8e61-36ffddedf829,AN-W8JYRSH3,REC-ZS4F1KCW,Maison,Maison atypique à Toulouse,Toulouse,31000,01-16-2026,337281,281,9,,,,,True,Marc Roche,0036215264,,,,dernier étage,"Maison spacieux de 281 m² situé à Toulouse. Proche de toutes commodités, transports et écoles. À visiter sans tarder.",True,True,Clé en Main Immo,,,A,,,,,,,
f230b7ec-c7db-4da7-8ecc-42ccecdf21a5,AN-UNXMLKYW,REC-ZS4F1KCW,Maison,Maison avec vue dégagée à Toulouse,Toulouse,31000,1730221630,345820,227,10,True,23 quai de la Loire,43.648414,1.401247,,Karim Lefevre,0967073462,,,3,2,"Maison de standing de 227 m² situé à Toulouse. Proche de toutes commodités, transports et écoles. À visiter sans tarder.",,,,,https://exemple-images.test/AN-UNXMLKYW/1.jpg; https://exemple-images.test/AN-UNXMLKYW/2.jpg; https://exemple-images.test/AN-UNXMLKYW/3.jpg,,,,,,,,
dbeab750-f29e-4390-a325-35af9a579c5f,AN-VPS757CK,REC-ZS4F1KCW,Maison,Maison au calme à Toulouse,Toulouse,31000,28/06/2025,225714,170,10,,109 rue Victor Hugo,43.584755,1.424597,,Marc Bernard,0581520436,,,1,RDC,"Maison rénové de 170 m² situé à Toulouse. Proche de toutes commodités, transports et écoles. À visiter sans tarder.",True,True,Century Habitat,False,,C,,marc.bernard99@example.com,,,,,
bb0b642c-5463-430a-9f86-ef0171606b4a,AN-14I7ZADE,REC-ZS4F1KCW,Maison,Maison charmant à Toulouse,Toulouse,31000,26/07/2026,402607,,10,,,43.649615,1.462715,True,Ahmed Lefevre,,,,,5,"Maison spacieux de 175 m² situé à Toulouse. Proche de toutes commodités, transports et écoles. À visiter sans tarder.",True,True,Nid Doré,,,G,,ahmed.lefevre27@example.com,175,,,,
cac99768-0dce-4464-a55e-2f8298cc116b,AN-DG3AT6VW,REC-ZS4F1KCW,Maison,Maison à rafraîchir à Toulouse,Toulouse,31000,2024-11-06,209942,249,8,,,,,True,Marc Faure,0894835282,,,0,dernier étage,"Maison lumineux de 249 m² situé à Toulouse. Proche de toutes commodités, transports et écoles. À visiter sans tarder.",,True,Toit & Vous,,https://exemple-images.test/AN-DG3AT6VW/1.jpg; https://exemple-images.test/AN-DG3AT6VW/2.jpg,,,,,,,,
f2c46d2d-e13e-4980-acb9-4c5c97350a4e,AN-GLN2W6BU,REC-ZS4F1KCW,Maison,Maison au calme à Toulouse,Toulouse,31000,18/04/2026,222369,203,7,,,,,True,Marc Martin,0897708397,,,1,2,,True,,,True,,,,,,,,,
329a5771-8c71-4762-a057-0993d65e42d8,AN-DYANARYG,REC-ZS4F1KCW,Maison,Maison avec vue dégagée à Toulouse,Toulouse,31000,01-12-2026,268417 €,256,6,False,,,,True,,,,,,,,True,True,Toit & Vous,True,https://exemple-images.test/AN-DYANARYG/1.jpg,E,1953,,,,,,
1f549971-1801-4c2d-8501-b793f21b5562,AN-NMAJ8TVB,REC-ZS4F1KCW,Maison,Maison de standing à Toulouse,Toulouse,31000,06-10-2025,358345,248,6,False,133 rue Pasteur,43.578422,1.399744,True,Marc Dubois,,,,,5,"Maison spacieux de 248 m² situé à Toulouse. Cave et parking inclus. Proche de toutes commodités, transports et écoles. À visiter sans tarder.",True,True,ImmoPlus,,,C,,,,,,,
f1325293-8e60-4dae-b87e-5c6439208356,AN-JM4ZU0TI,REC-ZS4F1KCW,Maison,Maison spacieux à Toulouse,Toulouse,31000,2025-07-21T07:45:10,322176,246,10,True,,,,True,,,,297.77,,,"Maison lumineux de 246 m² situé à Toulouse. Proche de toutes commodités, transports et écoles. À visiter sans tarder.",True,True,Provence Immobilier,False,https://exemple-images.test/AN-JM4ZU0TI/1.jpg; https://exemple-images.test/AN-JM4ZU0TI/2.jpg; https://exemple-images.test/AN-JM4ZU0TI/3.jpg,,,,,,,,
b3b8fb8b-e5e9-44b9-8d12-87d76e0e7a5f,AN-8S131XNS,REC-ZS4F1KCW,Maison,Maison de standing à Toulouse,Toulouse,31000,2024-09-09,250566,271,8,,,,,True,Luc Roche,0200582775,True,243.97,0,2,,True,True,Nid Doré,,,G,,,,,,,
79a51e86-f453-4d40-8d61-f56a2f7269d6,AN-QGSQGJ42,REC-ZS4F1KCW,Maison,Maison en excellent état à Toulouse,Toulouse,31000,2024-09-13,391107,178,6,,84 rue de la République,43.587036,1.426035,True,Nadia Fontaine,0403581655,,,,,"Maison spacieux de 178 m² situé à Toulouse. Proche de toutes commodités, transports et écoles. À visiter sans tarder.",True,True,Toit & Vous,False,,B,,nadia.fontaine84@example.com,,,,,
b812d57b-ef62-4883-9b62-b54e9e53beb0,AN-VLM67Y1Y,REC-ZS4F1KCW,Maison,Maison de standing à Toulouse,Toulouse,31000,2025-12-12T18:32:10,339654,174,6,,180 rue du Commerce,43.654684,1.455193,,Karim Girard,0275210337,,348.68,,1,"Maison avec vue dégagée de 174 m² situé à Toulouse. Cave et parking inclus. Proche de toutes commodités, transports et écoles. À visiter sans tarder.",True,True,,,,,,,,,,,
309113f2-1561-4f24-81af-9146447b7942,AN-B3O4VUA5,REC-ZS4F1KCW,Maison,Maison lumineux à Toulouse,Toulouse,31000,27 septembre 2024,296502,289,9,,170 boulevard Gambetta,,,True,Marie Girard,,,,3,,"Maison avec vue dégagée de 289 m² situé à Toulouse. Proche de toutes commodités, transports et écoles. À visiter sans tarder. Travaux à prévoir.",,True,,True,,B,1894,marie.girard79@example.com,,,,,
de522b67-0ec1-4b52-822f-30330ddee7d4,AN-GTNW5PVS,REC-ZS4F1KCW,Maison,Maison rénové à Toulouse,Toulouse,31000,2025-03-10,262398,278,8,,,43.632407,1.401315,True,Marie Faure,,True,,2,,"Maison à rafraîchir de 278 m² situé à Toulouse. Proche de toutes commodités, transports et écoles. À visiter sans tarder.",True,True,,,,E,,,,,,,
f4c6c9aa-0c67-4e57-be52-01ed3c847786,AN-4YDNPTXE,REC-ZS4F1KCW,Maison,Maison rénové à Toulouse,Toulouse,31000,2024-12-16T04:41:10,285179 €,255,6,,,43.586896,1.418121,True,Jean Faure,0372712361,True,,2,RDC,,True,True,,,,,,jean.faure69@example.com,,,,,
ab329612-4ecf-43e3-bfb1-08f1a65f21be,AN-CORFNOYI,REC-ZS4F1KCW,Maison,Maison avec vue dégagée à Toulouse,Toulouse,31000,03-01-2026,221970,152,10,,55 boulevard Gambetta,,,True,,0218812780,,242.82,,,,True,True,,,,,,,,,,,
6c3d58e1-d492-48f3-8bb2-c66e6b199bb0,AN-VDCXGSH1,REC-ZS4F1KCW,Maison,Maison charmant à Toulouse,Toulouse,31000,1756386970,250329,208,8,,,43.645903,1.490249,True,,,,,0,RDC,"Maison spacieux de 208 m² situé à Toulouse. Cave et parking inclus. Proche de toutes commodités, transports et écoles. À visiter sans tarder.",True,True,Provence Immobilier,,,,1993,,,,,,
abb15608-74e8-442c-97b9-a5bd19268d23,AN-WLMYKTYS,REC-ZS4F1KCW,Maison,Maison en excellent état à Toulouse,Toulouse,31000,2026-01-18T17:03:10,210572 €,196,6,,,,,True,,0379251893,True,,3,4,,True,True,,,,,1925,contact63@example.com,,,,,
889eb746-101f-4c09-b73f-3f13b9f8b19e,AN-F6S5DJ8X,REC-ZS4F1KCW,Maison,Maison charmant à Toulouse,Toulouse,31000,22 avril 2026,404138,191,6,True,,,,,Jean Girard,0185275710,,55.38,4,,"Maison au calme de 191 m² situé à Toulouse. Proche de toutes commodités, transports et écoles. À visiter sans tarder.",True,True,,,,,,jean.girard18@example.com,,,,,
907ebdff-a17e-4354-8974-f6b95e79796d,AN-R861T23D,REC-ZS4F1KCW,Maison,Maison en excellent état à Toulouse,Toulouse,31000,1754810170,215550,,7,,93 avenue des Champs,43.626173,1.459808,True,Julie Lefevre,0013832247,,,,,"Maison atypique de 218 m² situé à Toulouse. Cave et parking inclus. Proche de toutes commodités, transports et écoles. À visiter sans tarder.",True,True,Toit & Vous,True,,,,,218,,,,
e9c01cc8-2037-47a4-8b05-e1d390915ce7,AN-BNZSJH9I,REC-ZS4F1KCW,Maison,Maison atypique à Toulouse,Toulouse,31000,19/05/2026,227272 €,280,7,,,,,True,,,,389.11,,1,"Maison lumineux de 280 m² situé à Toulouse. Proche de toutes commodités, transports et écoles. À visiter sans tarder.",True,True,,,https://exemple-images.test/AN-BNZSJH9I/1.jpg; https://exemple-images.test/AN-BNZSJH9I/2.jpg; https://exemple-images.test/AN-BNZSJH9I/3.jpg; https://exemple-images.test/AN-BNZSJH9I/4.jpg; https://exemple-images.test/AN-BNZSJH9I/5.jpg,,,,,,,,
53519fe6-82c2-4951-a19b-d80900380777,AN-2PZQBJYP,REC-ZS4F1KCW,Maison,Maison à rafraîchir à Toulouse,Toulouse,31000,02-25-2025,216323,208,9,True,,43.584062,1.46719,True,Claire Girard,0191055510,,,,2,"Maison avec vue dégagée de 208 m² situé à Toulouse. Proche de toutes commodités, transports et écoles. À visiter sans tarder.",True,True,,,,,,,,,,,
7508a35e-5810-40a5-9ea6-5052afddcce9,AN-MLVG7458,REC-ZS4F1KCW,Maison,Maison lumineux à Toulouse,Toulouse,31000,02-19-2026,300985,267,9,,,,,True,,0290784187,,,4,,"Maison lumineux de 267 m² situé à Toulouse. Proche de toutes commodités, transports et écoles. À visiter sans tarder.",,True,Toit & Vous,False,,,,,,,,,
b8acc043-7e9b-4cf9-8245-70174269a831,AN-2W1GING2,REC-ZS4F1KCW,Maison,Maison lumineux à Toulouse,Toulouse,31000,12/09/2024,275664,238,10,,133 place de la Mairie,,,True,Marie Girard,0267013646,True,127.13,2,,"Maison en excellent état de 238 m² situé à Toulouse. Cave et parking inclus. Proche de toutes commodités, transports et écoles. À visiter sans tarder.",True,True,,,https://exemple-images.test/AN-2W1GING2/1.jpg; https://exemple-images.test/AN-2W1GING2/2.jpg; https://exemple-images.test/AN-2W1GING2/3.jpg; https://exemple-images.test/AN-2W1GING2/4.jpg; https://exemple-images.test/AN-2W1GING2/5.jpg,A,,,,,,,
e2757725-2d1b-45ea-bec8-892eb62b8d27,AN-G8SNQUF9,REC-ZS4F1KCW,Maison,Maison avec vue dégagée à Toulouse,Toulouse,31000,2024-12-07,226048,161,6,False,87 rue de la République,,,True,Nadia Moreau,,,,,,"Maison en excellent état de 161 m² situé à Toulouse. Proche de toutes commodités, transports et écoles. À visiter sans tarder.",True,True,,,https://exemple-images.test/AN-G8SNQUF9/1.jpg; https://exemple-images.test/AN-G8SNQUF9/2.jpg; https://exemple-images.test/AN-G8SNQUF9/3.jpg; https://exemple-images.test/AN-G8SNQUF9/4.jpg,,,nadia.moreau97@example.com,,,,,
360babd9-a9be-4536-8f14-89dc6f24c607,AN-6IUKSFS6,REC-ZS4F1KCW,Maison,Maison en excellent état à Toulouse,Toulouse,31000,1751849710,208639,,10,False,181 rue de la République,43.64882,1.411462,True,Julie Bernard,,,323.59,,,"Maison au calme de 248 m² situé à Toulouse. Proche de toutes commodités, transports et écoles. À visiter sans tarder.",True,True,Century Habitat,,,,,julie.bernard43@example.com,248,,,,
15938579-3ec0-47ca-834f-6bf12f0e874e,AN-AAWSQOQO,REC-ZS4F1KCW,Maison,Maison rénové à Toulouse,Toulouse,31000,2024-11-26,394774,235,9,,,43.580135,1.484939,True,,,,,3,,"Maison au calme de 235 m² situé à Toulouse. Proche de toutes commodités, transports et écoles. À visiter sans tarder.",True,True,,False,https://exemple-images.test/AN-AAWSQOQO/1.jpg; https://exemple-images.test/AN-AAWSQOQO/2.jpg; https://exemple-images.test/AN-AAWSQOQO/3.jpg; https://exemple-images.test/AN-AAWSQOQO/4.jpg,B,,contact21@example.com,,,,,
6904df6e-53a5-4595-aa2a-b853e9f513bf,AN-JFCIO9VY,REC-ZS4F1KCW,Maison,Maison à rafraîchir à Toulouse,Toulouse,31000,2026-06-26T00:52:10,232703,186,9,False,4 rue Pasteur,43.639309,1.421467,True,Luc Martin,,,101.11,,,"Maison lumineux de 186 m² situé à Toulouse. Proche de toutes commodités, transports et écoles. À visiter sans tarder. Travaux à prévoir.",True,,,False,,,,luc.martin8@example.com,,,,,
2ba841a8-ccec-4d45-99b9-44722c070a74,AN-KKO3Q85E,REC-ZS4F1KCW,Maison,Maison rénové à Toulouse,Toulouse,31000,06/03/2025,383274,288,9,,,43.615795,1.445789,True,,0811424101,,,5,,"Maison charmant de 288 m² situé à Toulouse. Proche de toutes commodités, transports et écoles. À visiter sans tarder.",,,,False,,E,,contact65@example.com,,,,,
0098baf8-8c26-4a7a-8bce-baf87db7ea9d,AN-O92UBGK9,REC-ZS4F1KCW,Maison,Maison spacieux à Toulouse,Toulouse,31000,2026-02-15T19:06:10,277422,216,7,,167 rue Jean Jaurès,,,True,Claire Martin,0111144203,True,,3,,,True,True,,,,D,,claire.martin39@example.com,,,,,
b284ec10-4f87-444b-9e6e-a764cd5313c3,AN-R6VAL0XZ,REC-ZS4F1KCW,Maison,Maison de standing à Toulouse,Toulouse,31000,1772631010,392311,286,7,,,,,True,Julie Moreau,0292833357,,,,0,"Maison avec vue dégagée de 286 m² situé à Toulouse. Proche de toutes commodités, transports et écoles. À visiter sans tarder. Travaux à prévoir.",True,True,ImmoPlus,,,A,1871,julie.moreau18@example.com,,,,,
2d497593-112c-4873-a5bf-fabdfe556a8a,AN-6YQ63D54,REC-ZS4F1KCW,Maison,Maison avec vue dégagée à Toulouse,Toulouse,31000,16 février 2025,217399,286,6,False,73 boulevard Gambetta,,,True,,0802814221,,,,dernier étage,"Maison lumineux de 286 m² situé à Toulouse. Proche de toutes commodités, transports et écoles. À visiter sans tarder.",True,True,,True,https://exemple-images.test/AN-6YQ63D54/1.jpg; https://exemple-images.test/AN-6YQ63D54/2.jpg; https://exemple-images.test/AN-6YQ63D54/3.jpg; https://exemple-images.test/AN-6YQ63D54/4.jpg,,,contact76@example.com,,,,,
317f4f6c-06fc-4b94-9745-bab60a86ea90,AN-KHSA1MBC,REC-ZS4F1KCW,Maison,Maison en excellent état à Toulouse,Toulouse,31000,2024-11-23,313763,230,6,,19 rue Jean Jaurès,,,True,,0025158542,,,,dernier étage,"Maison charmant de 230 m² situé à Toulouse. Proche de toutes commodités, transports et écoles. À visiter sans tarder. Travaux à prévoir.",True,True,Century Habitat,,,G,,contact48@example.com,,,,,
0a215124-d643-4811-be82-5e65d7095cc2,AN-NK16B5HB,REC-ZS4F1KCW,Maison,Maison en excellent état à Toulouse,Toulouse,31000,19 décembre 2024,294901 €,201,10,,,43.563633,1.433519,True,Marc Moreau,0270070697,,,0,,,True,True,Nid Doré,False,,G,,,,,,,
67b68aaa-36fc-4758-9d34-96ef68a1cafe,AN-P0REERJR,REC-ZS4F1KCW,Maison,Maison au calme à Toulouse,Toulouse,31000,2025-07-17T14:32:10,379020,207,9,,157 avenue des Champs,43.578119,1.416185,True,,0198263454,,,,2,,True,True,Clé en Main Immo,,,,,contact72@example.com,,,,,
60920c9a-564c-4ea9-a88d-23b0bae924ac,AN-PM6V9I7O,REC-ZS4F1KCW,Maison,Maison charmant à Toulouse,Toulouse,31000,2026-07-25,339542,223,8,,,43.59644,1.45178,True,Nadia Roche,0807169276,True,,,,"Maison spacieux de 223 m² situé à Toulouse. Proche de toutes commodités, transports et écoles. À visiter sans tarder.",True,True,Provence Immobilier,,,E,1921,nadia.roche40@example.com,,,,,
691c8ff0-3376-4100-b7a7-58ccc09bdab8,AN-ETCLIOEK,REC-ZS4F1KCW,Maison,Maison en excellent état à Toulouse,Toulouse,31000,10 avril 2025,280512,291,6,,152 rue Victor Hugo,,,True,Karim Martin,0379590447,,202.51,,,"Maison au calme de 291 m² situé à Toulouse. Proche de toutes commodités, transports et écoles. À visiter sans tarder.",True,True,Provence Immobilier,False,https://exemple-images.test/AN-ETCLIOEK/1.jpg; https://exemple-images.test/AN-ETCLIOEK/2.jpg; https://exemple-images.test/AN-ETCLIOEK/3.jpg; https://exemple-images.test/AN-ETCLIOEK/4.jpg,A,,,,,,,
5a430e71-a71d-48e5-b3aa-3182d16d9672,AN-XLREXB4T,REC-ZS4F1KCW,Maison,Maison charmant à Toulouse,Toulouse,31000,17/05/2025,321639,154,10,,71 place de la Mairie,43.606812,1.427512,True,,0416129363,True,379.12,1,,"Maison atypique de 154 m² situé à Toulouse. Proche de toutes commodités, transports et écoles. À visiter sans tarder. Travaux à prévoir.",True,True,Clé en Main Immo,,,,,contact44@example.com,,,,,
2bbc7fde-8309-428d-8eb9-a5c3b4274fcf,AN-HKXCCCB6,REC-ZS4F1KCW,Maison,Maison spacieux à Toulouse,Toulouse,31000,2026-02-23,284755,211,6,,178 rue du Commerce,43.622286,1.445165,,,0910459235,,,1,,"Maison à rafraîchir de 211 m² situé à Toulouse. Proche de toutes commodités, transports et écoles. À visiter sans tarder.",True,True,,,,,1965,contact67@example.com,,,,,
ee129be3-55ad-479c-ac45-fe201490d2f8,AN-Q22CWN7I,REC-ZS4F1KCW,Maison,Maison rénové à Toulouse,Toulouse,31000,2026-02-13,287079,223,7,,140 avenue des Champs,,,True,,0893589106,,,,3,"Maison rénové de 223 m² situé à Toulouse. Proche de toutes commodités, transports et écoles. À visiter sans tarder.",,True,Provence Immobilier,True,,,,,,,,,
e8f5daf3-cf94-4408-b744-d4131684d998,AN-MY339ZPR,REC-ZS4F1KCW,Maison,Maison atypique à Toulouse,Toulouse,31000,05-29-2026,349245,232,7,False,71 rue de la République,,,True,Marie Dubois,0433533150,,,1,,"Maison en excellent état de 232 m² situé à Toulouse. Cave et parking inclus. Proche de toutes commodités, transports et écoles. À visiter sans tarder. Travaux à prévoir.",,,Toit & Vous,True,https://exemple-images.test/AN-MY339ZPR/1.jpg; https://exemple-images.test/AN-MY339ZPR/2.jpg,,,,,,,,
3249e50e-36ed-4c21-9b05-3e1bd9218434,AN-CVM1LSXI,REC-ZS4F1KCW,Maison,Maison au calme à Toulouse,Toulouse,31000,2024-12-07,286693,255,10,False,,43.567266,1.444763,,Luc Girard,,True,,,,"Maison spacieux de 255 m² situé à Toulouse. Proche de toutes commodités, transports et écoles. À visiter sans tarder.",True,True,,,,,,,,,,,
8de541e7-a56d-4c3a-9c6e-7d3c0ab857cc,AN-B4KAB806,REC-ZS4F1KCW,Maison,Maison charmant à Toulouse,Toulouse,31000,27/01/2026,257518,180,10,,,43.589949,1.408126,,Nadia Martin,0257327825,,,,,"Maison de standing de 180 m² situé à Toulouse. Cave et parking inclus. Proche de toutes commodités, transports et écoles. À visiter sans tarder.",True,True,ImmoPlus,,,,,,,,,,
9cd3fb02-7f90-4c5b-a1e3-aecaa72e6a4e,AN-J9QU4GAU,REC-ZS4F1KCW,Maison,Maison spacieux à Toulouse,Toulouse,31000,1750027570,218686,252,7,,70 rue de la République,,,True,Marie Dubois,0914079712,,,,3,"Maison avec vue dégagée de 252 m² situé à Toulouse. Proche de toutes commodités, transports et écoles. À visiter sans tarder.",,True,Clé en Main Immo,,https://exemple-images.test/AN-J9QU4GAU/1.jpg; https://exemple-images.test/AN-J9QU4GAU/2.jpg,C,,marie.dubois58@example.com,,,,,
9b93aa64-9f58-4bca-83c1-a3bb75a31383,AN-XUUH8QL7,REC-ZS4F1KCW,Maison,Maison lumineux à Toulouse,Toulouse,31000,07/10/2025,242224,160,8,,,43.62468,1.485825,True,Julie Dubois,0710441976,,,,,"Maison de standing de 160 m² situé à Toulouse. Proche de toutes commodités, transports et écoles. À visiter sans tarder.",True,True,,,,,,,,,,,
19a3b161-e1b7-4a19-bcd3-cbc9f26fad36,AN-335AOOAZ,REC-ZS4F1KCW,Maison,Maison spacieux à Toulouse,Toulouse,31000,04/01/2025,317891,262,9,,,43.631766,1.45408,True,Julie Lefevre,,,,,5,"Maison avec vue dégagée de 262 m² situé à Toulouse. Proche de toutes commodités, transports et écoles. À visiter sans tarder.",True,True,Provence Immobilier,,,,,,,,,,
b115ffd9-c87a-4ca0-aa50-36103fda687b,AN-RNWKFJKK,REC-ZS4F1KCW,Maison,Maison de standing à Toulouse,Toulouse,31000,05-12-2025,205001,,10,,,43.593305,1.429751,True,,0002795384,,,3,2,"Maison spacieux de 277 m² situé à Toulouse. Proche de toutes commodités, transports et écoles. À visiter sans tarder.",True,True,,False,,E,1984,,277,,,,
05340965-46f0-4c71-b92f-acc0c9756ef0,AN-QZ7KZSF4,REC-ZS4F1KCW,Maison,Maison de standing à Toulouse,Toulouse,31000,08/09/2025,309155,213,8,True,,43.614256,1.463288,True,,0272985381,,,5,2,"Maison lumineux de 213 m² situé à Toulouse. Cave et parking inclus. Proche de toutes commodités, transports et écoles. À visiter sans tarder.",,,,,https://exemple-images.test/AN-QZ7KZSF4/1.jpg; https://exemple-images.test/AN-QZ7KZSF4/2.jpg; https://exemple-images.test/AN-QZ7KZSF4/3.jpg; https://exemple-images.test/AN-QZ7KZSF4/4.jpg; https://exemple-images.test/AN-QZ7KZSF4/5.jpg,,1874,contact78@example.com,,,,,
baf7c8d6-7e1e-4dd1-9b7a-d6c2f1a543cf,AN-WQ2PN8CG,REC-ZS4F1KCW,Maison,Maison charmant à Toulouse,Toulouse,31000,2025-02-02,263268,,8,,,,,True,Marc Faure,0589281638,True,56.43,4,5,"Maison atypique de 258 m² situé à Toulouse. Cave et parking inclus. Proche de toutes commodités, transports et écoles. À visiter sans tarder.",True,True,Nid Doré,,,,,,258,,,,
54915fca-d9df-4fe5-8fe7-3f8ad4b437d4,AN-0PPRJOAD,REC-ZS4F1KCW,Maison,Maison en excellent état à Toulouse,Toulouse,31000,06-22-2026,253295,287,10,False,93 impasse des Lilas,,,,,,,,,,"Maison en excellent état de 287 m² situé à Toulouse. Proche de toutes commodités, transports et écoles. À visiter sans tarder.",True,True,,,,C,,contact93@example.com,,,,,
e5de0016-4db6-4f4a-915d-c49cc016953f,AN-JSUHBXXS,REC-ZS4F1KCW,Maison,Maison lumineux à Toulouse,Toulouse,31000,1753637950,315952,254,10,,,43.623943,1.478245,True,,0067642760,,,5,,"Maison en excellent état de 254 m² situé à Toulouse. Cave et parking inclus. Proche de toutes commodités, transports et écoles. À visiter sans tarder.",True,True,,,,,,contact65@example.com,,,,,
9287dfb0-8f16-464d-8d36-84ebd0baaf21,AN-QI6ENOFJ,REC-ZS4F1KCW,Maison,Maison atypique à Toulouse,Toulouse,31000,2025-11-12,240934,183,9,,94 boulevard Gambetta,43.564261,1.400356,True,,0228729783,,,,1,"Maison au calme de 183 m² situé à Toulouse. Proche de toutes commodités, transports et écoles. À visiter sans tarder.",True,True,Toit & Vous,,,F,,contact3@example.com,,,,,
9d58d368-5089-4aef-a579-a1e65b0cb559,AN-GVMZQODP,REC-ZS4F1KCW,Maison,Maison avec vue dégagée à Toulouse,Toulouse,31000,1745672290,344255 €,295,10,True,,,,True,Marc Bernard,0306396823,,,,,"Maison rénové de 295 m² situé à Toulouse. Proche de toutes commodités, transports et écoles. À visiter sans tarder.",True,True,,,,D,,,,,,,
d960bf32-3db0-452a-9786-7b856b52a6cb,AN-UTK14VZ2,REC-ZS4F1KCW,Maison,Maison rénové à Toulouse,Toulouse,31000,2026-06-26T13:29:10,396404,230,6,,,43.625654,1.475827,True,,0087793961,,112.46,4,,,True,,,,,,,contact92@example.com,,,,,
25819a66-e6b2-4110-8549-91cb8c744d83,AN-R18RVBU7,REC-ZS4F1KCW,Maison,Maison charmant à Toulouse,Toulouse,31000,16/07/2025,391838,284,10,,79 boulevard Gambetta,,,True,,,True,,,,"Maison charmant de 284 m² situé à Toulouse. Cave et parking inclus. Proche de toutes commodités, transports et écoles. À visiter sans tarder.",True,True,,,,,,contact28@example.com,,,,,
1c2e74ad-77b5-43b2-b1c2-db8a37b24490,AN-VKAYNKS0,REC-ZS4F1KCW,Maison,Maison au calme à Toulouse,Toulouse,31000,2026-08-18T15:58:10,273900,227,6,,54 avenue des Champs,43.626547,1.491705,True,Sophie Dubois,0009121871,,69.49,1,,"Maison spacieux de 227 m² situé à Toulouse. Proche de toutes commodités, transports et écoles. À visiter sans tarder.",True,True,,,,F,,,,,,,
48566b7d-9093-4fc7-85a4-660d9db11fb5,AN-6BFAH6DO,REC-ZS4F1KCW,Maison,Maison spacieux à Toulouse,Toulouse,31000,2025-07-03,238159,196,10,,,43.577908,1.443734,True,,0601310232,,,,0,"Maison spacieux de 196 m² situé à Toulouse. Proche de toutes commodités, transports et écoles. À visiter sans tarder.",True,True,,False,,,,,,,,,
b591585b-f7a2-4e3e-bace-20ef7c6d8d47,AN-Z0IZA4HM,REC-ZS4F1KCW,Maison,Maison en excellent état à Toulouse,Toulouse,31000,2024-12-13,214191,177,8,,,,,True,Claire Fontaine,0808814462,,,,,"Maison rénové de 177 m² situé à Toulouse. Cave et parking inclus. Proche de toutes commodités, transports et écoles. À visiter sans tarder.",True,True,,,https://exemple-images.test/AN-Z0IZA4HM/1.jpg; https://exemple-images.test/AN-Z0IZA4HM/2.jpg; https://exemple-images.test/AN-Z0IZA4HM/3.jpg; https://exemple-images.test/AN-Z0IZA4HM/4.jpg; https://exemple-images.test/AN-Z0IZA4HM/5.jpg,F,,,,,,,
78831f63-c220-419d-b074-7859e66218f7,AN-V0GDHFV1,REC-ZS4F1KCW,Maison,Maison en excellent état à Toulouse,Toulouse,31000,04-21-2026,404186,161,7,,,,,True,Julie Perrin,,,,,,"Maison en excellent état de 161 m² situé à Toulouse. Proche de toutes commodités, transports et écoles. À visiter sans tarder.",True,True,,,,,,julie.perrin62@example.com,,,,,
0491a401-4bd5-4915-bd21-da348aedae44,AN-CQZZ0EYU,REC-ZS4F1KCW,Maison,Maison à rafraîchir à Toulouse,Toulouse,31000,2026-05-24,396135,161,7,True,186 rue de la République,43.562894,1.483603,True,,,,,1,,,True,True,,True,,A,,contact38@example.com,,,,,
a9d4c141-2001-43d9-bb93-862cb24ddcca,AN-ASZQTK8G,REC-ZS4F1KCW,Maison,Maison au calme à Toulouse,Toulouse,31000,17/11/2024,248463,297,9,,175 place de la Mairie,43.587783,1.411956,True,,,,,1,RDC,,True,True,Clé en Main Immo,,,,,contact89@example.com,,,,,
4efccde7-a254-4fa5-a2a1-8d56880f0315,AN-NJLGEQAH,REC-ZS4F1KCW,Maison,Maison au calme à Toulouse,Toulouse,31000,1744934350,335082,225,6,False,45 boulevard Gambetta,,,True,Marie Fontaine,,,,4,1,"Maison lumineux de 225 m² situé à Toulouse. Cave et parking inclus. Proche de toutes commodités, transports et écoles. À visiter sans tarder.",True,True,,,,F,,marie.fontaine22@example.com,,,,,
680c95f0-dc68-4bee-b109-aa701838e8d7,AN-TUDA4C1P,REC-ZS4F1KCW,Maison,Maison au calme à Toulouse,Toulouse,31000,26/10/2025,355316,223,6,,21 allée des Platanes,43.648283,1.413254,True,Claire Girard,0250308760,,,,,"Maison à rafraîchir de 223 m² situé à Toulouse. Proche de toutes commodités, transports et écoles. À visiter sans tarder. Travaux à prévoir.",True,True,,,,,1864,,,,,,
89370620-fe5e-400f-9d4e-6652d6b8d025,AN-U5JOG1ZP,REC-ZS4F1KCW,Maison,Maison rénové à Toulouse,Toulouse,31000,1728807250,329283,152,7,True,149 rue du Commerce,,,True,Luc Roche,,,,1,,,True,True,,False,,,,,,,,,
a16b967d-c438-4b98-8194-7b3d6bff2e60,AN-OV6XRF6R,REC-ZS4F1KCW,Maison,Maison lumineux à Toulouse,Toulouse,31000,2025-07-11,364421,266,9,,65 rue Victor Hugo,,,True,,,,,0,,"Maison de standing de 266 m² situé à Toulouse. Cave et parking inclus. Proche de toutes commodités, transports et écoles. À visiter sans tarder.",,True,Century Habitat,True,,E,1896,contact90@example.com,,,,,
0269aa54-8179-4274-b7da-ea0a29bc04bb,AN-VUSCB3DY,REC-ZS4F1KCW,Maison,Maison atypique à Toulouse,Toulouse,31000,2026-08-09,318265 €,261,10,,,43.561539,1.450381,True,Luc Martin,0927305148,,172.83,1,2,,True,True,Clé en Main Immo,True,,D,,,,,,,
387d2b6c-be02-4e6b-9102-258aac211302,AN-ATP65DN2,REC-ZS4F1KCW,Maison,Maison avec vue dégagée à Toulouse,Toulouse,31000,2026-03-15,405438,291,10,False,92 allée des Platanes,43.602058,1.480547,True,Sophie Dubois,,,,4,RDC,"Maison au calme de 291 m² situé à Toulouse. Cave et parking inclus. Proche de toutes commodités, transports et écoles. À visiter sans tarder. Travaux à prévoir.",True,True,,False,,,,sophie.dubois7@example.com,,,,,
7d32708b-368a-4f6b-ae5b-00b35b1f7cde,AN-VCHD99EJ,REC-ZS4F1KCW,Maison,Maison avec vue dégagée à Toulouse,Toulouse,31000,2026-02-02T10:29:10,267400,291,8,,,43.593733,1.492902,True,,,,,,,,True,True,,,,,2022,,,,,,
360c4cdf-1a04-41b7-8db5-c1bde02a8034,AN-KPFF7XOF,REC-ZS4F1KCW,Maison,Maison rénové à Toulouse,Toulouse,31000,2025-07-23T15:37:10,404296,183,10,,48 rue Jean Jaurès,43.566696,1.467361,True,Julie Bernard,0416895019,,,1,,"Maison charmant de 183 m² situé à Toulouse. Proche de toutes commodités, transports et écoles. À visiter sans tarder.",,True,Century Habitat,True,,,,,,,,,
0399ee18-9f41-4162-a85d-3cf11b8da1d4,AN-MSYY9M1X,REC-ZS4F1KCW,Maison,Maison atypique à Toulouse,Toulouse,31000,2025-11-08T19:30:10,383841,152,9,,38 chemin des Vignes,,,True,Julie Moreau,0295421392,,,0,,"Maison lumineux de 152 m² situé à Toulouse. Proche de toutes commodités, transports et écoles. À visiter sans tarder.",True,True,Century Habitat,False,,C,,,,,,,
3354d6b9-f7ef-460f-b599-662caf6ff3e7,AN-93MBS564,REC-ZS4F1KCW,Maison,Maison en excellent état à Toulouse,Toulouse,31000,08-29-2025,292026,221,6,,86 rue Pasteur,43.61718,1.42614,True,,0009348092,,,,RDC,"Maison charmant de 221 m² situé à Toulouse. Proche de toutes commodités, transports et écoles. À visiter sans tarder. Travaux à prévoir.",True,True,Provence Immobilier,False,,C,,,,,,,
b6c6968a-5eff-4442-aa8b-259080229e3e,AN-AKPDY5GC,REC-ZS4F1KCW,Maison,Maison rénové à Toulouse,Toulouse,31000,12/11/2024,391892 €,246,6,,,,,True,Karim Dubois,0670240116,True,,,,"Maison charmant de 246 m² situé à Toulouse. Proche de toutes commodités, transports et écoles. À visiter sans tarder.",True,True,Nid Doré,,https://exemple-images.test/AN-AKPDY5GC/1.jpg; https://exemple-images.test/AN-AKPDY5GC/2.jpg; https://exemple-images.test/AN-AKPDY5GC/3.jpg,,,,,,,,
61d833d2-6775-4a3d-8ded-703e65564c1f,AN-DPE2ULJ0,REC-ZS4F1KCW,Maison,Maison à rafraîchir à Toulouse,Toulouse,31000,2026-08-19,306369,261,9,True,121 avenue des Champs,43.566394,1.45564,True,,0184057148,,,,0,,True,True,,,,E,,contact43@example.com,,,,,
08967f13-81b4-40ab-941d-373946ce063a,AN-13Q2SACH,REC-ZS4F1KCW,Maison,Maison en excellent état à Toulouse,Toulouse,31000,2026-03-07,385813,188,6,,122 avenue des Champs,43.642812,1.410067,True,Nadia Perrin,0144114317,,138.97,,3,"Maison charmant de 188 m² situé à Toulouse. Proche de toutes commodités, transports et écoles. À visiter sans tarder.",True,True,,,,,1956,nadia.perrin41@example.com,,,,,
1ad14a99-ce17-48fb-94c7-ab4962ef4748,AN-D7KU9HHD,REC-ZS4F1KCW,Maison,Maison à rafraîchir à Toulouse,Toulouse,31000,2026-08-22T23:01:10,376925,248,10,,13 place de la Mairie,,,True,Jean Roche,0787987524,,208.71,1,,,True,True,,,,C,,,,,,,
93f26e2a-23ef-4eed-b081-b94d64a1a284,AN-8ENPPURX,REC-ZS4F1KCW,Maison,Maison de standing à Toulouse,Toulouse,31000,2024-09-04,315319,150,6,,,,,True,Nadia Lefevre,0574806976,,,2,,"Maison atypique de 150 m² situé à Toulouse. Proche de toutes commodités, transports et écoles. À visiter sans tarder.",True,True,Century Habitat,False,,C,,nadia.lefevre70@example.com,,,,,
52c47704-5ad5-4620-9c9b-ac6b6793de7b,AN-4UEC95IW,REC-ZS4F1KCW,Maison,Maison charmant à Toulouse,Toulouse,31000,15/09/2024,406015,297,7,True,146 rue Pasteur,,,True,Karim Roche,0176555585,,,0,,"Maison charmant de 297 m² situé à Toulouse. Proche de toutes commodités, transports et écoles. À visiter sans tarder.",,True,Provence Immobilier,,https://exemple-images.test/AN-4UEC95IW/1.jpg; https://exemple-images.test/AN-4UEC95IW/2.jpg; https://exemple-images.test/AN-4UEC95IW/3.jpg,C,1976,karim.roche53@example.com,,,,,
703787c0-088b-4984-8250-4d88d1a4bcd9,AN-4ZZNYYIM,REC-ZS4F1KCW,Maison,Maison atypique à Toulouse,Toulouse,31000,06-24-2025,304633,214,7,True,76 rue du Commerce,,,,Karim Martin,,,,,,"Maison à rafraîchir de 214 m² situé à Toulouse. Proche de toutes commodités, transports et écoles. À visiter sans tarder.",True,True,,True,,,,karim.martin1@example.com,,,,,
07a0cf38-c4b5-4aad-9946-c99218df3833,AN-JNA6U917,REC-ZS4F1KCW,Maison,Maison au calme à Toulouse,Toulouse,31000,13/09/2025,321971,169,7,,176 rue Jean Jaurès,,,True,,0194789291,,,0,,"Maison en excellent état de 169 m² situé à Toulouse. Cave et parking inclus. Proche de toutes commodités, transports et écoles. À visiter sans tarder.",True,True,,False,,,,,,,,,
ffbfc1ba-62a6-40f6-91d6-6d44c0c637d4,AN-HORULABG,REC-ZS4F1KCW,Maison,Maison avec vue dégagée à Toulouse,Toulouse,31000,04-03-2026,364350,206,9,,,,,True,Ahmed Fontaine,0010615788,,170.65,,,"Maison avec vue dégagée de 206 m² situé à Toulouse. Proche de toutes commodités, transports et écoles. À visiter sans tarder. Travaux à prévoir.",True,True,,,https://exemple-images.test/AN-HORULABG/1.jpg; https://exemple-images.test/AN-HORULABG/2.jpg; https://exemple-images.test/AN-HORULABG/3.jpg; https://exemple-images.test/AN-HORULABG/4.jpg; https://exemple-images.test/AN-HORULABG/5.jpg,A,,,,,,,
e2377c8d-c13d-41e3-8e4e-5d6be76d55d2,AN-MTST4Q5X,REC-ZS4F1KCW,Maison,Maison à rafraîchir à Toulouse,Toulouse,31000,2025-04-02T06:49:10,293706,285,6,,149 impasse des Lilas,43.567455,1.473591,True,,0989700841,,,,RDC,"Maison charmant de 285 m² situé à Toulouse. Cave et parking inclus. Proche de toutes commodités, transports et écoles. À visiter sans tarder.",True,,Nid Doré,False,,,1899,contact97@example.com,,,,,
21ed44b6-5bfb-44d0-bdf9-9c3ec6a091b4,AN-ZEALCO7N,REC-ZS4F1KCW,Maison,Maison atypique à Toulouse,Toulouse,31000,2025-08-25T00:15:10,240782 €,264,10,,55 quai de la Loire,43.57409,1.469113,True,Marie Fontaine,0175119032,,,2,,"Maison avec vue dégagée de 264 m² situé à Toulouse. Proche de toutes commodités, transports et écoles. À visiter sans tarder.",True,,,True,,,,,,,,,
80b017bc-1022-4c90-84ab-4e82382e0dd3,AN-HN8V5W7V,REC-ZS4F1KCW,Maison,Maison charmant à Toulouse,Toulouse,31000,09-03-2024,393119,196,9,False,,43.633239,1.408653,True,,0598345347,,,4,4,"Maison rénové de 196 m² situé à Toulouse. Proche de toutes commodités, transports et écoles. À visiter sans tarder.",True,True,,True,,,,,,,,,
bf0d496f-20ff-4028-8b34-36d7add54329,AN-UJPG3SGP,REC-ZS4F1KCW,Maison,Maison à rafraîchir à Toulouse,Toulouse,31000,1742785390,258774,229,7,,34 rue Jean Jaurès,43.561895,1.43315,True,Marie Girard,,,297.69,,,"Maison lumineux de 229 m² situé à Toulouse. Proche de toutes commodités, transports et écoles. À visiter sans tarder.",True,True,,False,,,,,,,,,
5ea0a282-d5b4-4919-8fe3-507b2cdde59f,AN-7Y77IZVK,REC-ZS4F1KCW,Maison,Maison lumineux à Toulouse,Toulouse,31000,1773870670,348740,265,10,,,,,,Julie Faure,,,,0,RDC,"Maison charmant de 265 m² situé à Toulouse. Cave et parking inclus. Proche de toutes commodités, transports et écoles. À visiter sans tarder. Travaux à prévoir.",True,True,Century Habitat,,https://exemple-images.test/AN-7Y77IZVK/1.jpg,F,1959,,,,,,
b8e3a048-549e-4f37-80fd-dffab5e09832,AN-8HHSXNLM,REC-ZS4F1KCW,Maison,Maison rénové à Toulouse,Toulouse,31000,29/04/2025,293006,230,7,,,43.604962,1.411681,True,Luc Bernard,0513697478,,,4,,"Maison au calme de 230 m² situé à Toulouse. Proche de toutes commodités, transports et écoles. À visiter sans tarder.",True,True,Nid Doré,True,,,,,,,,,
da9960f3-16fc-48e4-a01c-c0ff56e8e158,AN-IRMVYY0B,REC-ZS4F1KCW,Maison,Maison lumineux à Toulouse,Toulouse,31000,2025-09-28,298381,243,9,True,,,,True,Marc Martin,0686170818,True,,4,,,True,True,,,,,1952,marc.martin56@example.com,,,,,
e7d7bc46-64be-420f-8869-94333aeb6ecd,AN-LMPYJT04,REC-ZS4F1KCW,Maison,Maison lumineux à Toulouse,Toulouse,31000,2025-03-18T23:33:10,276308,264,7,,,,,True,,,,66.27,2,4,"Maison au calme de 264 m² situé à Toulouse. Proche de toutes commodités, transports et écoles. À visiter sans tarder.",True,,Toit & Vous,True,,,,,,,,,
57032a5b-004d-4c98-9176-40564628a7be,AN-R9ADDIXL,REC-ZS4F1KCW,Maison,Maison lumineux à Toulouse,Toulouse,31000,2024-10-12,284163,284,10,,135 rue Pasteur,43.610698,1.432104,True,,0998985545,,,5,,"Maison lumineux de 284 m² situé à Toulouse. Proche de toutes commodités, transports et écoles. À visiter sans tarder. Travaux à prévoir.",True,True,Provence Immobilier,True,,E,1865,,,,,,
4fad762d-a597-4440-8c6e-3012587922fa,AN-CXM86SD3,REC-ZS4F1KCW,Maison,Maison spacieux à Toulouse,Toulouse,31000,2024-10-09,341683,259,9,,126 place de la Mairie,43.595429,1.480158,True,,0809578237,,,4,,"Maison rénové de 259 m² situé à Toulouse. Cave et parking inclus. Proche de toutes commodités, transports et écoles. À visiter sans tarder.",True,True,,True,,,,,,,,,
b15dc63a-a1a2-4293-bdb9-2ae948c3b7b6,AN-B4UFYDBR,REC-ZS4F1KCW,Maison,Maison de standing à Toulouse,Toulouse,31000,10/08/2025,369529 €,223,7,,,,,,Ahmed Fontaine,0826878356,,,2,RDC,"Maison au calme de 223 m² situé à Toulouse. Proche de toutes commodités, transports et écoles. À visiter sans tarder.",True,True,Clé en Main Immo,,https://exemple-images.test/AN-B4UFYDBR/1.jpg; https://exemple-images.test/AN-B4UFYDBR/2.jpg; https://exemple-images.test/AN-B4UFYDBR/3.jpg; https://exemple-images.test/AN-B4UFYDBR/4.jpg,D,1916,ahmed.fontaine85@example.com,,,,,
b9cf5b1e-1ccb-4374-a87c-1475de15b3db,AN-QMP633JK,REC-ZS4F1KCW,Maison,Maison lumineux à Toulouse,Toulouse,31000,1730790370,233400 €,169,6,,,,,True,Luc Faure,,,,,,,True,True,,,,B,,,,,,,
0b24f879-1355-4e15-b7d2-0a60a876fca1,AN-2YHPWQXF,REC-ZS4F1KCW,Maison,Maison à rafraîchir à Toulouse,Toulouse,31000,2025-07-09,367355,233,10,,169 rue Jean Jaurès,,,True,Ahmed Moreau,,,374.98,3,0,,True,True,,False,,,,ahmed.moreau47@example.com,,,,,
8d35e9e4-fcba-411f-8bd1-a00ae29ed7fe,AN-WCGQKMF4,REC-ZS4F1KCW,Maison,Maison spacieux à Toulouse,Toulouse,31000,03-15-2025,209653,290,6,False,94 rue du Commerce,,,True,Claire Moreau,0409618635,,330.41,2,,"Maison charmant de 290 m² situé à Toulouse. Proche de toutes commodités, transports et écoles. À visiter sans tarder.",True,True,,,,,,,,,,,
d898f191-0b70-4c55-abb7-89a5efbc3404,AN-Y83PDUIY,REC-ZS4F1KCW,Maison,Maison à rafraîchir à Toulouse,Toulouse,31000,2025-11-28,389319,261,6,,,43.647911,1.48779,True,,,,,5,,"Maison avec vue dégagée de 261 m² situé à Toulouse. Cave et parking inclus. Proche de toutes commodités, transports et écoles. À visiter sans tarder.",True,True,,,,,,contact82@example.com,,,,,
c088c17d-66b0-40ec-8731-110ff0eb6fe8,AN-HRLTGFY0,REC-ZS4F1KCW,Maison,Maison en excellent état à Toulouse,Toulouse,31000,26/04/2026,239311 €,229,9,,,43.608813,1.419746,True,Marie Perrin,0938766155,,224.45,2,1,"Maison avec vue dégagée de 229 m² situé à Toulouse. Cave et parking inclus. Proche de toutes commodités, transports et écoles. À visiter sans tarder.",True,True,ImmoPlus,False,,,,,,,,,
bc1bac6f-0b97-4c3f-8985-c1561a912631,AN-VIMAZZ5O,REC-ZS4F1KCW,Maison,Maison charmant à Toulouse,Toulouse,31000,2026-04-05,371927,212,9,,83 place de la Mairie,,,True,Marie Roche,,,,5,,"Maison de standing de 212 m² situé à Toulouse. Proche de toutes commodités, transports et écoles. À visiter sans tarder.",True,True,Clé en Main Immo,False,,,,,,,,,
65a19b7d-6650-4485-9fb1-57f71ae403dd,AN-UOHXTVFJ,REC-ZS4F1KCW,Maison,Maison rénové à Toulouse,Toulouse,31000,2025-04-18,313723,195,7,,,43.633739,1.417005,,Marie Perrin,0101828077,,367.13,4,,"Maison au calme de 195 m² situé à Toulouse. Proche de toutes commodités, transports et écoles. À visiter sans tarder. Travaux à prévoir.",True,True,ImmoPlus,,https://exemple-images.test/AN-UOHXTVFJ/1.jpg; https://exemple-images.test/AN-UOHXTVFJ/2.jpg; https://exemple-images.test/AN-UOHXTVFJ/3.jpg; https://exemple-images.test/AN-UOHXTVFJ/4.jpg,D,,marie.perrin17@example.com,,,,,
168da1ec-e16b-43b1-bc1d-e3ea8b9bfd3b,AN-P0QA534Y,REC-ZS4F1KCW,Maison,Maison en excellent état à Toulouse,Toulouse,31000,16/12/2025,338460,,8,,161 chemin des Vignes,,,True,Jean Fontaine,,,,2,RDC,,,True,,True,,,1907,,268,,,,
6ed033e8-0ef6-4e66-b7e8-c2dc95afbbf2,AN-5OPT8Z17,REC-ZS4F1KCW,Maison,Maison rénové à Toulouse,Toulouse,31000,2025-01-06T16:27:10,304204,,9,,103 rue Pasteur,43.643929,1.442676,True,Nadia Dubois,,,,,,,True,,Century Habitat,,,,1891,,221,,,,
bc2be95b-b80b-4229-8476-a60d6d7cf5e1,AN-3I2BYPIL,REC-ZS4F1KCW,Maison,Maison avec vue dégagée à Toulouse,Toulouse,31000,10 mai 2025,279858,183,10,False,,43.61544,1.462612,True,,0757912597,True,,,3,"Maison de standing de 183 m² situé à Toulouse. Proche de toutes commodités, transports et écoles. À visiter sans tarder.",True,True,Century Habitat,,,B,,,,,,,
932fcf31-6377-4eca-be10-8ace395762e5,AN-MD7JX6YZ,REC-ZS4F1KCW,Maison,Maison rénové à Toulouse,Toulouse,31000,5 janvier 2025,320984,157,10,,,,,True,Jean Lefevre,0427807551,,,0,2,,True,,,False,,,,,,,,,
abce80ba-227b-490a-90c9-38e1fb3431d5,AN-CIE2JNUB,REC-ZS4F1KCW,Maison,Maison atypique à Toulouse,Toulouse,31000,2025-12-31T14:13:10,398725,172,10,False,,,,True,,,,,,3,"Maison avec vue dégagée de 172 m² situé à Toulouse. Proche de toutes commodités, transports et écoles. À visiter sans tarder.",True,True,Clé en Main Immo,False,,,,contact29@example.com,,,,,
968c6b55-bb8f-4c65-864e-dcb6c67fb4fa,AN-QLOPSE2N,REC-ZS4F1KCW,Maison,Maison au calme à Toulouse,Toulouse,31000,10/02/2025,215161,270,6,,,,,True,,0870209465,True,364.06,5,,,True,True,,,,,,,,,,,
9ea253aa-5c0d-490a-b6ba-c7b06eb80b94,AN-N1TFRW0U,REC-ZS4F1KCW,Maison,Maison de standing à Toulouse,Toulouse,31000,28 septembre 2024,374954,260,10,True,,43.557617,1.41635,True,,,,90.42,,1,,True,True,Provence Immobilier,,,,,contact27@example.com,,,,,
ffd03a53-daf5-423d-a64d-e7e66c9ddb2a,AN-5S17YN8Y,REC-ZS4F1KCW,Maison,Maison lumineux à Toulouse,Toulouse,31000,2024-09-16,274668,154,10,,146 chemin des Vignes,43.557445,1.404365,True,,0201388814,,,5,5,"Maison de standing de 154 m² situé à Toulouse. Proche de toutes commodités, transports et écoles. À visiter sans tarder.",True,True,,False,,,1993,,,,,,
4bc37557-cd8f-411e-a0ba-c9b4f733d873,AN-0MR5FNQ4,REC-ZS4F1KCW,Maison,Maison en excellent état à Toulouse,Toulouse,31000,1785072070,328005,,6,,86 place de la Mairie,,,True,Ahmed Girard,0982482947,True,,5,3,,True,True,Provence Immobilier,,,,,,149,,,,
54c54073-eb45-491c-9d4a-3825b589e7d1,AN-JUL0B1HR,REC-ZS4F1KCW,Maison,Maison atypique à Toulouse,Toulouse,31000,2026-03-12,298337,276,8,,105 rue Pasteur,,,True,,,,,5,5,"Maison charmant de 276 m² situé à Toulouse. Cave et parking inclus. Proche de toutes commodités, transports et écoles. À visiter sans tarder.",True,True,,,,,,contact20@example.com,,,,,
e4e4ee3e-e1d3-4542-9333-222f6d3cfad6,AN-B9QV33NJ,REC-ZS4F1KCW,Maison,Maison rénové à Toulouse,Toulouse,31000,2025-01-15T17:18:10,275161,263,7,True,,,,True,,0319140927,,,0,,"Maison à rafraîchir de 263 m² situé à Toulouse. Cave et parking inclus. Proche de toutes commodités, transports et écoles. À visiter sans tarder.",True,True,,False,,,,contact25@example.com,,,,,
9720a78b-a370-4244-a359-2e6843d634c1,AN-ZDKWPF46,REC-ZS4F1KCW,Maison,Maison spacieux à Toulouse,Toulouse,31000,2026-02-28T15:09:10,295336,,7,,,43.628274,1.464445,True,Claire Girard,,,,,,"Maison avec vue dégagée de 155 m² situé à Toulouse. Proche de toutes commodités, transports et écoles. À visiter sans tarder.",True,True,Toit & Vous,,,,,,155,,,,
0ec71b31-0af6-4753-aa8a-ccf2e155f120,AN-LB26MENH,REC-ZS4F1KCW,Maison,Maison atypique à Toulouse,Toulouse,31000,03/07/2026,243301,,9,False,,43.637436,1.447621,True,,0343804317,,178.87,5,3,,True,True,Nid Doré,True,https://exemple-images.test/AN-LB26MENH/1.jpg; https://exemple-images.test/AN-LB26MENH/2.jpg,E,,contact62@example.com,264,,,,
6dc7ab59-0189-40f7-8a7e-16aba65b9f1a,AN-J1Y55WHF,REC-ZS4F1KCW,Maison,Maison en excellent état à Toulouse,Toulouse,31000,2 septembre 2024,340257 €,280,10,,78 quai de la Loire,,,True,,0197147618,,301.95,,1,"Maison avec vue dégagée de 280 m² situé à Toulouse. Cave et parking inclus. Proche de toutes commodités, transports et écoles. À visiter sans tarder.",True,,Clé en Main Immo,,,F,,contact60@example.com,,,,,
de15eda2-58ee-4386-9617-c0b9c012ebec,AN-HWG51MV7,REC-ZS4F1KCW,Maison,Maison de standing à Toulouse,Toulouse,31000,2025-06-13,351553 €,293,10,,,43.621389,1.490908,True,Marie Dubois,,True,101.92,,RDC,"Maison atypique de 293 m² situé à Toulouse. Proche de toutes commodités, transports et écoles. À visiter sans tarder.",True,True,Toit & Vous,,,,,marie.dubois61@example.com,,,,,
89771b24-f343-474a-8653-c18dc2929d04,AN-RZR6HG93,REC-ZS4F1KCW,Maison,Maison lumineux à Toulouse,Toulouse,31000,2025-08-15,277908,216,9,,,,,True,,0726505783,,,,,,True,,,,,,,,,,,,
aa6adb10-7773-42ef-9990-9884fe8b4d2f,AN-8ZJ10XCT,REC-ZS4F1KCW,Maison,Maison spacieux à Toulouse,Toulouse,31000,5 juin 2025,342044,244,10,,,43.568246,1.421549,True,,0225177837,,,,0,"Maison à rafraîchir de 244 m² situé à Toulouse. Proche de toutes commodités, transports et écoles. À visiter sans tarder. Travaux à prévoir.",True,True,,False,,,1962,contact1@example.com,,,,,
b24a52ff-ba9d-447a-863b-216ba6c45b4d,AN-N33NI8L0,REC-ZS4F1KCW,Maison,Maison charmant à Toulouse,Toulouse,31000,30/06/2026,267917,167,9,True,7 rue de la République,43.619282,1.458516,True,Marc Lefevre,,,,,5,,True,True,ImmoPlus,,,,,,,,,,
ef52848a-cc08-4e40-be57-2b04d8d792a7,AN-4TAA8DG4,REC-ZS4F1KCW,Maison,Maison au calme à Toulouse,Toulouse,31000,02/01/2026,222457,165,8,True,19 place de la Mairie,43.555935,1.448336,True,Claire Dubois,0764670927,,64.83,,,"Maison rénové de 165 m² situé à Toulouse. Proche de toutes commodités, transports et écoles. À visiter sans tarder.",True,True,,,,,,claire.dubois80@example.com,,,,,
667df70b-d64a-4158-84c2-1cabd6dd5676,AN-97LVKT8W,REC-ZS4F1KCW,Maison,Maison atypique à Toulouse,Toulouse,31000,1787124010,356624,275,8,,,,,True,Jean Bernard,,,,,4,"Maison spacieux de 275 m² situé à Toulouse. Proche de toutes commodités, transports et écoles. À visiter sans tarder.",True,True,,True,,B,2021,jean.bernard67@example.com,,,,,
e933de27-4aed-4d97-b2ab-f925461849a9,AN-GBYSWWSK,REC-ZS4F1KCW,Maison,Maison lumineux à Toulouse,Toulouse,31000,1740768490,385543,182,9,,,43.596159,1.458075,True,Sophie Fontaine,0663511483,,,1,,"Maison de standing de 182 m² situé à Toulouse. Proche de toutes commodités, transports et écoles. À visiter sans tarder. Travaux à prévoir.",True,,,,https://exemple-images.test/AN-GBYSWWSK/1.jpg; https://exemple-images.test/AN-GBYSWWSK/2.jpg; https://exemple-images.test/AN-GBYSWWSK/3.jpg; https://exemple-images.test/AN-GBYSWWSK/4.jpg; https://exemple-images.test/AN-GBYSWWSK/5.jpg,,,,,,,,
69b7820d-ea75-4351-a818-4a06b0e19d45,AN-QURSGNOP,REC-ZS4F1KCW,Maison,Maison rénové à Toulouse,Toulouse,31000,2026-07-26T03:01:10,234643,274,10,,107 boulevard Gambetta,,,True,Julie Roche,0517067005,,,1,,"Maison de standing de 274 m² situé à Toulouse. Proche de toutes commodités, transports et écoles. À visiter sans tarder.",,True,,,https://exemple-images.test/AN-QURSGNOP/1.jpg; https://exemple-images.test/AN-QURSGNOP/2.jpg,,1963,julie.roche10@example.com,,,,,
6eb8ca73-d191-407e-a394-0d234ba0bb8f,AN-79A997WL,REC-ZS4F1KCW,Maison,Maison atypique à Toulouse,Toulouse,31000,2025-02-03T23:44:10,274048,167,8,True,,43.607312,1.429032,True,Ahmed Martin,0819420697,,,0,2,"Maison lumineux de 167 m² situé à Toulouse. Proche de toutes commodités, transports et écoles. À visiter sans tarder.",True,True,Century Habitat,,,,,ahmed.martin78@example.com,,,,,
85db42fe-8e2a-44e9-98e4-f8f720a90d20,AN-HKVKQYRR,REC-ZS4F1KCW,Maison,Maison au calme à Toulouse,Toulouse,31000,2024-10-19,308165,,9,True,40 rue du Commerce,,,True,Claire Lefevre,0781780169,,,,,"Maison atypique de 262 m² situé à Toulouse. Cave et parking inclus. Proche de toutes commodités, transports et écoles. À visiter sans tarder.",True,True,,True,,,,claire.lefevre66@example.com,262,,,,
5ccb7d9b-a980-4165-bbf0-864dcd8a405d,AN-UT57016T,REC-ZS4F1KCW,Maison,Maison de standing à Toulouse,Toulouse,31000,02/12/2025,361968 €,287,9,,,43.598671,1.486321,True,,0696527497,True,,2,4,,True,,,,,,,,,,,,
20759a03-f15c-4ece-a738-e6108e00ef41,AN-BF5CPM0K,REC-ZS4F1KCW,Maison,Maison lumineux à Toulouse,Toulouse,31000,06-30-2026,226725 €,200,9,False,,,,True,,0683550780,,,5,,"Maison rénové de 200 m² situé à Toulouse. Cave et parking inclus. Proche de toutes commodités, transports et écoles. À visiter sans tarder.",True,True,,,,,1895,,,,,,
2d75cc5c-e484-464d-8870-b20b8cd556d3,AN-57XYVPQS,REC-ZS4F1KCW,Maison,Maison atypique à Toulouse,Toulouse,31000,08-18-2025,217687,225,7,,24 place de la Mairie,,,True,,0212716355,,,,,"Maison rénové de 225 m² situé à Toulouse. Proche de toutes commodités, transports et écoles. À visiter sans tarder.",True,,ImmoPlus,False,https://exemple-images.test/AN-57XYVPQS/1.jpg; https://exemple-images.test/AN-57XYVPQS/2.jpg,,,,,,,,
d48026f6-080d-4291-b104-c85d70ca9e18,AN-PEHXDZY3,REC-ZS4F1KCW,Maison,Maison en excellent état à Toulouse,Toulouse,31000,2026-04-07,396437,294,10,,,,,True,,,True,,3,1,,True,True,,,,B,1935,contact58@example.com,,,,,
99803632-d0a9-4f83-a5c2-4d4ca2d37020,AN-93WPX206,REC-ZS4F1KCW,Maison,Maison spacieux à Toulouse,Toulouse,31000,26 juin 2026,278403 €,150,7,False,,43.57038,1.414799,True,Marc Perrin,0351441952,,,,,"Maison rénové de 150 m² situé à Toulouse. Proche de toutes commodités, transports et écoles. À visiter sans tarder.",True,True,Provence Immobilier,True,,G,1861,marc.perrin72@example.com,,,,,
a50c1454-1fd4-456c-8584-8f072f149101,AN-MSIYBG89,REC-ZS4F1KCW,Maison,Maison rénové à Toulouse,Toulouse,31000,2024-11-16T07:51:10,383617 €,224,8,,,43.644125,1.40166,,Ahmed Bernard,0684852556,,,,dernier étage,"Maison au calme de 224 m² situé à Toulouse. Proche de toutes commodités, transports et écoles. À visiter sans tarder.",True,,,False,,A,,,,,,,
f546956c-963a-4af4-8f0d-1a9b23eeee1e,AN-ZVYQUBG0,REC-ZS4F1KCW,Maison,Maison avec vue dégagée à Toulouse,Toulouse,31000,1733695030,396489,263,7,,168 allée des Platanes,43.639589,1.452855,True,Karim Fontaine,,,,0,,"Maison lumineux de 263 m² situé à Toulouse. Cave et parking inclus. Proche de toutes commodités, transports et écoles. À visiter sans tarder.",True,True,,,,,,,,,,,
eaaaecba-c7d7-473f-91d2-20d655ace724,AN-B1DYFBDG,REC-ZS4F1KCW,Maison,Maison au calme à Toulouse,Toulouse,31000,1729809370,290289,173,6,False,181 allée des Platanes,,,True,,0695441143,,,,,"Maison lumineux de 173 m² situé à Toulouse. Proche de toutes commodités, transports et écoles. À visiter sans tarder.",True,,,,,F,,contact67@example.com,,,,,
08b037a0-42f1-4ffa-bbcd-4f9f01f4c346,AN-0UX57CO1,REC-ZS4F1KCW,Maison,Maison lumineux à Toulouse,Toulouse,31000,2026-02-04,346002,160,6,True,,,,True,Marie Girard,0179676971,,,,4,"Maison lumineux de 160 m² situé à Toulouse. Proche de toutes commodités, transports et écoles. À visiter sans tarder.",True,True,ImmoPlus,,,A,,,,,,,
d6f3bba4-b987-4dac-9626-67d2df03d349,AN-SONDFWXC,REC-ZS4F1KCW,Maison,Maison atypique à Toulouse,Toulouse,31000,29 septembre 2025,204704,151,8,,,,,True,Marie Roche,,,284.14,,5,,True,,,True,,F,1994,marie.roche5@example.com,,,,,
984f2387-7c0d-4cd8-bb74-dea6a1058b7b,AN-D0PJS7AI,REC-ZS4F1KCW,Maison,Maison lumineux à Toulouse,Toulouse,31000,2025-06-10,351076,294,10,,,43.593155,1.478195,True,,0293958771,,,,,"Maison lumineux de 294 m² situé à Toulouse. Cave et parking inclus. Proche de toutes commodités, transports et écoles. À visiter sans tarder.",True,True,Nid Doré,,https://exemple-images.test/AN-D0PJS7AI/1.jpg,,,contact33@example.com,,,,,
27739a9a-5d37-4b53-a50b-50776ae9a46d,AN-5VM2VPP9,REC-ZS4F1KCW,Maison,Maison au calme à Toulouse,Toulouse,31000,2026-04-05,401844,,6,,146 rue Victor Hugo,,,,,,,,,,"Maison avec vue dégagée de 194 m² situé à Toulouse. Proche de toutes commodités, transports et écoles. À visiter sans tarder. Travaux à prévoir.",,True,,,,B,,contact61@example.com,194,,,,
b15b2735-6b19-432d-b4fb-584cb13fb94d,AN-G0WZ8TDJ,REC-ZS4F1KCW,Maison,Maison lumineux à Toulouse,Toulouse,31000,2026-04-06T10:49:10,258881,181,6,,57 impasse des Lilas,43.587284,1.425592,True,,,True,,1,,"Maison avec vue dégagée de 181 m² situé à Toulouse. Proche de toutes commodités, transports et écoles. À visiter sans tarder.",True,True,,,https://exemple-images.test/AN-G0WZ8TDJ/1.jpg; https://exemple-images.test/AN-G0WZ8TDJ/2.jpg; https://exemple-images.test/AN-G0WZ8TDJ/3.jpg; https://exemple-images.test/AN-G0WZ8TDJ/4.jpg,,,contact38@example.com,,,,,
52c9dcbc-e255-4a8b-928b-dd1736ce2544,AN-Y4H0MQEH,REC-ZS4F1KCW,Maison,Maison de standing à Toulouse,Toulouse,31000,2025-01-05T03:37:10,278131,,6,,,,,True,,0480067778,,,,,"Maison lumineux de 265 m² situé à Toulouse. Proche de toutes commodités, transports et écoles. À visiter sans tarder. Travaux à prévoir.",True,True,,True,,F,,,265,,,,
d69a6c3c-8e61-4fc5-9e59-b07a364f60d8,AN-WBA8SFI5,REC-ZS4F1KCW,Maison,Maison à rafraîchir à Toulouse,Toulouse,31000,09/09/2025,217021 €,205,9,False,,43.575088,1.406791,True,,,,,5,,,True,True,,,,,,contact59@example.com,,,,,
55323857-eac4-4895-86a9-fd3f938cd986,AN-T3RZ0IUB,REC-ZS4F1KCW,Maison,Maison spacieux à Toulouse,Toulouse,31000,2025-08-25T14:07:10,354829,251,6,True,,43.626058,1.478451,True,Luc Dubois,0424237050,,,,,"Maison à rafraîchir de 251 m² situé à Toulouse. Proche de toutes commodités, transports et écoles. À visiter sans tarder.",True,True,,False,https://exemple-images.test/AN-T3RZ0IUB/1.jpg; https://exemple-images.test/AN-T3RZ0IUB/2.jpg; https://exemple-images.test/AN-T3RZ0IUB/3.jpg; https://exemple-images.test/AN-T3RZ0IUB/4.jpg,,,luc.dubois90@example.com,,,,,
4e485fdf-5014-4922-8339-adeeee771939,AN-Y236L4WL,REC-ZS4F1KCW,Maison,Maison à rafraîchir à Toulouse,Toulouse,31000,2026-04-29T07:46:10,346620,221,10,,128 rue Jean Jaurès,43.584239,1.4381,True,Luc Dubois,,,,3,4,,True,,Clé en Main Immo,,https://exemple-images.test/AN-Y236L4WL/1.jpg,,,,,,,,
5301e70d-c89e-4991-aa73-7eada433ed9e,AN-1DGY8176,REC-ZS4F1KCW,Maison,Maison en excellent état à Toulouse,Toulouse,31000,2025-01-17T18:15:10,263649,295,9,,137 rue du Commerce,43.558739,1.451416,,,,,,,3,"Maison spacieux de 295 m² situé à Toulouse. Proche de toutes commodités, transports et écoles. À visiter sans tarder.",True,True,Toit & Vous,,,E,,,,,,,
5cf85a62-7f8b-4647-abe6-25d7489db23f,AN-XIB3J8A1,REC-ZS4F1KCW,Maison,Maison atypique à Toulouse,Toulouse,31000,2025-09-24,275009,242,10,,,,,True,,,,,5,,"Maison rénové de 242 m² situé à Toulouse. Cave et parking inclus. Proche de toutes commodités, transports et écoles. À visiter sans tarder.",True,True,Clé en Main Immo,,,,,,,,,,
0aee6b25-2aa1-461d-ad44-a236211a6370,AN-VQ32CXEH,REC-ZS4F1KCW,Maison,Maison rénové à Toulouse,Toulouse,31000,2026-05-09,374121,274,9,,,43.636135,1.471326,True,,0042609987,,391.68,5,0,"Maison spacieux de 274 m² situé à Toulouse. Proche de toutes commodités, transports et écoles. À visiter sans tarder.",True,True,Toit & Vous,True,,,,contact25@example.com,,,,,
4e3cbf2c-d5ef-4f74-9cb8-9d4c936dbad8,AN-SW50YAH4,REC-ZS4F1KCW,Maison,Maison en excellent état à Toulouse,Toulouse,31000,12/01/2025,233868,176,6,,,,,True,Karim Martin,,,,,,"Maison charmant de 176 m² situé à Toulouse. Cave et parking inclus. Proche de toutes commodités, transports et écoles. À visiter sans tarder.",True,True,,,,,,karim.martin41@example.com,,,,,
d7d319f5-83e6-4729-b1a0-4a6cf2adbc7d,AN-0770DQWT,REC-ZS4F1KCW,Maison,Maison à rafraîchir à Toulouse,Toulouse,31000,2026-05-28T21:43:10,290173,,10,False,31 impasse des Lilas,43.591737,1.403473,True,,0053502671,,,1,,"Maison de standing de 228 m² situé à Toulouse. Proche de toutes commodités, transports et écoles. À visiter sans tarder.",,True,,,https://exemple-images.test/AN-0770DQWT/1.jpg,,,,228,,,,
acc6f170-0fc2-4633-9207-66dc46784283,AN-881G3FVI,REC-ZS4F1KCW,Maison,Maison de standing à Toulouse,Toulouse,31000,29/01/2026,387286,175,6,,,,,True,Karim Moreau,,,,5,5,"Maison en excellent état de 175 m² situé à Toulouse. Proche de toutes commodités, transports et écoles. À visiter sans tarder.",True,True,,,https://exemple-images.test/AN-881G3FVI/1.jpg; https://exemple-images.test/AN-881G3FVI/2.jpg; https://exemple-images.test/AN-881G3FVI/3.jpg; https://exemple-images.test/AN-881G3FVI/4.jpg; https://exemple-images.test/AN-881G3FVI/5.jpg,,,,,,,,
1c03daf9-a1af-4a06-8976-341dbe3da172,AN-ACJNN0YR,REC-ZS4F1KCW,Maison,Maison à rafraîchir à Toulouse,Toulouse,31000,2025-09-06,314177,161,6,,,43.622266,1.486058,,Claire Roche,0849593061,,,5,,"Maison spacieux de 161 m² situé à Toulouse. Proche de toutes commodités, transports et écoles. À visiter sans tarder.",True,True,Nid Doré,True,,,2015,claire.roche6@example.com,,,,,
29e05df4-8d1f-44a0-bf4f-38768b83f8dd,AN-D60BB1D8,REC-ZS4F1KCW,Maison,Maison spacieux à Toulouse,Toulouse,31000,1778420530,304613,178,8,,,,,True,,,,134.61,0,,,True,True,ImmoPlus,,,F,,,,,,,
ace766b8-2629-4a6e-a0e1-b3ff9e178d7b,AN-MLRFX2UG,REC-ZS4F1KCW,Maison,Maison spacieux à Toulouse,Toulouse,31000,2026-03-02,207817,226,6,,17 chemin des Vignes,,,True,Nadia Faure,,,131.83,,0,"Maison avec vue dégagée de 226 m² situé à Toulouse. Proche de toutes commodités, transports et écoles. À visiter sans tarder.",True,,Nid Doré,,https://exemple-images.test/AN-MLRFX2UG/1.jpg; https://exemple-images.test/AN-MLRFX2UG/2.jpg; https://exemple-images.test/AN-MLRFX2UG/3.jpg; https://exemple-images.test/AN-MLRFX2UG/4.jpg; https://exemple-images.test/AN-MLRFX2UG/5.jpg,,,,,,,,
f9890bfc-aa41-4c50-af01-4745bd6c7a75,AN-8FE8AILA,REC-ZS4F1KCW,Maison,Maison rénové à Toulouse,Toulouse,31000,12-11-2024,284571,231,9,,35 rue du Commerce,43.589792,1.466581,True,Ahmed Faure,0006354668,,,1,,,True,,,True,https://exemple-images.test/AN-8FE8AILA/1.jpg; https://exemple-images.test/AN-8FE8AILA/2.jpg; https://exemple-images.test/AN-8FE8AILA/3.jpg,,,ahmed.faure33@example.com,,,,,
e8a20974-1528-4110-b752-3d1a2921f843,AN-B95L6FVA,REC-ZS4F1KCW,Maison,Maison atypique à Toulouse,Toulouse,31000,09-30-2024,293513,183,8,,,,,True,Karim Perrin,,,,,,,True,True,,,,,1976,karim.perrin74@example.com,,,,,
06d281ce-9396-40ba-9ef2-052a4d7e87ee,AN-BRHARFWH,REC-ZS4F1KCW,Maison,Maison au calme à Toulouse,Toulouse,31000,05-20-2025,224925 €,185,10,,,43.593867,1.475412,True,,0226279359,True,,3,,"Maison charmant de 185 m² situé à Toulouse. Proche de toutes commodités, transports et écoles. À visiter sans tarder.",True,True,,,,,,,,,,,
e14ecc84-b44b-4de9-94e0-683705feaec1,AN-KT9NSUUV,REC-ZS4F1KCW,Maison,Maison spacieux à Toulouse,Toulouse,31000,1745419270,259229,179,7,False,163 rue du Commerce,43.584171,1.433783,True,Jean Dubois,0342787084,True,,,,"Maison en excellent état de 179 m² situé à Toulouse. Cave et parking inclus. Proche de toutes commodités, transports et écoles. À visiter sans tarder.",,True,,,,,1982,,,,,,
f4ec4280-f290-4b07-bdb9-5e8079f6abc6,AN-LBWA9WBO,REC-ZS4F1KCW,Maison,Maison à rafraîchir à Toulouse,Toulouse,31000,16 avril 2025,389608 €,287,10,,,,,True,Luc Perrin,0782466215,,,0,,"Maison de standing de 287 m² situé à Toulouse. Proche de toutes commodités, transports et écoles. À visiter sans tarder.",True,True,,,,B,2011,,,,,,
522f2cfb-b19d-42d8-87d3-dd9f1c733600,AN-CNZNIDVB,REC-ZS4F1KCW,Maison,Maison à rafraîchir à Toulouse,Toulouse,31000,10-19-2024,307665 €,262,10,,132 rue du Commerce,43.651402,1.481306,True,Jean Martin,0381002769,,,0,0,"Maison rénové de 262 m² situé à Toulouse. Proche de toutes commodités, transports et écoles. À visiter sans tarder.",True,True,,True,,,,,,,,,
5e2f62f3-978a-403a-9f49-dc75a6014ebf,AN-HVG1IYD6,REC-ZS4F1KCW,Maison,Maison spacieux à Toulouse,Toulouse,31000,10 septembre 2024,265806,204,8,,193 place de la Mairie,43.620954,1.413301,True,Marc Dubois,0499649999,,,,,"Maison avec vue dégagée de 204 m² situé à Toulouse. Proche de toutes commodités, transports et écoles. À visiter sans tarder.",True,True,,,https://exemple-images.test/AN-HVG1IYD6/1.jpg; https://exemple-images.test/AN-HVG1IYD6/2.jpg; https://exemple-images.test/AN-HVG1IYD6/3.jpg,,1866,marc.dubois16@example.com,,,,,
485a507d-8221-4393-912c-b2ae2bfd4765,AN-J8ST1H0K,REC-ZS4F1KCW,Maison,Maison en excellent état à Toulouse,Toulouse,31000,08-24-2026,402110 €,288,8,False,26 rue du Commerce,,,True,Julie Moreau,0798484995,,,4,dernier étage,"Maison lumineux de 288 m² situé à Toulouse. Proche de toutes commodités, transports et écoles. À visiter sans tarder. Travaux à prévoir.",True,,Provence Immobilier,False,https://exemple-images.test/AN-J8ST1H0K/1.jpg; https://exemple-images.test/AN-J8ST1H0K/2.jpg,G,,julie.moreau15@example.com,,,,,
edc58a7b-77d0-4309-8549-c583938609bd,AN-7CEIWLV8,REC-ZS4F1KCW,Maison,Maison lumineux à Toulouse,Toulouse,31000,2026-08-20T03:42:10,342982,,7,,,,,True,Marie Bernard,0864391345,,,0,,"Maison en excellent état de 264 m² situé à Toulouse. Proche de toutes commodités, transports et écoles. À visiter sans tarder.",True,True,,,https://exemple-images.test/AN-7CEIWLV8/1.jpg; https://exemple-images.test/AN-7CEIWLV8/2.jpg,,,marie.bernard63@example.com,264,,,,
62267c3b-3634-4507-ad15-7cc261d25bde,AN-2042AAEN,REC-ZS4F1KCW,Maison,Maison charmant à Toulouse,Toulouse,31000,1763888890,259797,171,8,,113 rue du Commerce,,,True,Marie Faure,0488863375,,97.39,1,0,"Maison de standing de 171 m² situé à Toulouse. Proche de toutes commodités, transports et écoles. À visiter sans tarder.",True,True,,True,https://exemple-images.test/AN-2042AAEN/1.jpg,,1861,,,,,,
97510125-971c-46f9-afef-fb866a410e95,AN-REWXC263,REC-ZS4F1KCW,Maison,Maison en excellent état à Toulouse,Toulouse,31000,1767563770,225142,198,7,,,,,True,Nadia Bernard,,,,5,,"Maison atypique de 198 m² situé à Toulouse. Cave et parking inclus. Proche de toutes commodités, transports et écoles. À visiter sans tarder. Travaux à prévoir.",True,True,,False,,E,1965,nadia.bernard73@example.com,,,,,
31f9d911-7f74-4337-a309-68a8a1011041,AN-GPX9HBAX,REC-ZS4F1KCW,Maison,Maison avec vue dégagée à Toulouse,Toulouse,31000,30 mai 2025,270804,149,10,,25 impasse des Lilas,43.577225,1.422341,True,Luc Girard,0365422730,,331.24,,5,,True,True,,True,https://exemple-images.test/AN-GPX9HBAX/1.jpg; https://exemple-images.test/AN-GPX9HBAX/2.jpg; https://exemple-images.test/AN-GPX9HBAX/3.jpg; https://exemple-images.test/AN-GPX9HBAX/4.jpg,D,,,,,,,
127d7b80-5126-4a78-92b2-6f814f015708,AN-4AU5R1VV,REC-ZS4F1KCW,Maison,Maison charmant à Toulouse,Toulouse,31000,1737267370,385611,289,6,,,43.627704,1.43392,,Marie Girard,0988925830,,,3,,"Maison avec vue dégagée de 289 m² situé à Toulouse. Proche de toutes commodités, transports et écoles. À visiter sans tarder.",True,True,,,,,,,,,,,
90da65de-d93b-4aee-9513-605f140bfde6,AN-4EYOQ7U4,REC-ZS4F1KCW,Maison,Maison atypique à Toulouse,Toulouse,31000,05/05/2025,347993,170,8,,108 place de la Mairie,43.570356,1.490777,,Ahmed Bernard,,,,,,"Maison spacieux de 170 m² situé à Toulouse. Proche de toutes commodités, transports et écoles. À visiter sans tarder.",True,,,True,,,,ahmed.bernard77@example.com,,,,,
8c172b37-007b-47b9-bfac-bac72d6d8872,AN-CV768A9L,REC-ZS4F1KCW,Maison,Maison atypique à Toulouse,Toulouse,31000,01-28-2026,290747 €,220,10,,192 impasse des Lilas,43.647533,1.442092,,Karim Fontaine,,,375.02,1,,"Maison rénové de 220 m² situé à Toulouse. Cave et parking inclus. Proche de toutes commodités, transports et écoles. À visiter sans tarder.",True,True,Nid Doré,True,,,,karim.fontaine60@example.com,,,,,
adf89658-b26d-4f4d-93e2-6dfbf3f33ece,AN-GZHP0ASB,REC-ZS4F1KCW,Maison,Maison de standing à Toulouse,Toulouse,31000,2025-07-26,385645 €,180,6,,181 rue de la République,43.571658,1.490842,True,,0668854477,True,,3,4,"Maison spacieux de 180 m² situé à Toulouse. Cave et parking inclus. Proche de toutes commodités, transports et écoles. À visiter sans tarder.",True,,,,,,,contact28@example.com,,,,,
5da645dc-5abd-4365-aca3-33077a82f832,AN-91XJKZ83,REC-ZS4F1KCW,Maison,Maison lumineux à Toulouse,Toulouse,31000,13 avril 2025,214755,296,7,True,,,,True,,0467942344,,267.02,4,,"Maison atypique de 296 m² situé à Toulouse. Proche de toutes commodités, transports et écoles. À visiter sans tarder.",True,True,,False,https://exemple-images.test/AN-91XJKZ83/1.jpg; https://exemple-images.test/AN-91XJKZ83/2.jpg; https://exemple-images.test/AN-91XJKZ83/3.jpg,,,contact44@example.com,,,,,
e748a3ed-4349-43dc-99f3-3419f71e90ee,AN-KZ03QOKS,REC-ZS4F1KCW,Maison,Maison atypique à Toulouse,Toulouse,31000,25/05/2026,262961,,8,,,43.558011,1.42089,True,,,,,1,,,True,True,,False,,C,,contact56@example.com,172,,,,
a4813315-f910-43ff-9885-a8f7155aa564,AN-1ERORKSL,REC-ZS4F1KCW,Maison,Maison de standing à Toulouse,Toulouse,31000,2026-08-19T12:34:10,388858,152,9,,,43.559142,1.40479,True,Julie Dubois,,,,,dernier étage,,True,True,,,https://exemple-images.test/AN-1ERORKSL/1.jpg; https://exemple-images.test/AN-1ERORKSL/2.jpg; https://exemple-images.test/AN-1ERORKSL/3.jpg; https://exemple-images.test/AN-1ERORKSL/4.jpg; https://exemple-images.test/AN-1ERORKSL/5.jpg,C,,julie.dubois53@example.com,,,,,
0b10df14-de21-460e-8c44-0141fa3e31c7,AN-F4M8LC7L,REC-ZS4F1KCW,Maison,Maison à rafraîchir à Toulouse,Toulouse,31000,2026-07-07T17:07:10,336058 €,158,8,True,191 boulevard Gambetta,43.647526,1.412591,True,Karim Faure,0683695848,True,200.38,,,"Maison charmant de 158 m² situé à Toulouse. Cave et parking inclus. Proche de toutes commodités, transports et écoles. À visiter sans tarder.",True,True,,,https://exemple-images.test/AN-F4M8LC7L/1.jpg; https://exemple-images.test/AN-F4M8LC7L/2.jpg; https://exemple-images.test/AN-F4M8LC7L/3.jpg,F,1914,,,,,,
903bf125-94c2-4674-becb-91b34b998e36,AN-OK4U6LM4,REC-ZS4F1KCW,Maison,Maison charmant à Toulouse,Toulouse,31000,2026-01-08,368825 €,152,8,,,,,True,Luc Perrin,0042575513,,,,,"Maison lumineux de 152 m² situé à Toulouse. Cave et parking inclus. Proche de toutes commodités, transports et écoles. À visiter sans tarder.",,True,,False,,,,luc.perrin67@example.com,,,,,
7465c8d2-c1dd-434f-a6d4-dcd319db54d0,AN-4DAR3OQX,REC-ZS4F1KCW,Maison,Maison lumineux à Toulouse,Toulouse,31000,05-01-2026,215529,251,9,,88 quai de la Loire,43.559032,1.490105,True,Luc Perrin,,,,,,"Maison au calme de 251 m² situé à Toulouse. Proche de toutes commodités, transports et écoles. À visiter sans tarder.",True,True,,False,,,,luc.perrin82@example.com,,,,,
81e3e1d7-56b4-4deb-ab1a-b213b7e09a80,AN-XLJB9FLQ,REC-ZS4F1KCW,Maison,Maison rénové à Toulouse,Toulouse,31000,1 octobre 2025,225127,236,9,,7 rue Pasteur,,,True,,0145644226,,328.89,2,4,"Maison de standing de 236 m² situé à Toulouse. Proche de toutes commodités, transports et écoles. À visiter sans tarder.",True,True,Provence Immobilier,False,,G,,,,,,,
b7f97352-c285-4cb7-a0b0-984c2499921c,AN-3CWJUG1I,REC-ZS4F1KCW,Maison,Maison avec vue dégagée à Toulouse,Toulouse,31000,23 juin 2026,231778,,10,,,,,True,Ahmed Fontaine,,True,,0,,"Maison charmant de 243 m² situé à Toulouse. Cave et parking inclus. Proche de toutes commodités, transports et écoles. À visiter sans tarder. Travaux à prévoir.",True,True,,,,D,,ahmed.fontaine39@example.com,243,,,,
1207a3a6-641e-4bf3-b310-6eb3ca1c3ef3,AN-HOOE6GKP,REC-ZS4F1KCW,Maison,Maison au calme à Toulouse,Toulouse,31000,26 octobre 2024,216546,271,8,,,43.620876,1.421812,True,Karim Faure,0563374544,,,5,,,True,True,Century Habitat,False,,,,,,,,,
b9de930b-d453-4adb-9ec6-cc7b040e3d16,AN-YO8S9AJL,REC-ZS4F1KCW,Maison,Maison de standing à Toulouse,Toulouse,31000,05-19-2026,344626,205,9,,22 place de la Mairie,,,,,0074127695,,181.43,5,,"Maison atypique de 205 m² situé à Toulouse. Proche de toutes commodités, transports et écoles. À visiter sans tarder.",True,True,,True,,D,,,,,,,
a6914e5e-f4db-4b43-874c-ca0c547f6d35,AN-AHRY1VXF,REC-ZS4F1KCW,Maison,Maison de standing à Toulouse,Toulouse,31000,2025-08-29T02:33:10,366867 €,257,10,,,43.5907,1.428659,True,,0526317917,,,,2,"Maison à rafraîchir de 257 m² situé à Toulouse. Proche de toutes commodités, transports et écoles. À visiter sans tarder.",True,True,,,,,,contact49@example.com,,,,,
750686ad-5fd5-4a64-8af1-e6fc116f61e5,AN-2XU32CDP,REC-ZS4F1KCW,Maison,Maison en excellent état à Toulouse,Toulouse,31000,16/06/2025,205048,278,10,,,,,,Julie Girard,0806138954,,,,,"Maison au calme de 278 m² situé à Toulouse. Proche de toutes commodités, transports et écoles. À visiter sans tarder.",True,True,Century Habitat,,https://exemple-images.test/AN-2XU32CDP/1.jpg; https://exemple-images.test/AN-2XU32CDP/2.jpg; https://exemple-images.test/AN-2XU32CDP/3.jpg; https://exemple-images.test/AN-2XU32CDP/4.jpg,,1916,julie.girard77@example.com,,,,,
ee5bf69f-80aa-4843-8a20-8dc8e31670a3,AN-4V9W8D90,REC-ZS4F1KCW,Maison,Maison avec vue dégagée à Toulouse,Toulouse,31000,3 novembre 2024,345258,,9,,198 rue Pasteur,,,,,0389950564,,,,,"Maison à rafraîchir de 157 m² situé à Toulouse. Cave et parking inclus. Proche de toutes commodités, transports et écoles. À visiter sans tarder.",True,True,,,,G,,contact30@example.com,157,,,,
58e8b599-95f5-469f-b7b8-f189935d162b,AN-PWC6S3DX,REC-ZS4F1KCW,Maison,Maison charmant à Toulouse,Toulouse,31000,05-21-2025,266523,243,6,,44 rue Victor Hugo,,,True,Claire Martin,0221709188,,,0,,"Maison spacieux de 243 m² situé à Toulouse. Proche de toutes commodités, transports et écoles. À visiter sans tarder.",True,True,Toit & Vous,,,,1904,claire.martin74@example.com,,,,,
4634fdd0-1bbc-414f-bfab-2f43310f47fa,AN-0345XHMM,REC-ZS4F1KCW,Maison,Maison charmant à Toulouse,Toulouse,31000,22/02/2025,296801,205,9,True,80 place de la Mairie,,,,Marc Bernard,0860345743,,,,dernier étage,"Maison atypique de 205 m² situé à Toulouse. Proche de toutes commodités, transports et écoles. À visiter sans tarder.",True,True,Toit & Vous,,https://exemple-images.test/AN-0345XHMM/1.jpg; https://exemple-images.test/AN-0345XHMM/2.jpg; https://exemple-images.test/AN-0345XHMM/3.jpg; https://exemple-images.test/AN-0345XHMM/4.jpg,C,,marc.bernard30@example.com,,,,,
3ccfc5e9-80aa-4263-94fc-640d598cf67f,AN-4Y42WRTL,REC-ZS4F1KCW,Maison,Maison avec vue dégagée à Toulouse,Toulouse,31000,23/08/2025,267008,204,8,,,43.574515,1.472529,True,Karim Moreau,0891471135,,248.26,,,"Maison avec vue dégagée de 204 m² situé à Toulouse. Proche de toutes commodités, transports et écoles. À visiter sans tarder.",True,True,,False,,,,,,,,,
d9581db8-9ea6-4825-b5f4-edd7c7916e11,AN-4VUWL2PT,REC-ZS4F1KCW,Maison,Maison rénové à Toulouse,Toulouse,31000,08/05/2025,227930,197,10,False,,,,,Nadia Dubois,0036242974,,,5,,"Maison charmant de 197 m² situé à Toulouse. Proche de toutes commodités, transports et écoles. À visiter sans tarder.",True,True,,False,,F,1988,,,,,,
d9b1234f-b855-4da2-8b3e-dc17b4aa830a,AN-8FUA4V0W,REC-ZS4F1KCW,Maison,Maison avec vue dégagée à Toulouse,Toulouse,31000,23/02/2025,313613,212,7,True,59 rue du Commerce,,,True,Sophie Fontaine,0986751172,,,2,0,"Maison atypique de 212 m² situé à Toulouse. Proche de toutes commodités, transports et écoles. À visiter sans tarder.",,,,True,,E,,sophie.fontaine94@example.com,,,,,
0a6bb9fc-dea5-46dc-8e69-682670c6d234,AN-2OGVMB2J,REC-ZS4F1KCW,Maison,Maison avec vue dégagée à Toulouse,Toulouse,31000,1731984010,269960 €,151,6,,43 quai de la Loire,,,True,Marie Girard,0838401569,True,,3,,"Maison en excellent état de 151 m² situé à Toulouse. Proche de toutes commodités, transports et écoles. À visiter sans tarder. Travaux à prévoir.",True,True,,,,,,,,,,,
7929a672-7b12-4b47-8128-88527eaceba0,AN-CN4R764V,REC-ZS4F1KCW,Maison,Maison à rafraîchir à Toulouse,Toulouse,31000,5 octobre 2025,280827,267,10,,,43.556299,1.423901,True,,0258190834,,,,,"Maison en excellent état de 267 m² situé à Toulouse. Proche de toutes commodités, transports et écoles. À visiter sans tarder.",True,True,,False,,,,,,,,,
5197e3d7-9521-4d3b-8efc-6ab7023d44a7,AN-DYISI5TU,REC-ZS4F1KCW,Maison,Maison lumineux à Toulouse,Toulouse,31000,11-15-2025,274445,250,9,,,43.638344,1.448333,True,,,,,,,"Maison avec vue dégagée de 250 m² situé à Toulouse. Proche de toutes commodités, transports et écoles. À visiter sans tarder.",True,True,,,https://exemple-images.test/AN-DYISI5TU/1.jpg; https://exemple-images.test/AN-DYISI5TU/2.jpg,,1869,contact19@example.com,,,,,
e5aa1423-19c7-42aa-ac03-b9a403e56dd0,AN-V8F5TIOU,REC-ZS4F1KCW,Maison,Maison spacieux à Toulouse,Toulouse,31000,27 septembre 2024,288495,226,8,True,193 rue Victor Hugo,,,True,Claire Martin,0902486123,,63.59,,,"Maison au calme de 226 m² situé à Toulouse. Proche de toutes commodités, transports et écoles. À visiter sans tarder. Travaux à prévoir.",True,True,,True,,,,claire.martin91@example.com,,,,,
e0c49896-1100-41d9-aaba-935c85ebe331,AN-ZOB14H4W,REC-ZS4F1KCW,Maison,Maison de standing à Toulouse,Toulouse,31000,2026-08-05,294702,262,10,,95 impasse des Lilas,43.593745,1.435713,True,Jean Bernard,,,123.18,1,,"Maison atypique de 262 m² situé à Toulouse. Proche de toutes commodités, transports et écoles. À visiter sans tarder.",True,True,Century Habitat,True,https://exemple-images.test/AN-ZOB14H4W/1.jpg; https://exemple-images.test/AN-ZOB14H4W/2.jpg; https://exemple-images.test/AN-ZOB14H4W/3.jpg,E,1922,,,,,,
9e805ebe-45f4-4fef-b865-52b53d28e8e7,AN-70EX6WOE,REC-ZS4F1KCW,Maison,Maison à rafraîchir à Toulouse,Toulouse,31000,06-13-2025,389073 €,222,10,,,43.653657,1.461852,True,Nadia Moreau,0591413273,,217.51,3,2,"Maison de standing de 222 m² situé à Toulouse. Proche de toutes commodités, transports et écoles. À visiter sans tarder.",,True,Toit & Vous,True,,,,,,,,,
688266a7-ff9a-429b-8a31-abc0d903c272,AN-B6T3BSKA,REC-ZS4F1KCW,Maison,Maison à rafraîchir à Toulouse,Toulouse,31000,12-21-2024,319303,295,8,,71 chemin des Vignes,43.623079,1.451086,True,Julie Roche,0444317842,,,4,5,"Maison avec vue dégagée de 295 m² situé à Toulouse. Proche de toutes commodités, transports et écoles. À visiter sans tarder. Travaux à prévoir.",True,,Nid Doré,,,,,,,,,,
45907b1c-f637-46dc-b4f7-28c7d4c0f07e,AN-8FUEJF6O,REC-ZS4F1KCW,Maison,Maison en excellent état à Toulouse,Toulouse,31000,08/01/2025,263555 €,196,8,False,158 allée des Platanes,,,True,Marie Moreau,,,,,,"Maison charmant de 196 m² situé à Toulouse. Cave et parking inclus. Proche de toutes commodités, transports et écoles. À visiter sans tarder.",True,,,False,,E,,,,,,,
beeaf4c5-8e7e-4408-aac6-631e632fc013,AN-TWJY24FZ,REC-ZS4F1KCW,Maison,Maison lumineux à Toulouse,Toulouse,31000,03-03-2025,405155 €,163,8,False,,,,True,Ahmed Fontaine,0956297863,,56.34,,,"Maison rénové de 163 m² situé à Toulouse. Cave et parking inclus. Proche de toutes commodités, transports et écoles. À visiter sans tarder.",True,True,ImmoPlus,False,,A,,ahmed.fontaine83@example.com,,,,,
9f2ff8ce-ee59-440a-99bc-692eb575d50e,AN-1WPZCQJS,REC-ZS4F1KCW,Maison,Maison charmant à Toulouse,Toulouse,31000,3 décembre 2024,404594,235,9,False,64 place de la Mairie,,,True,Marc Lefevre,0884749043,True,,5,RDC,"Maison charmant de 235 m² situé à Toulouse. Cave et parking inclus. Proche de toutes commodités, transports et écoles. À visiter sans tarder.",True,,ImmoPlus,,,,2004,,,,,,
c76496dd-4599-42e6-9bf8-fccee8958a6c,AN-D39YH44Z,REC-ZS4F1KCW,Maison,Maison à rafraîchir à Toulouse,Toulouse,31000,2025-05-04,259423,,7,,149 rue Jean Jaurès,43.569141,1.43714,True,Marc Girard,,True,,5,1,"Maison avec vue dégagée de 196 m² situé à Toulouse. Proche de toutes commodités, transports et écoles. À visiter sans tarder.",True,,,,,,1918,marc.girard84@example.com,196,,,,
068196ee-1bd2-45a2-ae36-0392904ee3ef,AN-FPGELL8H,REC-ZS4F1KCW,Maison,Maison rénové à Toulouse,Toulouse,31000,7 avril 2025,302643,194,7,False,55 place de la Mairie,43.648134,1.425863,True,Jean Girard,0094463360,,340.04,,1,"Maison de standing de 194 m² situé à Toulouse. Proche de toutes commodités, transports et écoles. À visiter sans tarder. Travaux à prévoir.",True,True,,False,,,,jean.girard83@example.com,,,,,
0c225d3c-a62d-4a8c-93e3-d1c6e5f730e1,AN-9DZXZB5O,REC-ZS4F1KCW,Maison,Maison charmant à Toulouse,Toulouse,31000,5 mai 2026,233680 €,238,10,,,,,True,Marie Moreau,0645671963,,,4,1,"Maison rénové de 238 m² situé à Toulouse. Proche de toutes commodités, transports et écoles. À visiter sans tarder.",,True,,True,,,1952,marie.moreau57@example.com,,,,,
a45a9d01-cc99-43fd-b530-2945eb7015d9,AN-GEWOE6YW,REC-ZS4F1KCW,Maison,Maison avec vue dégagée à Toulouse,Toulouse,31000,21 février 2026,279811,224,7,,,,,True,Nadia Martin,,,,,0,"Maison en excellent état de 224 m² situé à Toulouse. Proche de toutes commodités, transports et écoles. À visiter sans tarder.",True,True,Provence Immobilier,False,,,,,,,,,
83395ccc-9847-437d-9460-d17137e63b29,AN-N0AFLX1L,REC-ZS4F1KCW,Maison,Maison spacieux à Toulouse,Toulouse,31000,08-28-2025,245072,166,9,False,189 quai de la Loire,,,True,,,,,4,,"Maison spacieux de 166 m² situé à Toulouse. Proche de toutes commodités, transports et écoles. À visiter sans tarder.",True,True,,False,,G,,,,,,,
48796379-15cd-46fd-8e39-929831f7b4e2,AN-GK2D90NR,REC-ZS4F1KCW,Maison,Maison avec vue dégagée à Toulouse,Toulouse,31000,3 mai 2025,265398,261,10,,94 rue Pasteur,43.612582,1.420834,True,Claire Lefevre,0234325391,,,2,,,True,,Clé en Main Immo,,,F,,,,,,,
af582829-4096-4627-a3c5-09472e71bde0,AN-M8R58NBO,REC-ZS4F1KCW,Maison,Maison lumineux à Toulouse,Toulouse,31000,09/05/2025,291091,,6,False,30 impasse des Lilas,43.581882,1.418537,True,Marie Martin,0903656228,,52.48,3,,,True,True,Provence Immobilier,True,,,,marie.martin40@example.com,197,,,,
494487bd-0a88-4fcf-92de-b8dd23ad7da6,AN-3J2PZF1D,REC-ZS4F1KCW,Maison,Maison de standing à Toulouse,Toulouse,31000,19 août 2026,340790,243,8,,,,,True,Marc Dubois,0021028934,,126.29,3,4,"Maison spacieux de 243 m² situé à Toulouse. Proche de toutes commodités, transports et écoles. À visiter sans tarder.",True,,,,,,,marc.dubois64@example.com,,,,,
32e8a152-1f96-416c-b555-14e3006ce078,AN-94JG14RQ,REC-ZS4F1KCW,Maison,Maison spacieux à Toulouse,Toulouse,31000,11-10-2024,216435 €,162,7,,,,,True,Ahmed Roche,0104360245,,107.58,,,"Maison charmant de 162 m² situé à Toulouse. Proche de toutes commodités, transports et écoles. À visiter sans tarder.",True,True,,,,F,,ahmed.roche93@example.com,,,,,
123babc7-49c0-4c57-a5a4-65e8c9e59320,AN-S79AEH1Z,REC-ZS4F1KCW,Maison,Maison charmant à Toulouse,Toulouse,31000,05-27-2025,338506,279,7,True,76 place de la Mairie,43.599304,1.436009,True,Claire Faure,,,,,4,"Maison charmant de 279 m² situé à Toulouse. Proche de toutes commodités, transports et écoles. À visiter sans tarder.",True,True,,False,https://exemple-images.test/AN-S79AEH1Z/1.jpg; https://exemple-images.test/AN-S79AEH1Z/2.jpg; https://exemple-images.test/AN-S79AEH1Z/3.jpg; https://exemple-images.test/AN-S79AEH1Z/4.jpg; https://exemple-images.test/AN-S79AEH1Z/5.jpg,,1936,,,,,,
1001bd6d-d823-4bef-ba86-785af64cef2f,AN-084QCOLR,REC-ZS4F1KCW,Maison,Maison atypique à Toulouse,Toulouse,31000,13 juillet 2025,291695,197,10,,,,,True,Claire Moreau,0552272000,True,,,5,"Maison à rafraîchir de 197 m² situé à Toulouse. Proche de toutes commodités, transports et écoles. À visiter sans tarder.",,True,Clé en Main Immo,,,,,claire.moreau30@example.com,,,,,
412778cb-2038-46d3-a3f7-206bd52956bf,AN-TSK2OKZA,REC-ZS4F1KCW,Maison,Maison charmant à Toulouse,Toulouse,31000,2026-05-23,404830,170,9,,,43.582746,1.452445,,,0387624453,,,1,,"Maison lumineux de 170 m² situé à Toulouse. Proche de toutes commodités, transports et écoles. À visiter sans tarder.",True,,,,https://exemple-images.test/AN-TSK2OKZA/1.jpg; https://exemple-images.test/AN-TSK2OKZA/2.jpg; https://exemple-images.test/AN-TSK2OKZA/3.jpg,A,,contact28@example.com,,,,,
4ed127ed-cd54-4bd8-a18e-8a076f051aba,AN-ACTE0ND3,REC-ZS4F1KCW,Maison,Maison au calme à Toulouse,Toulouse,31000,1764227410,385358,195,7,,,,,True,Nadia Bernard,0226692750,,,,,"Maison à rafraîchir de 195 m² situé à Toulouse. Proche de toutes commodités, transports et écoles. À visiter sans tarder. Travaux à prévoir.",,True,,,,,1869,nadia.bernard1@example.com,,,,,
577e145b-7d9f-4050-b933-4bedcbb3cfa5,AN-KPJ3R2G5,REC-ZS4F1KCW,Maison,Maison spacieux à Toulouse,Toulouse,31000,07-03-2026,300799,173,8,,109 boulevard Gambetta,43.647544,1.490395,True,Jean Martin,0936612078,,,0,,"Maison spacieux de 173 m² situé à Toulouse. Proche de toutes commodités, transports et écoles. À visiter sans tarder.",True,True,,True,https://exemple-images.test/AN-KPJ3R2G5/1.jpg; https://exemple-images.test/AN-KPJ3R2G5/2.jpg; https://exemple-images.test/AN-KPJ3R2G5/3.jpg; https://exemple-images.test/AN-KPJ3R2G5/4.jpg; https://exemple-images.test/AN-KPJ3R2G5/5.jpg,,,,,,,,
3aa7d63d-e82e-42ad-b109-dd1509eb4f06,AN-1D5T2NFK,REC-ZS4F1KCW,Maison,Maison atypique à Toulouse,Toulouse,31000,2026-03-15,340489,242,9,True,,43.569891,1.47207,,Karim Faure,0820283210,,,,,"Maison de standing de 242 m² situé à Toulouse. Proche de toutes commodités, transports et écoles. À visiter sans tarder.",True,True,,,,,1968,,,,,,
c92784b8-bd38-43f8-8b4c-73b4893ad756,AN-2UK4BOAL,REC-ZS4F1KCW,Maison,Maison au calme à Toulouse,Toulouse,31000,2026-06-21T13:05:10,317991,256,8,,,,,True,Nadia Bernard,0475671850,,,,,,,True,,False,,,,,,,,,
08930c31-8e4c-4f66-a7fb-557b5b67c321,AN-H0A1HG8T,REC-ZS4F1KCW,Maison,Maison à rafraîchir à Toulouse,Toulouse,31000,29 mai 2026,330281,236,6,,,43.593525,1.450951,True,,0928389072,,,4,RDC,"Maison spacieux de 236 m² situé à Toulouse. Cave et parking inclus. Proche de toutes commodités, transports et écoles. À visiter sans tarder.",True,True,,False,,B,,contact91@example.com,,,,,
25c343bf-bbab-45a7-93b4-7b09bcb568dd,AN-P1ULRFYA,REC-ZS4F1KCW,Maison,Maison avec vue dégagée à Toulouse,Toulouse,31000,2025-06-25,321507,202,6,,74 quai de la Loire,43.612353,1.397171,True,Nadia Bernard,,True,184.79,,1,"Maison à rafraîchir de 202 m² situé à Toulouse. Cave et parking inclus. Proche de toutes commodités, transports et écoles. À visiter sans tarder.",True,True,Nid Doré,,,B,,nadia.bernard14@example.com,,,,,
a4bef03d-778d-4832-80e6-5eb26c4586d4,AN-4XJNR4WI,REC-ZS4F1KCW,Maison,Maison au calme à Toulouse,Toulouse,31000,10-06-2024,227685,286,8,,,,,True,Marc Moreau,0596600027,,,,3,"Maison spacieux de 286 m² situé à Toulouse. Proche de toutes commodités, transports et écoles. À visiter sans tarder. Travaux à prévoir.",,True,Nid Doré,,,B,1851,,,,,,
07e2944f-64c6-4ac5-9198-36bfa7571ddd,AN-H0AN31QB,REC-ZS4F1KCW,Maison,Maison lumineux à Toulouse,Toulouse,31000,1753231570,215328 €,190,7,False,187 rue Pasteur,,,True,Jean Dubois,0111770690,True,266.72,,,,True,True,,,,,,jean.dubois72@example.com,,,,,
34d270f6-71bb-4159-a82e-fb2713b20609,AN-BNUNILXV,REC-ZS4F1KCW,Maison,Maison de standing à Toulouse,Toulouse,31000,18/03/2026,389866,159,7,,,43.620968,1.406793,True,Luc Bernard,0907888593,,,2,,,True,True,,True,,,,luc.bernard91@example.com,,,,,
985f21bd-339e-47a7-977e-11b3a46a1d2f,AN-QWA5J8YJ,REC-ZS4F1KCW,Maison,Maison en excellent état à Toulouse,Toulouse,31000,10-01-2025,220754,239,6,,,43.569221,1.489355,True,Jean Bernard,0146305623,,75.75,,,"Maison rénové de 239 m² situé à Toulouse. Proche de toutes commodités, transports et écoles. À visiter sans tarder.",,True,Toit & Vous,False,https://exemple-images.test/AN-QWA5J8YJ/1.jpg; https://exemple-images.test/AN-QWA5J8YJ/2.jpg; https://exemple-images.test/AN-QWA5J8YJ/3.jpg,,2022,,,,,,
57f0c49c-064e-4a2c-a762-27a80315094c,AN-W1J9LRPV,REC-ZS4F1KCW,Maison,Maison rénové à Toulouse,Toulouse,31000,1782564910,329185,288,8,,,43.653748,1.45643,True,,0612617736,,,0,2,"Maison de standing de 288 m² situé à Toulouse. Cave et parking inclus. Proche de toutes commodités, transports et écoles. À visiter sans tarder.",True,True,,False,,,1919,,,,,,
1effdecd-037f-4fe9-aff0-cca0fdee6e65,AN-6HWYBHIH,REC-ZS4F1KCW,Maison,Maison avec vue dégagée à Toulouse,Toulouse,31000,12-18-2024,246192 €,,7,,,,,True,Claire Perrin,0302758734,True,,4,,"Maison rénové de 282 m² situé à Toulouse. Cave et parking inclus. Proche de toutes commodités, transports et écoles. À visiter sans tarder.",True,True,,,https://exemple-images.test/AN-6HWYBHIH/1.jpg; https://exemple-images.test/AN-6HWYBHIH/2.jpg; https://exemple-images.test/AN-6HWYBHIH/3.jpg,F,,,282,,,,
b515e2c5-70b2-4fa7-b560-66c32ffee0e7,AN-96HHZI5L,REC-ZS4F1KCW,Maison,Maison en excellent état à Toulouse,Toulouse,31000,2025-07-15T12:27:10,204975,154,10,True,,43.602285,1.44401,,Nadia Roche,,,,3,,"Maison en excellent état de 154 m² situé à Toulouse. Cave et parking inclus. Proche de toutes commodités, transports et écoles. À visiter sans tarder.",,True,Century Habitat,True,,,,,,,,,
42ff2bef-ffb9-4149-812e-a8c87e3b6bf9,AN-2SRETTGB,REC-ZS4F1KCW,Maison,Maison charmant à Toulouse,Toulouse,31000,2026-03-23T20:59:10,347721,242,9,,184 impasse des Lilas,43.58746,1.430763,True,,,,,1,5,"Maison atypique de 242 m² situé à Toulouse. Proche de toutes commodités, transports et écoles. À visiter sans tarder.",,True,Century Habitat,False,,,,contact22@example.com,,,,,
cd94b3ca-1208-4f72-b567-96067ac6cd71,AN-7SSAHMN1,REC-ZS4F1KCW,Maison,Maison avec vue dégagée à Toulouse,Toulouse,31000,2026-03-21T11:12:10,393228,164,7,,37 rue de la République,,,True,Marie Dubois,,,,,3,"Maison avec vue dégagée de 164 m² situé à Toulouse. Proche de toutes commodités, transports et écoles. À visiter sans tarder.",True,True,,,,,,marie.dubois71@example.com,,,,,
a2b578b0-2cfd-493b-9387-5e9369c0aa97,AN-FW5RD2M2,REC-ZS4F1KCW,Maison,Maison à rafraîchir à Toulouse,Toulouse,31000,2026-03-20,329349,153,9,True,140 rue du Commerce,,,True,Nadia Fontaine,0543261867,True,,3,,"Maison rénové de 153 m² situé à Toulouse. Proche de toutes commodités, transports et écoles. À visiter sans tarder.",True,True,Toit & Vous,,,,1934,,,,,,
752f4847-779e-4334-ad50-ddd5f1c39b77,AN-2GYODPMT,REC-ZS4F1KCW,Maison,Maison à rafraîchir à Toulouse,Toulouse,31000,1756795090,400359,249,8,,136 impasse des Lilas,,,True,,0870236307,,,5,,"Maison rénové de 249 m² situé à Toulouse. Cave et parking inclus. Proche de toutes commodités, transports et écoles. À visiter sans tarder. Travaux à prévoir.",True,True,,,,,,,,,,,
dc27aea3-4eb3-4488-8447-7e7855718130,AN-335087L2,REC-FKYQ5Q6P,Maison,Maison lumineux à Limoges,Limoges,87000,2025-05-22T06:51:10,65235 €,189,6,,,45.804356,1.288623,,,,,,2,,"Maison rénové de 189 m² situé à Limoges. Cave et parking inclus. Proche de toutes commodités, transports et écoles. À visiter sans tarder.",,,,,https://exemple-images.test/AN-335087L2/1.jpg,A,,,,True,,,
5b0f6c90-cc59-4e89-a05d-034f2a221251,AN-M78654T2,REC-FKYQ5Q6P,Maison,Maison atypique à Limoges,Limoges,87000,1780590250,108288 €,207,,,39 chemin des Vignes,,,,Marie Perrin,,True,,0,,"Maison avec vue dégagée de 207 m² situé à Limoges. Proche de toutes commodités, transports et écoles. À visiter sans tarder.",,,,,,E,1957,marie.perrin43@example.com,,True,,,
72a3a172-5d70-42a1-a5e5-dad8bc6aaae9,AN-GFOQPJY2,REC-FKYQ5Q6P,Maison,Maison de standing à Limoges,Limoges,87000,1763209090,97157,301,1,False,,45.826505,1.297463,,Nadia Martin,0427894588,,,1,,"Maison en excellent état de 301 m² situé à Limoges. Proche de toutes commodités, transports et écoles. À visiter sans tarder.",,,,,https://exemple-images.test/AN-GFOQPJY2/1.jpg; https://exemple-images.test/AN-GFOQPJY2/2.jpg,,,,,True,,,
89f6cc37-19ed-4a98-9eca-35ce1e908717,AN-HTX2VHDE,REC-FKYQ5Q6P,Maison,Maison avec vue dégagée à Limoges,Limoges,87000,15/06/2026,65639,250,1,,,,,,Marie Faure,,,,4,,"Maison à rafraîchir de 250 m² situé à Limoges. Proche de toutes commodités, transports et écoles. À visiter sans tarder. Travaux à prévoir.",,,,,,,,,,,,,
e3a36aa2-e4d3-43d7-a612-7ed3074f9b96,AN-F2JY39PR,REC-FKYQ5Q6P,Maison,Maison au calme à Limoges,Limoges,87000,2026-05-28T11:56:10,64316,259,1,,,45.788493,1.284959,,,0950698385,,,1,,,,,,True,https://exemple-images.test/AN-F2JY39PR/1.jpg; https://exemple-images.test/AN-F2JY39PR/2.jpg; https://exemple-images.test/AN-F2JY39PR/3.jpg; https://exemple-images.test/AN-F2JY39PR/4.jpg,A,,contact81@example.com,,True,,,
8931780a-33d8-4930-98e1-4d6c803f4c55,AN-2F0BHHAL,REC-FKYQ5Q6P,Maison,Maison au calme à Limoges,Limoges,87000,03-25-2025,64505,238,2,,,,,,,,,394.82,,5,"Maison à rafraîchir de 238 m² situé à Limoges. Proche de toutes commodités, transports et écoles. À visiter sans tarder.",,,,True,,B,,,,True,,,
49e494da-dfd9-476d-8aaa-cc2313f90283,AN-ANRRPQP0,REC-FKYQ5Q6P,Maison,Maison spacieux à Limoges,Limoges,87000,2025-06-12,74631 €,274,,False,105 quai de la Loire,,,,,0264772250,,,,,,,,,,,A,,,,True,,,
a9a3a77f-19ef-4fbc-af9e-b42253026537,AN-S5MK1TF8,REC-FKYQ5Q6P,Maison,Maison charmant à Limoges,Limoges,87000,02-23-2025,66267,,,,37 allée des Platanes,,,,,0806933314,,,,,"Maison en excellent état de 223 m² situé à Limoges. Proche de toutes commodités, transports et écoles. À visiter sans tarder.",,,,,,B,,contact56@example.com,223,True,,,
49e49fcd-43a6-431f-8c0d-e98196be3ad8,AN-GHLKGH67,REC-FKYQ5Q6P,Maison,Maison à rafraîchir à Limoges,Limoges,87000,9 juillet 2026,83006,205,7,,106 boulevard Gambetta,,,,Marc Girard,,,,4,,"Maison atypique de 205 m² situé à Limoges. Proche de toutes commodités, transports et écoles. À visiter sans tarder.",,,,,,A,,,,,,,
41910b6b-b049-4a5d-9ebe-8e261f3b0f0c,AN-MN4KK1Z7,REC-FKYQ5Q6P,Maison,Maison charmant à Limoges,Limoges,87000,2024-12-19,99190,195,2,False,,45.810647,1.217318,,Karim Bernard,0287031359,,,2,,"Maison lumineux de 195 m² situé à Limoges. Cave et parking inclus. Proche de toutes commodités, transports et écoles. À visiter sans tarder.",,,,,,A,,,,,,,
694e1792-cb9d-4c9c-a56d-7e4107d52695,AN-OC0LCYAD,REC-FKYQ5Q6P,Maison,Maison avec vue dégagée à Limoges,Limoges,87000,1 mars 2026,85178,,7,,147 allée des Platanes,,,,Nadia Faure,,,298.79,,4,"Maison lumineux de 219 m² situé à Limoges. Cave et parking inclus. Proche de toutes commodités, transports et écoles. À visiter sans tarder.",,,Century Habitat,True,https://exemple-images.test/AN-OC0LCYAD/1.jpg,B,,,219,,,,
f807c694-b0c0-44e8-9aad-dc0a11d7e0f7,AN-784JJZ5X,REC-FKYQ5Q6P,Maison,Maison avec vue dégagée à Limoges,Limoges,87000,09-02-2024,72206,272,,,,45.784202,1.21951,,Marie Moreau,0461873792,True,,,4,"Maison à rafraîchir de 272 m² situé à Limoges. Proche de toutes commodités, transports et écoles. À visiter sans tarder.",,,,,,A,,,,,,,
0a10f677-91c4-431a-b91a-3dc392143a86,AN-97RMQYGB,REC-FKYQ5Q6P,Maison,Maison rénové à Limoges,Limoges,87000,2026-01-31,64264,269,5,,,,,,Jean Martin,0224326719,,,,3,"Maison avec vue dégagée de 269 m² situé à Limoges. Proche de toutes commodités, transports et écoles. À visiter sans tarder.",,,Toit & Vous,False,https://exemple-images.test/AN-97RMQYGB/1.jpg; https://exemple-images.test/AN-97RMQYGB/2.jpg; https://exemple-images.test/AN-97RMQYGB/3.jpg,B,,jean.martin93@example.com,,True,,,
28e3e72a-fb45-4550-b770-2393e3da52a2,AN-9K3J2OZ9,REC-FKYQ5Q6P,Maison,Maison en excellent état à Limoges,Limoges,87000,2025-11-04,72347,237,4,False,,45.842912,1.28535,,,0305960985,,238.25,,,"Maison au calme de 237 m² situé à Limoges. Cave et parking inclus. Proche de toutes commodités, transports et écoles. À visiter sans tarder.",,,,,https://exemple-images.test/AN-9K3J2OZ9/1.jpg; https://exemple-images.test/AN-9K3J2OZ9/2.jpg,A,,contact75@example.com,,True,,,
f6649878-0181-4e74-b404-e2bb61eccb1a,AN-WGGBILJ7,REC-FKYQ5Q6P,Maison,Maison spacieux à Limoges,Limoges,87000,25/04/2025,89835,297,2,,,45.86565,1.276137,,Nadia Lefevre,,True,356.91,,RDC,"Maison de standing de 297 m² situé à Limoges. Proche de toutes commodités, transports et écoles. À visiter sans tarder.",,,Toit & Vous,,,A,,,,True,,,
533f2900-9100-4bf8-b544-626511ad331c,AN-EDCKZ6JC,REC-FKYQ5Q6P,Maison,Maison lumineux à Limoges,Limoges,87000,01/08/2026,91933,303,5,,,45.849718,1.304937,,Karim Girard,,,,,dernier étage,"Maison charmant de 303 m² situé à Limoges. Cave et parking inclus. Proche de toutes commodités, transports et écoles. À visiter sans tarder.",,,ImmoPlus,False,,A,1898,,,True,,,
7c849e6c-cc81-4363-94b2-d6258b573b88,AN-HDLRSUKZ,REC-FKYQ5Q6P,Maison,Maison de standing à Limoges,Limoges,87000,09-12-2025,85675,236,5,,72 rue du Commerce,,,,Marie Perrin,,True,184.11,3,,"Maison lumineux de 236 m² situé à Limoges. Proche de toutes commodités, transports et écoles. À visiter sans tarder.",,,Century Habitat,,,B,,,,True,,,
bc08bb62-c679-4a72-8304-d1e6b208286d,AN-6ZCUGOLU,REC-FKYQ5Q6P,Maison,Maison au calme à Limoges,Limoges,87000,2026-08-11,92123,223,,,175 impasse des Lilas,45.860211,1.283916,,Ahmed Girard,0132935825,,71.98,,,"Maison rénové de 223 m² situé à Limoges. Proche de toutes commodités, transports et écoles. À visiter sans tarder.",,,Clé en Main Immo,,,A,1918,,,True,,,
b3b77914-f3f2-4d85-957e-94b853a19f75,AN-7XD224TO,REC-FKYQ5Q6P,Maison,Maison spacieux à Limoges,Limoges,87000,19 février 2026,119280,264,3,False,,,,,Julie Faure,0952550694,,,,0,,,,ImmoPlus,,,A,1995,julie.faure57@example.com,,,,,
e26e7cda-f5ce-4074-9dfa-b4fb3cd254cf,AN-EOQQBQNI,REC-FKYQ5Q6P,Maison,Maison au calme à Limoges,Limoges,87000,02-01-2025,71778,203,,,99 quai de la Loire,,,,,,,,1,4,,,,,,https://exemple-images.test/AN-EOQQBQNI/1.jpg,,,contact11@example.com,,True,,,
8ab21f28-9771-4842-b4dd-5bcc38f54988,AN-O3BVUW7D,REC-FKYQ5Q6P,Maison,Maison lumineux à Limoges,Limoges,87000,03/03/2026,98415,203,6,,194 impasse des Lilas,,,,Nadia Fontaine,0981847450,,,1,,"Maison atypique de 203 m² situé à Limoges. Proche de toutes commodités, transports et écoles. À visiter sans tarder. Travaux à prévoir.",,,,,https://exemple-images.test/AN-O3BVUW7D/1.jpg,B,,,,True,,,
63107aee-753b-44fb-b363-5d5db7e05bdc,AN-TUUHA61R,REC-FKYQ5Q6P,Maison,Maison atypique à Limoges,Limoges,87000,2025-09-16T04:07:10,112542,223,,,,45.870324,1.226275,,,,,,,,"Maison au calme de 223 m² situé à Limoges. Proche de toutes commodités, transports et écoles. À visiter sans tarder.",,,,,https://exemple-images.test/AN-TUUHA61R/1.jpg,B,1968,,,True,,,
0cdfdbdb-9e18-478c-9a3e-33f7cffdf17e,AN-13JO5GDL,REC-FKYQ5Q6P,Maison,Maison en excellent état à Limoges,Limoges,87000,19 septembre 2025,89396 €,217,1,,,45.875961,1.274973,,,0525210780,,,1,,"Maison charmant de 217 m² situé à Limoges. Proche de toutes commodités, transports et écoles. À visiter sans tarder.",,,,,,A,1978,contact38@example.com,,True,,,
cc0608bf-b7fe-4d0a-9aff-1517b3353236,AN-195V2J41,REC-FKYQ5Q6P,Maison,Maison au calme à Limoges,Limoges,87000,1725332650,99296 €,239,8,True,,45.845723,1.237865,,Karim Perrin,,,120.94,,3,"Maison atypique de 239 m² situé à Limoges. Proche de toutes commodités, transports et écoles. À visiter sans tarder.",,,Toit & Vous,False,,B,1952,karim.perrin57@example.com,,True,,,
db082613-2258-4dda-b786-8e2a0f6087ee,AN-Y6C50Y4A,REC-FKYQ5Q6P,Maison,Maison au calme à Limoges,Limoges,87000,4 juin 2026,105041,265,8,,111 place de la Mairie,45.837429,1.238538,,,0883575210,,,2,,,,,,True,,A,,,,True,,,
32050cf5-c239-4317-afa5-f81d916656eb,AN-QBKLOBCW,REC-FKYQ5Q6P,Maison,Maison atypique à Limoges,Limoges,87000,2024-12-16,113321,189,6,,,45.810353,1.306714,,Jean Dubois,,True,,,,"Maison à rafraîchir de 189 m² situé à Limoges. Cave et parking inclus. Proche de toutes commodités, transports et écoles. À visiter sans tarder.",,,,,,A,,,,True,,,
2e314c86-f23f-4cb4-8cfe-bfafcc4288ba,AN-VEBA73F3,REC-FKYQ5Q6P,Maison,Maison à rafraîchir à Limoges,Limoges,87000,2024-12-16T03:01:10,80914,244,,False,,45.809326,1.253158,,Sophie Bernard,,,,,,,,,Toit & Vous,,,B,,,,True,,,
ba56dcd6-0fdb-460b-8761-93179e0336ef,AN-MBS21UNX,REC-FKYQ5Q6P,Maison,Maison atypique à Limoges,Limoges,87000,2026-02-04T21:36:10,63619,179,,,,45.85738,1.252144,,Nadia Lefevre,,,,,,"Maison avec vue dégagée de 179 m² situé à Limoges. Proche de toutes commodités, transports et écoles. À visiter sans tarder.",,,Nid Doré,True,,B,1998,nadia.lefevre16@example.com,,True,,,
236ed9f8-5e44-44fb-b39d-12584be2ee70,AN-ETNCEEWV,REC-FKYQ5Q6P,Maison,Maison à rafraîchir à Limoges,Limoges,87000,2026-02-27T10:59:10,103021,172,1,,,45.834859,1.254935,,Marc Lefevre,0902891012,,191.82,,,"Maison spacieux de 172 m² situé à Limoges. Proche de toutes commodités, transports et écoles. À visiter sans tarder.",,,,,,A,,marc.lefevre99@example.com,,True,,,
9261c56d-a29f-4195-bd81-dbe84d3d4e2f,AN-SKAJTS48,REC-FKYQ5Q6P,Maison,Maison avec vue dégagée à Limoges,Limoges,87000,1756880530,100725,278,2,False,,,,,Claire Faure,0613902760,,,1,,"Maison avec vue dégagée de 278 m² situé à Limoges. Proche de toutes commodités, transports et écoles. À visiter sans tarder.",,,,,https://exemple-images.test/AN-SKAJTS48/1.jpg; https://exemple-images.test/AN-SKAJTS48/2.jpg; https://exemple-images.test/AN-SKAJTS48/3.jpg; https://exemple-images.test/AN-SKAJTS48/4.jpg; https://exemple-images.test/AN-SKAJTS48/5.jpg,A,,claire.faure58@example.com,,True,,,
a4a38f7d-175e-4213-aaff-1b1b83dc9f52,AN-7MHPWIHR,REC-FKYQ5Q6P,Maison,Maison avec vue dégagée à Limoges,Limoges,87000,1729047910,94690 €,,1,,,45.864883,1.236682,,,,,288.29,2,3,,,,,,,A,,contact70@example.com,249,True,,,
fa0f7b28-4375-4995-bb3a-a232d0a55b45,AN-ZIQUT9PX,REC-FKYQ5Q6P,Maison,Maison spacieux à Limoges,Limoges,87000,05/12/2024,64878,178,2,True,138 rue Jean Jaurès,,,,Sophie Roche,,,,1,,"Maison rénové de 178 m² situé à Limoges. Proche de toutes commodités, transports et écoles. À visiter sans tarder.",,,,True,,A,,,,True,,,
d9b2d592-2a7e-44f7-b5d6-19dc5a103c2d,AN-0FLKFKZZ,REC-FKYQ5Q6P,Maison,Maison à rafraîchir à Limoges,Limoges,87000,11 mai 2026,94059,224,8,False,87 place de la Mairie,,,,Claire Lefevre,0100486605,,,,,"Maison en excellent état de 224 m² situé à Limoges. Proche de toutes commodités, transports et écoles. À visiter sans tarder. Travaux à prévoir.",,,,,,,,claire.lefevre48@example.com,,True,,,
ab787181-e92a-415e-80a8-b998dbc0ee26,AN-Q689GFJF,REC-FKYQ5Q6P,Maison,Maison à rafraîchir à Limoges,Limoges,87000,12 mars 2026,79621,214,7,False,23 place de la Mairie,45.809915,1.293053,,,,True,244.93,2,dernier étage,"Maison avec vue dégagée de 214 m² situé à Limoges. Cave et parking inclus. Proche de toutes commodités, transports et écoles. À visiter sans tarder.",,,,,,B,,,,True,,,
4f238990-c0d0-4fc4-bfe2-8200a1e47a20,AN-4ZO8CA3X,REC-FKYQ5Q6P,Maison,Maison charmant à Limoges,Limoges,87000,20 janvier 2026,92950,287,7,True,,45.788716,1.278927,,,,,,,3,"Maison à rafraîchir de 287 m² situé à Limoges. Proche de toutes commodités, transports et écoles. À visiter sans tarder.",,,,False,,B,,,,True,,,
655f7e7a-9af2-409c-b079-6a6f08bb9f98,AN-V0YUV0P2,REC-FKYQ5Q6P,Maison,Maison atypique à Limoges,Limoges,87000,1779409750,86404 €,,1,False,,45.814594,1.234808,,,,,,3,,"Maison au calme de 203 m² situé à Limoges. Cave et parking inclus. Proche de toutes commodités, transports et écoles. À visiter sans tarder.",,,,False,,B,,contact46@example.com,203,True,,,
c0c24099-3fe6-43fd-8812-1f7f56b85173,AN-T19LJCWU,REC-FKYQ5Q6P,Maison,Maison avec vue dégagée à Limoges,Limoges,87000,2026-08-23T18:48:10,86295,185,7,True,,,,,Claire Fontaine,0794505174,,190.0,1,,"Maison atypique de 185 m² situé à Limoges. Proche de toutes commodités, transports et écoles. À visiter sans tarder.",,,Provence Immobilier,,https://exemple-images.test/AN-T19LJCWU/1.jpg; https://exemple-images.test/AN-T19LJCWU/2.jpg; https://exemple-images.test/AN-T19LJCWU/3.jpg,B,,,,True,,,
243c1898-fa23-4203-95c2-d55a77d33334,AN-OUP0WW6T,REC-FKYQ5Q6P,Maison,Maison au calme à Limoges,Limoges,87000,2026-03-03,123240,295,5,False,,,,,Ahmed Fontaine,,,,,4,"Maison spacieux de 295 m² situé à Limoges. Proche de toutes commodités, transports et écoles. À visiter sans tarder.",,,Provence Immobilier,,https://exemple-images.test/AN-OUP0WW6T/1.jpg; https://exemple-images.test/AN-OUP0WW6T/2.jpg,B,,,,True,,,
eb26ab09-45be-49b2-94fa-ccd5c9b756f0,AN-5CUPVGON,REC-FKYQ5Q6P,Maison,Maison atypique à Limoges,Limoges,87000,01-03-2025,85775,220,1,,169 rue de la République,,,,,,,,4,,"Maison lumineux de 220 m² situé à Limoges. Proche de toutes commodités, transports et écoles. À visiter sans tarder.",,,,False,,A,1854,contact40@example.com,,True,,,
64bba9bb-dbeb-4fe1-be47-bcc8b7d8c947,AN-EXBG7VKL,REC-FKYQ5Q6P,Maison,Maison avec vue dégagée à Limoges,Limoges,87000,2026-06-04T09:48:10,81824,277,,,,45.867107,1.21809,,,0315281087,,,,,,,,,,,A,1928,,,True,,,
3222dd0a-ee5e-4de4-a6fa-e405b3273bde,AN-U7KMPNAY,REC-FKYQ5Q6P,Maison,Maison en excellent état à Limoges,Limoges,87000,2026-04-02T08:24:10,108031,283,8,,,,,,Sophie Dubois,0264685180,,161.99,4,1,"Maison au calme de 283 m² situé à Limoges. Proche de toutes commodités, transports et écoles. À visiter sans tarder.",,,,True,,A,,sophie.dubois82@example.com,,,,,
ee8ab084-0fc6-4336-8386-5a5717a24428,AN-JIC9J5DH,REC-FKYQ5Q6P,Maison,Maison au calme à Limoges,Limoges,87000,1779671890,78280,237,7,,184 rue du Commerce,,,,Jean Bernard,,,,,2,"Maison spacieux de 237 m² situé à Limoges. Proche de toutes commodités, transports et écoles. À visiter sans tarder.",,,,False,https://exemple-images.test/AN-JIC9J5DH/1.jpg; https://exemple-images.test/AN-JIC9J5DH/2.jpg; https://exemple-images.test/AN-JIC9J5DH/3.jpg; https://exemple-images.test/AN-JIC9J5DH/4.jpg; https://exemple-images.test/AN-JIC9J5DH/5.jpg,B,,,,True,,,
9fe3b12d-3ea5-4585-8489-96609d57a347,AN-XAKECZ8Y,REC-FKYQ5Q6P,Maison,Maison atypique à Limoges,Limoges,87000,1762544050,121253 €,233,2,,,,,,Karim Roche,,,,0,5,,,,Clé en Main Immo,True,,A,1926,,,True,,,
d3d7cd2f-de42-4362-af72-8216a33c1c03,AN-LWGJ4IKH,REC-FKYQ5Q6P,Maison,Maison rénové à Limoges,Limoges,87000,16 août 2025,99767,158,1,,,,,,Ahmed Perrin,0028813977,True,125.05,,RDC,"Maison avec vue dégagée de 158 m² situé à Limoges. Proche de toutes commodités, transports et écoles. À visiter sans tarder.",,,Clé en Main Immo,,,B,,,,True,,,
d34c6238-e7c0-429b-8087-af76f07742d8,AN-EQ4BEXLJ,REC-FKYQ5Q6P,Maison,Maison lumineux à Limoges,Limoges,87000,19/05/2026,124326,224,,,167 rue Jean Jaurès,,,,Ahmed Martin,0134904952,,,3,,"Maison à rafraîchir de 224 m² situé à Limoges. Proche de toutes commodités, transports et écoles. À visiter sans tarder.",,,,False,,A,,,,True,,,
6f27bade-58a1-4003-b127-ca199d7ffaec,AN-WRV2SLRS,REC-FKYQ5Q6P,Maison,Maison atypique à Limoges,Limoges,87000,2025-04-14,101680,161,1,False,,,,,Marie Bernard,0492891963,,,,,,,,,True,https://exemple-images.test/AN-WRV2SLRS/1.jpg,,,marie.bernard91@example.com,,True,,,
eed39c94-e843-4452-b8ce-1a6188bd93f7,AN-PAEVTH39,REC-FKYQ5Q6P,Maison,Maison en excellent état à Limoges,Limoges,87000,2026-07-03,118956,,4,False,,,,,Claire Girard,0031082698,,258.29,0,RDC,"Maison rénové de 157 m² situé à Limoges. Proche de toutes commodités, transports et écoles. À visiter sans tarder.",,,,True,https://exemple-images.test/AN-PAEVTH39/1.jpg; https://exemple-images.test/AN-PAEVTH39/2.jpg; https://exemple-images.test/AN-PAEVTH39/3.jpg; https://exemple-images.test/AN-PAEVTH39/4.jpg; https://exemple-images.test/AN-PAEVTH39/5.jpg,B,,claire.girard96@example.com,157,True,,,
bd0ce198-1921-4faf-be05-4f7ae33199f7,AN-1NVLYV5P,REC-FKYQ5Q6P,Maison,Maison à rafraîchir à Limoges,Limoges,87000,01-14-2025,79750,230,6,,162 place de la Mairie,,,,Marie Girard,0886043579,,,1,4,"Maison en excellent état de 230 m² situé à Limoges. Proche de toutes commodités, transports et écoles. À visiter sans tarder.",,,,,,B,,marie.girard42@example.com,,True,,,
37861284-a6df-4ce5-bb38-3aa6b6128a3b,AN-6R5ZXFWR,REC-FKYQ5Q6P,Maison,Maison avec vue dégagée à Limoges,Limoges,87000,2026-04-25,73970,172,7,,,45.870382,1.219744,,,0126778450,,,3,,"Maison charmant de 172 m² situé à Limoges. Proche de toutes commodités, transports et écoles. À visiter sans tarder. Travaux à prévoir.",,,,,,B,,,,True,,,
86ae4d4e-2771-41c3-a675-8995ad276efd,AN-N036RO14,REC-FKYQ5Q6P,Maison,Maison avec vue dégagée à Limoges,Limoges,87000,2025-01-21T09:08:10,97611,,,True,24 chemin des Vignes,45.817775,1.217267,,,0647176242,True,,,3,"Maison charmant de 249 m² situé à Limoges. Proche de toutes commodités, transports et écoles. À visiter sans tarder.",,,Nid Doré,,,B,,contact13@example.com,249,True,,,
fa95af89-afa1-4fce-93ce-6b36911c7d6c,AN-XUQ9SVBT,REC-FKYQ5Q6P,Maison,Maison spacieux à Limoges,Limoges,87000,2024-09-09T23:57:10,90438,186,,,,,,,Karim Moreau,0055703667,,,1,,"Maison de standing de 186 m² situé à Limoges. Proche de toutes commodités, transports et écoles. À visiter sans tarder.",,,Century Habitat,,,B,1865,,,True,,,
2aea36c3-c20f-4d94-b374-5aa52bd9a93a,AN-2D6SGMYM,REC-FKYQ5Q6P,Maison,Maison avec vue dégagée à Limoges,Limoges,87000,1752343330,116743 €,293,6,,57 chemin des Vignes,,,,Marie Bernard,0978713981,True,,0,5,"Maison spacieux de 293 m² situé à Limoges. Proche de toutes commodités, transports et écoles. À visiter sans tarder. Travaux à prévoir.",,,,,,B,,marie.bernard14@example.com,,True,,,
876eb383-69f0-4ed0-a872-a2e7a3820e16,AN-86ECF6UR,REC-FKYQ5Q6P,Maison,Maison spacieux à Limoges,Limoges,87000,2026-06-03,63174,238,,,,,,,,0702637760,,,,,"Maison avec vue dégagée de 238 m² situé à Limoges. Proche de toutes commodités, transports et écoles. À visiter sans tarder. Travaux à prévoir.",,,,,,B,,contact17@example.com,,True,,,
7832396f-9b9e-428d-bd89-b1232d3788ed,AN-UEAJ7R5B,REC-FKYQ5Q6P,Maison,Maison lumineux à Limoges,Limoges,87000,28/05/2026,94803,302,3,,,45.873965,1.25997,,,0548602284,,,3,RDC,"Maison rénové de 302 m² situé à Limoges. Proche de toutes commodités, transports et écoles. À visiter sans tarder.",,,Provence Immobilier,,https://exemple-images.test/AN-UEAJ7R5B/1.jpg; https://exemple-images.test/AN-UEAJ7R5B/2.jpg; https://exemple-images.test/AN-UEAJ7R5B/3.jpg; https://exemple-images.test/AN-UEAJ7R5B/4.jpg; https://exemple-images.test/AN-UEAJ7R5B/5.jpg,B,2009,,,True,,,
67c67ece-ba24-4780-9c4f-c384f8b4f008,AN-1I10DOJX,REC-FKYQ5Q6P,Maison,Maison rénové à Limoges,Limoges,87000,09-28-2025,110758 €,176,6,False,96 avenue des Champs,45.830064,1.282277,,Nadia Martin,0194201708,,,,RDC,"Maison en excellent état de 176 m² situé à Limoges. Proche de toutes commodités, transports et écoles. À visiter sans tarder.",,,Provence Immobilier,True,,B,,,,True,,,
3b02f1a5-e8ca-4464-b05c-66a54f24efb5,AN-5VT9B7E4,REC-FKYQ5Q6P,Maison,Maison à rafraîchir à Limoges,Limoges,87000,1759384810,67815,299,3,True,28 rue Jean Jaurès,45.868543,1.270266,,Nadia Perrin,,,396.71,3,,"Maison en excellent état de 299 m² situé à Limoges. Cave et parking inclus. Proche de toutes commodités, transports et écoles. À visiter sans tarder.",,,Clé en Main Immo,,https://exemple-images.test/AN-5VT9B7E4/1.jpg; https://exemple-images.test/AN-5VT9B7E4/2.jpg; https://exemple-images.test/AN-5VT9B7E4/3.jpg; https://exemple-images.test/AN-5VT9B7E4/4.jpg,B,,nadia.perrin82@example.com,,True,,,
9c08718c-ea88-4136-ab54-bfc8527adc12,AN-6B3WZUPN,REC-FKYQ5Q6P,Maison,Maison en excellent état à Limoges,Limoges,87000,12-22-2025,94986,175,2,False,42 rue Victor Hugo,45.847608,1.240692,,Marie Dubois,0449704914,,,0,,"Maison à rafraîchir de 175 m² situé à Limoges. Proche de toutes commodités, transports et écoles. À visiter sans tarder. Travaux à prévoir.",,,Nid Doré,False,https://exemple-images.test/AN-6B3WZUPN/1.jpg,A,,marie.dubois61@example.com,,True,,,
b27d9e18-7540-43b7-b044-6911410c9e1b,AN-L6X84GNL,REC-FKYQ5Q6P,Maison,Maison de standing à Limoges,Limoges,87000,2024-11-13,87867,225,,True,184 avenue des Champs,,,,Ahmed Girard,0667011692,,,,,"Maison atypique de 225 m² situé à Limoges. Cave et parking inclus. Proche de toutes commodités, transports et écoles. À visiter sans tarder.",,,,,https://exemple-images.test/AN-L6X84GNL/1.jpg; https://exemple-images.test/AN-L6X84GNL/2.jpg; https://exemple-images.test/AN-L6X84GNL/3.jpg; https://exemple-images.test/AN-L6X84GNL/4.jpg; https://exemple-images.test/AN-L6X84GNL/5.jpg,E,1971,,,True,,,
2994825e-90b7-4753-9d46-9b57efcf1ae7,AN-QANKDTH0,REC-FKYQ5Q6P,Maison,Maison spacieux à Limoges,Limoges,87000,15/10/2024,120036,202,1,True,,45.843323,1.278276,,,0719883873,,,,,,,,,False,,B,,,,True,,,
6d81a5d1-0c36-4334-b1d3-9220970f20a6,AN-S1IMBGAB,REC-FKYQ5Q6P,Maison,Maison charmant à Limoges,Limoges,87000,14/03/2025,113674,186,8,,,,,,,0143352730,,,,RDC,"Maison charmant de 186 m² situé à Limoges. Proche de toutes commodités, transports et écoles. À visiter sans tarder.",,,Nid Doré,,,A,,contact21@example.com,,True,,,
e6ac1132-69d3-4237-a738-bc2511abd66d,AN-A6O5DRBI,REC-FKYQ5Q6P,Maison,Maison au calme à Limoges,Limoges,87000,2025-02-21,87254,225,,True,61 rue du Commerce,45.839151,1.237448,,Karim Perrin,,,,,,"Maison lumineux de 225 m² situé à Limoges. Proche de toutes commodités, transports et écoles. À visiter sans tarder.",,,,False,,A,,karim.perrin49@example.com,,True,,,
2d1599c4-87d4-4de9-aea7-39ec1af5a22a,AN-5IFVWE2L,REC-FKYQ5Q6P,Maison,Maison spacieux à Limoges,Limoges,87000,1736312650,120644,294,6,,116 rue du Commerce,,,,Karim Dubois,0115930065,,,4,,"Maison de standing de 294 m² situé à Limoges. Proche de toutes commodités, transports et écoles. À visiter sans tarder.",,,,,https://exemple-images.test/AN-5IFVWE2L/1.jpg; https://exemple-images.test/AN-5IFVWE2L/2.jpg,B,,,,True,,,
ab3595e4-2aa1-4879-ad16-17d304a0e248,AN-2HMJKESZ,REC-FKYQ5Q6P,Maison,Maison charmant à Limoges,Limoges,87000,2026-01-05T06:45:10,105198,213,5,,,,,,Julie Lefevre,,,275.47,3,,"Maison en excellent état de 213 m² situé à Limoges. Proche de toutes commodités, transports et écoles. À visiter sans tarder.",,,Clé en Main Immo,,https://exemple-images.test/AN-2HMJKESZ/1.jpg; https://exemple-images.test/AN-2HMJKESZ/2.jpg; https://exemple-images.test/AN-2HMJKESZ/3.jpg; https://exemple-images.test/AN-2HMJKESZ/4.jpg; https://exemple-images.test/AN-2HMJKESZ/5.jpg,B,1851,julie.lefevre97@example.com,,True,,,
2406863e-1011-4e5e-9f41-b9264d7d1234,AN-XJYFFU1C,REC-FKYQ5Q6P,Maison,Maison de standing à Limoges,Limoges,87000,2025-02-25,99894,290,2,,68 rue Pasteur,,,,Julie Bernard,0987284299,,,5,,,,,Provence Immobilier,False,,B,1879,julie.bernard83@example.com,,True,,,
269a0bc6-2351-47ce-b7b9-aa5196013d1a,AN-LGL8O4FW,REC-FKYQ5Q6P,Maison,Maison de standing à Limoges,Limoges,87000,1 septembre 2025,105626 €,193,5,False,66 allée des Platanes,,,,,,,,,,"Maison rénové de 193 m² situé à Limoges. Cave et parking inclus. Proche de toutes commodités, transports et écoles. À visiter sans tarder.",,,ImmoPlus,False,https://exemple-images.test/AN-LGL8O4FW/1.jpg; https://exemple-images.test/AN-LGL8O4FW/2.jpg; https://exemple-images.test/AN-LGL8O4FW/3.jpg; https://exemple-images.test/AN-LGL8O4FW/4.jpg; https://exemple-images.test/AN-LGL8O4FW/5.jpg,A,1901,contact17@example.com,,,,,
bc86f6b5-6987-4f25-b75e-08fa1f074c74,AN-GQ7YALRI,REC-FKYQ5Q6P,Maison,Maison lumineux à Limoges,Limoges,87000,25/10/2024,89996,200,5,,188 rue Jean Jaurès,45.866684,1.278879,,Nadia Martin,,True,,4,,"Maison charmant de 200 m² situé à Limoges. Proche de toutes commodités, transports et écoles. À visiter sans tarder.",,,,,,,,,,True,,,
478140e8-eee1-4252-a125-2b5e7707d05d,AN-3JOR49KB,REC-FKYQ5Q6P,Maison,Maison lumineux à Limoges,Limoges,87000,18 juin 2025,80585,175,,,78 allée des Platanes,45.866397,1.310802,,,0703832956,,,,,"Maison en excellent état de 175 m² situé à Limoges. Cave et parking inclus. Proche de toutes commodités, transports et écoles. À visiter sans tarder.",,,,True,,B,,contact92@example.com,,True,,,
0010be37-b93b-4a1f-9345-27502d297de8,AN-DIHLNKET,REC-FKYQ5Q6P,Maison,Maison atypique à Limoges,Limoges,87000,11-12-2025,73378 €,267,6,,6 rue Jean Jaurès,,,,Nadia Perrin,0457691172,,394.69,3,,"Maison charmant de 267 m² situé à Limoges. Proche de toutes commodités, transports et écoles. À visiter sans tarder.",,,,,,B,,nadia.perrin90@example.com,,True,,,
fd448dfb-63be-4b98-be3a-1254b1dfa8a8,AN-DANSPWNJ,REC-FKYQ5Q6P,Maison,Maison spacieux à Limoges,Limoges,87000,11 août 2026,79976,158,4,,22 rue de la République,45.875175,1.269317,,Luc Perrin,0317571408,True,,,,"Maison de standing de 158 m² situé à Limoges. Proche de toutes commodités, transports et écoles. À visiter sans tarder.",,,Nid Doré,,https://exemple-images.test/AN-DANSPWNJ/1.jpg; https://exemple-images.test/AN-DANSPWNJ/2.jpg,A,,,,True,,,
e0c0f233-6c90-4df1-9328-670e6713e514,AN-IOC5NZFC,REC-FKYQ5Q6P,Maison,Maison lumineux à Limoges,Limoges,87000,06-03-2026,115808,298,7,False,65 place de la Mairie,45.86576,1.228214,,Claire Perrin,0107277847,,140.28,5,,"Maison charmant de 298 m² situé à Limoges. Proche de toutes commodités, transports et écoles. À visiter sans tarder. Travaux à prévoir.",,,Toit & Vous,False,,A,,,,True,,,
88a11b39-5a49-40df-a8c0-7015d43cff06,AN-OGO2Z54T,REC-FKYQ5Q6P,Maison,Maison avec vue dégagée à Limoges,Limoges,87000,2026-05-30,89489,258,3,,,45.826617,1.295006,,,0374107723,,321.57,,,"Maison en excellent état de 258 m² situé à Limoges. Proche de toutes commodités, transports et écoles. À visiter sans tarder. Travaux à prévoir.",,,Clé en Main Immo,False,https://exemple-images.test/AN-OGO2Z54T/1.jpg; https://exemple-images.test/AN-OGO2Z54T/2.jpg; https://exemple-images.test/AN-OGO2Z54T/3.jpg,B,,,,True,,,
d7392d27-f271-4d54-b6e7-256923f17ca1,AN-HE4BE1VW,REC-FKYQ5Q6P,Maison,Maison à rafraîchir à Limoges,Limoges,87000,13 juin 2026,99432,210,,,121 rue du Commerce,,,,Marc Girard,,True,284.7,,,"Maison rénové de 210 m² situé à Limoges. Proche de toutes commodités, transports et écoles. À visiter sans tarder.",,,,,https://exemple-images.test/AN-HE4BE1VW/1.jpg; https://exemple-images.test/AN-HE4BE1VW/2.jpg; https://exemple-images.test/AN-HE4BE1VW/3.jpg; https://exemple-images.test/AN-HE4BE1VW/4.jpg,B,,,,True,,,
493547cf-f49c-4f57-b34b-5d1dd137fde6,AN-VLCF5KWB,REC-FKYQ5Q6P,Maison,Maison rénové à Limoges,Limoges,87000,2026-02-05T13:31:10,100925,184,8,,64 quai de la Loire,45.864076,1.247989,,,0367436925,,,,,"Maison charmant de 184 m² situé à Limoges. Cave et parking inclus. Proche de toutes commodités, transports et écoles. À visiter sans tarder.",,,,False,,B,,,,True,,,
cfba42d5-17d5-4c09-bfe0-e204a196d220,AN-KNGNVY0W,REC-FKYQ5Q6P,Maison,Maison lumineux à Limoges,Limoges,87000,2026-08-23,69350,221,1,False,,,,,,,,,4,1,,,,Century Habitat,,,A,,contact86@example.com,,True,,,
ac1b6638-cbe7-4708-840a-16806f316bc7,AN-AT83KGYM,REC-FKYQ5Q6P,Maison,Maison rénové à Limoges,Limoges,87000,2026-04-05T22:42:10,95158,247,7,True,,45.866668,1.286268,,Ahmed Girard,0587199242,,,1,,"Maison rénové de 247 m² situé à Limoges. Cave et parking inclus. Proche de toutes commodités, transports et écoles. À visiter sans tarder.",,,,False,,,,,,True,,,
75cdccbf-30cc-4736-af67-ef3e32375ace,AN-JHG9SQR9,REC-FKYQ5Q6P,Maison,Maison atypique à Limoges,Limoges,87000,05-16-2026,106309 €,296,3,True,,45.843399,1.22098,,Jean Fontaine,0357087589,,,,5,"Maison de standing de 296 m² situé à Limoges. Proche de toutes commodités, transports et écoles. À visiter sans tarder.",,,Provence Immobilier,,,B,,,,True,,,
cd9262cd-c04f-4c78-8f24-c0b8b25825da,AN-71I8AWF1,REC-FKYQ5Q6P,Maison,Maison avec vue dégagée à Limoges,Limoges,87000,26 mars 2025,99823,277,6,,52 impasse des Lilas,,,,Ahmed Roche,0322862259,,,5,5,"Maison atypique de 277 m² situé à Limoges. Proche de toutes commodités, transports et écoles. À visiter sans tarder.",,,,False,,A,,,,True,,,
64bf74c3-f0bd-4574-bf14-03b4a2862efc,AN-0HGPA0AU,REC-FKYQ5Q6P,Maison,Maison charmant à Limoges,Limoges,87000,01-22-2025,80091 €,,7,,30 rue Jean Jaurès,,,,,0794826220,,,,dernier étage,"Maison de standing de 180 m² situé à Limoges. Proche de toutes commodités, transports et écoles. À visiter sans tarder. Travaux à prévoir.",,,Nid Doré,,https://exemple-images.test/AN-0HGPA0AU/1.jpg; https://exemple-images.test/AN-0HGPA0AU/2.jpg,A,,,180,,,,
6e94cd1b-68cd-40ca-8cde-5be586e74779,AN-3OQE2612,REC-FKYQ5Q6P,Maison,Maison rénové à Limoges,Limoges,87000,03-23-2025,112960,216,8,True,,,,,,,,,5,,"Maison lumineux de 216 m² situé à Limoges. Cave et parking inclus. Proche de toutes commodités, transports et écoles. À visiter sans tarder.",,,Provence Immobilier,False,https://exemple-images.test/AN-3OQE2612/1.jpg; https://exemple-images.test/AN-3OQE2612/2.jpg; https://exemple-images.test/AN-3OQE2612/3.jpg; https://exemple-images.test/AN-3OQE2612/4.jpg,A,,contact55@example.com,,True,,,
ac4cfe7a-2525-4b9b-bb6b-b877fa67d221,AN-CIAGQUV5,REC-FKYQ5Q6P,Maison,Maison de standing à Limoges,Limoges,87000,2025-03-07,99184,163,,,,,,,Marie Roche,0384300945,,,,1,"Maison à rafraîchir de 163 m² situé à Limoges. Proche de toutes commodités, transports et écoles. À visiter sans tarder.",,,,False,,B,,,,,,,
3dbea35d-4969-45be-95ed-84de0f8ba5c3,AN-474ILUXX,REC-FKYQ5Q6P,Maison,Maison à rafraîchir à Limoges,Limoges,87000,06/12/2025,99964,214,4,,,,,,,,,345.59,,,"Maison à rafraîchir de 214 m² situé à Limoges. Proche de toutes commodités, transports et écoles. À visiter sans tarder.",,,,,,B,1867,contact36@example.com,,True,,,
4498d59d-e335-40ac-b415-bd75ecdb4229,AN-P05WZJI2,REC-FKYQ5Q6P,Maison,Maison lumineux à Limoges,Limoges,87000,2024-12-13,72931 €,219,,,,,,,,,,,,4,"Maison lumineux de 219 m² situé à Limoges. Proche de toutes commodités, transports et écoles. À visiter sans tarder. Travaux à prévoir.",,,,True,https://exemple-images.test/AN-P05WZJI2/1.jpg; https://exemple-images.test/AN-P05WZJI2/2.jpg; https://exemple-images.test/AN-P05WZJI2/3.jpg; https://exemple-images.test/AN-P05WZJI2/4.jpg,A,1980,contact5@example.com,,True,,,
2ec2e9d1-e620-4c1f-8a25-bfaf00a67eb1,AN-F3LVXW07,REC-FKYQ5Q6P,Maison,Maison atypique à Limoges,Limoges,87000,2025-11-28,90271,179,,,81 quai de la Loire,,,,Julie Faure,0356790868,,,2,,"Maison lumineux de 179 m² situé à Limoges. Proche de toutes commodités, transports et écoles. À visiter sans tarder. Travaux à prévoir.",,,Toit & Vous,,https://exemple-images.test/AN-F3LVXW07/1.jpg,,1909,,,True,,,
9afc0ff1-8a85-469c-b500-949c9652baf8,AN-BM94B6D0,REC-FKYQ5Q6P,Maison,Maison au calme à Limoges,Limoges,87000,2024-10-26,71365,174,5,,,45.786211,1.228818,,,0067625129,,179.49,3,,"Maison rénové de 174 m² situé à Limoges. Proche de toutes commodités, transports et écoles. À visiter sans tarder. Travaux à prévoir.",,,Clé en Main Immo,False,,B,,,,True,,,
041ce513-3c43-470a-9100-5e1d0710b50e,AN-YGCS2668,REC-FKYQ5Q6P,Maison,Maison avec vue dégagée à Limoges,Limoges,87000,04-04-2025,121004,174,,False,,,,,Marie Bernard,0789755585,,,,,"Maison en excellent état de 174 m² situé à Limoges. Cave et parking inclus. Proche de toutes commodités, transports et écoles. À visiter sans tarder.",,,,True,https://exemple-images.test/AN-YGCS2668/1.jpg; https://exemple-images.test/AN-YGCS2668/2.jpg,B,,,,True,,,
f3d4df79-0473-4d4c-8e5b-bea0ee586359,AN-EBCU8S90,REC-FKYQ5Q6P,Maison,Maison lumineux à Limoges,Limoges,87000,2025-08-18T17:44:10,83745,185,4,,,,,,Sophie Perrin,,,,,,,,,,False,https://exemple-images.test/AN-EBCU8S90/1.jpg; https://exemple-images.test/AN-EBCU8S90/2.jpg; https://exemple-images.test/AN-EBCU8S90/3.jpg; https://exemple-images.test/AN-EBCU8S90/4.jpg; https://exemple-images.test/AN-EBCU8S90/5.jpg,A,,,,True,,,
66d89552-6743-4967-afaf-fd6a6484aa50,AN-4GZD8L5J,REC-FKYQ5Q6P,Maison,Maison en excellent état à Limoges,Limoges,87000,2025-10-01,109308,179,3,,,45.797813,1.261527,,Claire Girard,0237776333,,,0,,"Maison de standing de 179 m² situé à Limoges. Proche de toutes commodités, transports et écoles. À visiter sans tarder.",,,,False,https://exemple-images.test/AN-4GZD8L5J/1.jpg; https://exemple-images.test/AN-4GZD8L5J/2.jpg; https://exemple-images.test/AN-4GZD8L5J/3.jpg; https://exemple-images.test/AN-4GZD8L5J/4.jpg; https://exemple-images.test/AN-4GZD8L5J/5.jpg,A,,claire.girard95@example.com,,True,,,
92d9a759-9f5f-4360-841f-628e0436197f,AN-VHKA7JYW,REC-FKYQ5Q6P,Maison,Maison en excellent état à Limoges,Limoges,87000,2025-07-21T01:03:10,65042,293,,,89 boulevard Gambetta,,,,,0950798360,,,,,"Maison lumineux de 293 m² situé à Limoges. Proche de toutes commodités, transports et écoles. À visiter sans tarder.",,,,,,A,2018,,,True,,,
f61a00a4-3c4f-4e3f-b507-b158be5320ff,AN-BSEDE1T3,REC-FKYQ5Q6P,Maison,Maison en excellent état à Limoges,Limoges,87000,7 décembre 2025,98577,193,1,,118 rue du Commerce,,,,,0695225899,True,,,,"Maison en excellent état de 193 m² situé à Limoges. Proche de toutes commodités, transports et écoles. À visiter sans tarder.",,,,,,A,1858,,,True,,,
5f41bc18-2829-409f-b7a7-85b5cfba5c24,AN-A5GS7U1X,REC-FKYQ5Q6P,Maison,Maison au calme à Limoges,Limoges,87000,04-15-2025,99831 €,208,4,,134 quai de la Loire,,,,Julie Martin,0918388708,,,,,"Maison rénové de 208 m² situé à Limoges. Proche de toutes commodités, transports et écoles. À visiter sans tarder.",,,Century Habitat,,https://exemple-images.test/AN-A5GS7U1X/1.jpg; https://exemple-images.test/AN-A5GS7U1X/2.jpg; https://exemple-images.test/AN-A5GS7U1X/3.jpg,B,,julie.martin63@example.com,,True,,,
f0e737ce-26dc-4e35-937c-0c8c046424f5,AN-H7KANFLG,REC-FKYQ5Q6P,Maison,Maison à rafraîchir à Limoges,Limoges,87000,12/08/2026,93580,241,6,,,,,,Claire Faure,0891682578,,,,,"Maison charmant de 241 m² situé à Limoges. Cave et parking inclus. Proche de toutes commodités, transports et écoles. À visiter sans tarder. Travaux à prévoir.",,,,,,C,,claire.faure99@example.com,,True,,,
4ff9ff5d-50e0-4a73-b2ec-fba751f2123f,AN-OTWMH7XS,REC-FKYQ5Q6P,Maison,Maison atypique à Limoges,Limoges,87000,2025-11-14,120876,,,,,45.809792,1.277737,,Ahmed Girard,0798889016,,,4,,,,,,False,,B,,ahmed.girard71@example.com,227,True,,,
b567cfd7-f286-44de-9be8-6ecb44fb45e7,AN-1Z3RYU5Y,REC-FKYQ5Q6P,Maison,Maison à rafraîchir à Limoges,Limoges,87000,2026-07-14T21:59:10,109621,159,,False,145 impasse des Lilas,45.799992,1.283024,,Nadia Bernard,0249758257,,,2,,"Maison au calme de 159 m² situé à Limoges. Proche de toutes commodités, transports et écoles. À visiter sans tarder. Travaux à prévoir.",,,,,,C,,nadia.bernard89@example.com,,True,,,
6cf71c06-8e2e-42f1-a51b-6b2aea44ea3b,AN-TZPZAXKW,REC-FKYQ5Q6P,Maison,Maison de standing à Limoges,Limoges,87000,2025-06-28T09:39:10,115481,228,,,,45.858145,1.244784,,,,,150.96,,,"Maison rénové de 228 m² situé à Limoges. Proche de toutes commodités, transports et écoles. À visiter sans tarder.",,,Century Habitat,True,,B,,,,,,,
e0b45125-4205-4bae-93f2-3f5e8ac5700c,AN-JS34ADOR,REC-FKYQ5Q6P,Maison,Maison à rafraîchir à Limoges,Limoges,87000,01/12/2024,68633,164,4,False,,,,,,,True,,3,1,,,,,,https://exemple-images.test/AN-JS34ADOR/1.jpg,B,1915,contact44@example.com,,True,,,
4c110ceb-121c-4b5a-b1d8-2bc71fd8ae17,AN-0DQSFOUW,REC-FKYQ5Q6P,Maison,Maison en excellent état à Limoges,Limoges,87000,01/09/2025,99514,209,2,,160 rue de la République,45.855783,1.263395,,,0321065094,,,3,4,"Maison spacieux de 209 m² situé à Limoges. Proche de toutes commodités, transports et écoles. À visiter sans tarder.",,,Century Habitat,True,,B,,contact75@example.com,,,,,
0e64dd1b-b8bb-4109-bfa1-3f9232dd4a55,AN-LE62DP6D,REC-FKYQ5Q6P,Maison,Maison de standing à Limoges,Limoges,87000,27/03/2026,119887,262,7,,117 impasse des Lilas,45.882752,1.255018,,Jean Roche,0271093271,,352.68,,,"Maison en excellent état de 262 m² situé à Limoges. Proche de toutes commodités, transports et écoles. À visiter sans tarder. Travaux à prévoir.",,,Provence Immobilier,False,,B,,,,True,,,
4884474d-6ab9-4e01-ba6c-9788b3872d74,AN-MV15UYP7,REC-FKYQ5Q6P,Maison,Maison en excellent état à Limoges,Limoges,87000,05/10/2024,80877,240,,,,,,,,0474481244,,,,,,,,Clé en Main Immo,False,,G,,contact50@example.com,,True,,,
7ac22d1b-48da-4dde-8654-b4eda2aa18bf,AN-IDQZ1LTX,REC-FKYQ5Q6P,Maison,Maison à rafraîchir à Limoges,Limoges,87000,1756368010,67658,231,,,,,,,Luc Moreau,0911741857,,74.71,,,"Maison spacieux de 231 m² situé à Limoges. Cave et parking inclus. Proche de toutes commodités, transports et écoles. À visiter sans tarder.",,,,False,,B,1988,luc.moreau13@example.com,,True,,,
c29070a8-38a7-4f85-96b9-68195fc5a383,AN-LMIR8E8R,REC-FKYQ5Q6P,Maison,Maison avec vue dégagée à Limoges,Limoges,87000,01/10/2025,101616,254,2,,,,,,,0468879628,,,,RDC,"Maison atypique de 254 m² situé à Limoges. Cave et parking inclus. Proche de toutes commodités, transports et écoles. À visiter sans tarder.",,,,,https://exemple-images.test/AN-LMIR8E8R/1.jpg; https://exemple-images.test/AN-LMIR8E8R/2.jpg; https://exemple-images.test/AN-LMIR8E8R/3.jpg; https://exemple-images.test/AN-LMIR8E8R/4.jpg; https://exemple-images.test/AN-LMIR8E8R/5.jpg,A,1932,contact28@example.com,,True,,,
1037815b-586b-42db-bdba-4b35f649c208,AN-9OBVJ6WT,REC-FKYQ5Q6P,Maison,Maison avec vue dégagée à Limoges,Limoges,87000,25 décembre 2025,113794,246,7,,,,,,Ahmed Martin,0522585618,,,0,3,"Maison spacieux de 246 m² situé à Limoges. Proche de toutes commodités, transports et écoles. À visiter sans tarder.",,,,True,,A,,,,True,,,
847bf3f0-31cd-43e0-8467-12f572012607,AN-T8SBMLYW,REC-FKYQ5Q6P,Maison,Maison avec vue dégagée à Limoges,Limoges,87000,1754151670,108857,171,8,False,,45.841659,1.264122,,,0962667463,,,,,,,,,,,,,contact6@example.com,,True,,,
d76832fe-4b99-4f16-accf-5ed92fcb2bb2,AN-CJ5DXV83,REC-FKYQ5Q6P,Maison,Maison charmant à Limoges,Limoges,87000,03-18-2026,94568,249,,,,45.871354,1.233827,,,0140384923,,,1,0,"Maison rénové de 249 m² situé à Limoges. Cave et parking inclus. Proche de toutes commodités, transports et écoles. À visiter sans tarder.",,,,,,B,,,,True,,,
84aa0139-97f2-423d-996c-94d521dbd3dd,AN-EK17LHOW,REC-FKYQ5Q6P,Maison,Maison charmant à Limoges,Limoges,87000,2026-04-14T13:23:10,113090,235,8,,,45.86147,1.25727,,,0926142825,,,5,,"Maison avec vue dégagée de 235 m² situé à Limoges. Proche de toutes commodités, transports et écoles. À visiter sans tarder.",,,,False,,A,1965,contact41@example.com,,True,,,
b5130b9b-0c0d-40b8-a0ef-d1d8cb403210,AN-9UF5U4DQ,REC-FKYQ5Q6P,Maison,Maison au calme à Limoges,Limoges,87000,2024-11-17,100883,176,3,True,,,,,,,,,2,dernier étage,"Maison lumineux de 176 m² situé à Limoges. Cave et parking inclus. Proche de toutes commodités, transports et écoles. À visiter sans tarder.",,,Toit & Vous,,,A,,contact57@example.com,,True,,,
38176096-881d-4c17-975a-a070f718d2e1,AN-OO84529N,REC-FKYQ5Q6P,Maison,Maison lumineux à Limoges,Limoges,87000,2024-10-15,67522,273,,,,,,,Jean Moreau,0856108253,True,,,,"Maison charmant de 273 m² situé à Limoges. Proche de toutes commodités, transports et écoles. À visiter sans tarder.",,,,,,A,,,,True,,,
dc6d900c-ca2b-408a-9e3c-10681d1cf82a,AN-NAJ8H3YH,REC-FKYQ5Q6P,Maison,Maison à rafraîchir à Limoges,Limoges,87000,09-03-2025,93442,247,,,,45.830043,1.224743,,Julie Roche,,,,2,0,"Maison en excellent état de 247 m² situé à Limoges. Proche de toutes commodités, transports et écoles. À visiter sans tarder.",,,Nid Doré,,,A,,,,True,,,
6eff9423-636d-43a5-8c9d-242b1d635080,AN-WJ4SMVL1,REC-FKYQ5Q6P,Maison,Maison en excellent état à Limoges,Limoges,87000,2024-10-18,121674,,,,,,,,Claire Roche,0133241796,True,,4,dernier étage,"Maison en excellent état de 227 m² situé à Limoges. Cave et parking inclus. Proche de toutes commodités, transports et écoles. À visiter sans tarder.",,,,,https://exemple-images.test/AN-WJ4SMVL1/1.jpg; https://exemple-images.test/AN-WJ4SMVL1/2.jpg; https://exemple-images.test/AN-WJ4SMVL1/3.jpg,A,,claire.roche6@example.com,227,,,,
b3bd3b18-86a1-4cd6-a4ff-0d1a5a3de3ab,AN-EZXJFJ8M,REC-FKYQ5Q6P,Maison,Maison de standing à Limoges,Limoges,87000,03-09-2026,105400,183,7,,64 rue de la République,,,,Nadia Perrin,0217833691,True,273.18,,,"Maison au calme de 183 m² situé à Limoges. Cave et parking inclus. Proche de toutes commodités, transports et écoles. À visiter sans tarder.",,,,,,F,,nadia.perrin65@example.com,,True,,,
23c91d0c-655c-4d1c-8846-7d67222f0475,AN-7264H2WA,REC-FKYQ5Q6P,Maison,Maison au calme à Limoges,Limoges,87000,1767929950,100869 €,189,3,,61 boulevard Gambetta,,,,Sophie Dubois,0096243756,True,297.76,,,"Maison lumineux de 189 m² situé à Limoges. Proche de toutes commodités, transports et écoles. À visiter sans tarder. Travaux à prévoir.",,,Toit & Vous,,,B,1983,,,True,,,
a7c81bcb-11a8-4382-8891-f8fec7d0207f,AN-UMOWT0WZ,REC-FKYQ5Q6P,Maison,Maison spacieux à Limoges,Limoges,87000,2024-11-30,80823,178,3,,,45.878166,1.280421,,,0807244414,True,,,0,,,,,,,A,,contact23@example.com,,True,,,
7576d7aa-5976-49ce-ab6b-f8e0cf2b8f92,AN-YZ9O6C5T,REC-FKYQ5Q6P,Maison,Maison à rafraîchir à Limoges,Limoges,87000,2025-08-23T12:31:10,111638,165,4,,67 chemin des Vignes,45.847453,1.211122,,,0142201140,,,,,"Maison atypique de 165 m² situé à Limoges. Cave et parking inclus. Proche de toutes commodités, transports et écoles. À visiter sans tarder.",,,,False,,A,,contact29@example.com,,True,,,
0e25f4f7-55ce-49e8-8e29-c739f0f3843d,AN-CCZUCU6M,REC-FKYQ5Q6P,Maison,Maison rénové à Limoges,Limoges,87000,1755084130,83369 €,,7,,,,,,,,,,2,RDC,"Maison rénové de 214 m² situé à Limoges. Cave et parking inclus. Proche de toutes commodités, transports et écoles. À visiter sans tarder.",,,,False,https://exemple-images.test/AN-CCZUCU6M/1.jpg; https://exemple-images.test/AN-CCZUCU6M/2.jpg; https://exemple-images.test/AN-CCZUCU6M/3.jpg,B,,,214,True,,,
72981fc6-81b4-4767-9be2-207f04b78bb9,AN-3OT3743X,REC-FKYQ5Q6P,Maison,Maison en excellent état à Limoges,Limoges,87000,2024-09-30,118658,234,2,,,45.832762,1.293188,,Jean Roche,0673767871,,,2,,"Maison rénové de 234 m² situé à Limoges. Proche de toutes commodités, transports et écoles. À visiter sans tarder.",,,,,,A,1874,jean.roche83@example.com,,True,,,
9222643c-ba2b-4902-b378-b924769615e3,AN-FKVZVPU0,REC-FKYQ5Q6P,Maison,Maison spacieux à Limoges,Limoges,87000,8 septembre 2025,72779 €,199,6,,,45.785302,1.280085,,,0255275802,,,,,"Maison atypique de 199 m² situé à Limoges. Proche de toutes commodités, transports et écoles. À visiter sans tarder.",,,,True,,B,,contact50@example.com,,True,,,
cb553a67-f8d1-4c33-b482-f3f3010b8fe6,AN-8QKDRULN,REC-FKYQ5Q6P,Maison,Maison de standing à Limoges,Limoges,87000,2025-08-14T21:51:10,75238,193,7,,149 rue de la République,,,,,,,255.64,5,,,,,Provence Immobilier,True,,,,contact23@example.com,,True,,,
35d69a4e-14cb-40bc-8701-48c551013352,AN-GCKOIO6G,REC-FKYQ5Q6P,Maison,Maison avec vue dégagée à Limoges,Limoges,87000,2026-07-06T17:08:10,110812,153,,,,45.806324,1.259087,,Nadia Lefevre,,True,,,,"Maison en excellent état de 153 m² situé à Limoges. Proche de toutes commodités, transports et écoles. À visiter sans tarder.",,,Provence Immobilier,,,,,,,,,,
9a2e9ef7-ffb4-4c80-9a35-24b3eef23da5,AN-1H3GRNC5,REC-FKYQ5Q6P,Maison,Maison rénové à Limoges,Limoges,87000,2025-08-29,86675,270,6,True,65 chemin des Vignes,,,,Claire Martin,0814518037,,,3,,"Maison avec vue dégagée de 270 m² situé à Limoges. Proche de toutes commodités, transports et écoles. À visiter sans tarder.",,,,,,A,,,,True,,,
7c8c3486-b80f-4414-9d35-8013bdd13cf6,AN-98PJF85G,REC-FKYQ5Q6P,Maison,Maison au calme à Limoges,Limoges,87000,18/05/2026,84957 €,216,6,False,,45.86446,1.256021,,Marc Perrin,,True,,,0,"Maison rénové de 216 m² situé à Limoges. Proche de toutes commodités, transports et écoles. À visiter sans tarder. Travaux à prévoir.",,,,,,B,2007,,,True,,,
8d6b7988-59c5-4467-8e5a-eee9f1adb79d,AN-BRAEFNYZ,REC-FKYQ5Q6P,Maison,Maison atypique à Limoges,Limoges,87000,2026-08-21T15:13:10,80272,273,,True,181 place de la Mairie,,,,Nadia Martin,,,,5,2,"Maison de standing de 273 m² situé à Limoges. Cave et parking inclus. Proche de toutes commodités, transports et écoles. À visiter sans tarder.",,,ImmoPlus,,,A,2015,nadia.martin83@example.com,,True,,,
ddc72295-db96-4d2a-b36a-b0ded458e24a,AN-MRXIODMJ,REC-FKYQ5Q6P,Maison,Maison de standing à Limoges,Limoges,87000,8 mars 2026,90003,165,3,,147 rue Victor Hugo,,,,Claire Fontaine,0542744592,True,,4,3,"Maison rénové de 165 m² situé à Limoges. Proche de toutes commodités, transports et écoles. À visiter sans tarder.",,,Toit & Vous,,,B,,,,True,,,
7472c398-db47-4bb4-b9fa-afd2366c2559,AN-8RZ7TVXD,REC-FKYQ5Q6P,Maison,Maison lumineux à Limoges,Limoges,87000,06/07/2026,107127,285,,False,,,,,Sophie Martin,,True,236.89,,5,"Maison charmant de 285 m² situé à Limoges. Proche de toutes commodités, transports et écoles. À visiter sans tarder. Travaux à prévoir.",,,,,https://exemple-images.test/AN-8RZ7TVXD/1.jpg; https://exemple-images.test/AN-8RZ7TVXD/2.jpg,B,,sophie.martin28@example.com,,True,,,
d88597ca-86f0-41b8-95c6-4a8e0270cda0,AN-E3TE3DK2,REC-FKYQ5Q6P,Maison,Maison spacieux à Limoges,Limoges,87000,1759825990,91263,181,8,,,,,,Marie Dubois,0832329896,,,,,"Maison rénové de 181 m² situé à Limoges. Proche de toutes commodités, transports et écoles. À visiter sans tarder.",,,,True,,B,,,,,,,
a36311dd-f098-4b2f-bb39-892020f96b2b,AN-QJAGEJX9,REC-FKYQ5Q6P,Maison,Maison à rafraîchir à Limoges,Limoges,87000,2025-07-29,95065,214,,,,45.864862,1.275742,,Nadia Moreau,,,,4,,,,,Provence Immobilier,False,https://exemple-images.test/AN-QJAGEJX9/1.jpg; https://exemple-images.test/AN-QJAGEJX9/2.jpg; https://exemple-images.test/AN-QJAGEJX9/3.jpg; https://exemple-images.test/AN-QJAGEJX9/4.jpg,B,,nadia.moreau84@example.com,,True,,,
6209fdf4-a7de-403e-b1e1-d1920f35a1f4,AN-DC42B4S4,REC-FKYQ5Q6P,Maison,Maison lumineux à Limoges,Limoges,87000,1724622910,114553,235,2,False,178 rue Victor Hugo,,,,Marie Faure,0223793933,,,,0,"Maison atypique de 235 m² situé à Limoges. Proche de toutes commodités, transports et écoles. À visiter sans tarder.",,,,,https://exemple-images.test/AN-DC42B4S4/1.jpg,A,,,,True,,,
fbe5a99f-05dd-43b6-bd74-3ffd91361aa5,AN-TKNDLVVW,REC-FKYQ5Q6P,Maison,Maison atypique à Limoges,Limoges,87000,21/10/2024,117470 €,261,3,,,45.819469,1.285213,,Julie Girard,0820101063,,166.91,2,,"Maison spacieux de 261 m² situé à Limoges. Proche de toutes commodités, transports et écoles. À visiter sans tarder.",,,,,,A,1973,,,True,,,
3d719ece-b20f-4c06-a023-fb9a30fa4543,AN-GIZXDUGA,REC-FKYQ5Q6P,Maison,Maison charmant à Limoges,Limoges,87000,2026-08-14T03:45:10,98636 €,160,3,,,,,,,,,50.06,,,"Maison au calme de 160 m² situé à Limoges. Proche de toutes commodités, transports et écoles. À visiter sans tarder.",,,,True,,A,,contact10@example.com,,True,,,
dbb80890-fb9e-4a74-b4df-4ac7c24e1b5e,AN-YZ5J5QSF,REC-FKYQ5Q6P,Maison,Maison au calme à Limoges,Limoges,87000,18 octobre 2025,97770,,1,,46 chemin des Vignes,,,,,,,,,1,,,,,,,B,,,175,,,,
4b0ec3c6-89df-4d4e-b9ef-7719a3d35ab2,AN-0E90NKWB,REC-FKYQ5Q6P,Maison,Maison atypique à Limoges,Limoges,87000,2025-05-09T10:43:10,70455,217,5,True,,45.825144,1.239957,,Claire Roche,0711036735,,,,,"Maison à rafraîchir de 217 m² situé à Limoges. Cave et parking inclus. Proche de toutes commodités, transports et écoles. À visiter sans tarder.",,,,True,https://exemple-images.test/AN-0E90NKWB/1.jpg; https://exemple-images.test/AN-0E90NKWB/2.jpg; https://exemple-images.test/AN-0E90NKWB/3.jpg; https://exemple-images.test/AN-0E90NKWB/4.jpg,A,,claire.roche21@example.com,,True,,,
5be5b202-b4b2-419f-a504-99a81e00ae96,AN-QDURIBKZ,REC-FKYQ5Q6P,Maison,Maison lumineux à Limoges,Limoges,87000,14/06/2026,81372,163,,,,45.783728,1.25285,,,0577104394,,,2,2,,,,,False,,A,1853,contact82@example.com,,True,,,
b8881ad5-f3a2-4a58-b00a-d7c39ca666bf,AN-26LUAKHG,REC-FKYQ5Q6P,Maison,Maison en excellent état à Limoges,Limoges,87000,2024-10-04,83871,215,7,,,45.875588,1.247438,,,0193118708,,,4,4,"Maison au calme de 215 m² situé à Limoges. Proche de toutes commodités, transports et écoles. À visiter sans tarder.",,,,,,,,contact62@example.com,,True,,,
4d930a0d-48f8-42fe-8c98-5bf54f38a3ef,AN-GQ8CXHJX,REC-FKYQ5Q6P,Maison,Maison charmant à Limoges,Limoges,87000,2026-04-10,81227 €,229,7,False,104 rue du Commerce,,,,Marie Lefevre,,,229.55,2,1,"Maison charmant de 229 m² situé à Limoges. Proche de toutes commodités, transports et écoles. À visiter sans tarder. Travaux à prévoir.",,,Century Habitat,,,A,,,,True,,,
ecd87bc8-25ed-4499-a25d-cd09a45bfcfd,AN-NBJG39DA,REC-FKYQ5Q6P,Maison,Maison atypique à Limoges,Limoges,87000,11-10-2024,122571,250,1,,88 boulevard Gambetta,45.864033,1.297307,,Claire Roche,,True,369.67,2,,"Maison spacieux de 250 m² situé à Limoges. Proche de toutes commodités, transports et écoles. À visiter sans tarder. Travaux à prévoir.",,,,,,A,,claire.roche69@example.com,,True,,,
01973d27-a0f6-4c12-b5a0-baf6e205fd24,AN-BHJ8SL5T,REC-FKYQ5Q6P,Maison,Maison avec vue dégagée à Limoges,Limoges,87000,2026-07-10,77967,,2,,157 allée des Platanes,45.853744,1.227174,,Claire Faure,0323399549,,,,2,"Maison charmant de 220 m² situé à Limoges. Proche de toutes commodités, transports et écoles. À visiter sans tarder. Travaux à prévoir.",,,,True,,B,,,220,True,,,
8adf67dd-bcb5-4ac0-bf14-5f27140e29b2,AN-N414RJ93,REC-FKYQ5Q6P,Maison,Maison atypique à Limoges,Limoges,87000,22/01/2025,107304,161,,,,,,,Julie Faure,0453554192,,,,5,"Maison charmant de 161 m² situé à Limoges. Cave et parking inclus. Proche de toutes commodités, transports et écoles. À visiter sans tarder.",,,,,https://exemple-images.test/AN-N414RJ93/1.jpg; https://exemple-images.test/AN-N414RJ93/2.jpg; https://exemple-images.test/AN-N414RJ93/3.jpg; https://exemple-images.test/AN-N414RJ93/4.jpg,A,,julie.faure10@example.com,,True,,,
473001e2-96a5-4c42-b809-de460372e805,AN-8HU4QPF6,REC-FKYQ5Q6P,Maison,Maison spacieux à Limoges,Limoges,87000,01-21-2026,109477,,4,False,,45.806484,1.273777,,,0134335428,True,,0,,,,,,,https://exemple-images.test/AN-8HU4QPF6/1.jpg; https://exemple-images.test/AN-8HU4QPF6/2.jpg; https://exemple-images.test/AN-8HU4QPF6/3.jpg,A,,,251,True,,,
3b336d2a-cb54-4fce-af8b-439555f10e65,AN-HXXYMR3R,REC-FKYQ5Q6P,Maison,Maison avec vue dégagée à Limoges,Limoges,87000,2025-04-04,85548,158,3,,,45.865362,1.21152,,Luc Faure,0761875638,,,2,,"Maison au calme de 158 m² situé à Limoges. Proche de toutes commodités, transports et écoles. À visiter sans tarder.",,,,False,,B,2022,luc.faure68@example.com,,True,,,
59c912f9-1d29-4f02-9f6b-fcb5ae07f255,AN-1VETJY2F,REC-FKYQ5Q6P,Maison,Maison spacieux à Limoges,Limoges,87000,06/05/2025,66249 €,160,2,,,,,,Marc Lefevre,0706660885,,,,,,,,ImmoPlus,False,,A,,,,True,,,
7b99e13a-eb90-4ab9-84ec-ea9da1508a0e,AN-90JZ24AU,REC-FKYQ5Q6P,Maison,Maison charmant à Limoges,Limoges,87000,03-28-2025,89082,195,3,True,18 rue de la République,,,,,0921188436,,,,,"Maison de standing de 195 m² situé à Limoges. Proche de toutes commodités, transports et écoles. À visiter sans tarder.",,,,False,,A,,contact69@example.com,,True,,,
627eb820-496e-458e-811a-f31ed3932e8d,AN-PHEZ7EMP,REC-FKYQ5Q6P,Maison,Maison à rafraîchir à Limoges,Limoges,87000,2026-04-07T23:19:10,122772,290,5,,135 rue du Commerce,45.861583,1.236487,,Sophie Bernard,,,,,,"Maison au calme de 290 m² situé à Limoges. Proche de toutes commodités, transports et écoles. À visiter sans tarder.",,,,,,G,,sophie.bernard25@example.com,,True,,,
42c5fa5f-9a9b-4cc8-82b3-b9b5000e9a37,AN-PI9ZBE51,REC-FKYQ5Q6P,Maison,Maison atypique à Limoges,Limoges,87000,07-08-2025,95597,259,8,True,,45.844987,1.294756,,Claire Martin,0039898900,,,,,,,,Century Habitat,,,A,,claire.martin73@example.com,,True,,,
378e29a1-ef30-4de7-beb2-932d412b3272,AN-5O7WJMJY,REC-FKYQ5Q6P,Maison,Maison lumineux à Limoges,Limoges,87000,2026-06-07T03:19:10,116823,165,6,,,45.865282,1.279146,,,,,,,4,"Maison spacieux de 165 m² situé à Limoges. Cave et parking inclus. Proche de toutes commodités, transports et écoles. À visiter sans tarder.",,,,False,,B,1885,contact87@example.com,,True,,,
2c197e86-5aaf-4b9d-8bba-5eb5be19f7df,AN-I74SJO4G,REC-FKYQ5Q6P,Maison,Maison spacieux à Limoges,Limoges,87000,06-13-2026,121204,,3,,173 rue Jean Jaurès,45.882105,1.310525,,Claire Moreau,0963604025,,,,1,"Maison de standing de 222 m² situé à Limoges. Cave et parking inclus. Proche de toutes commodités, transports et écoles. À visiter sans tarder. Travaux à prévoir.",,,,False,https://exemple-images.test/AN-I74SJO4G/1.jpg; https://exemple-images.test/AN-I74SJO4G/2.jpg; https://exemple-images.test/AN-I74SJO4G/3.jpg; https://exemple-images.test/AN-I74SJO4G/4.jpg,A,,claire.moreau86@example.com,222,,,,
09201a44-04bb-4959-a4f1-fb81778706d1,AN-XV74EVOT,REC-FKYQ5Q6P,Maison,Maison rénové à Limoges,Limoges,87000,14/09/2025,87087,202,5,False,64 chemin des Vignes,,,,,0612624982,,,,,"Maison atypique de 202 m² situé à Limoges. Cave et parking inclus. Proche de toutes commodités, transports et écoles. À visiter sans tarder.",,,Toit & Vous,,https://exemple-images.test/AN-XV74EVOT/1.jpg; https://exemple-images.test/AN-XV74EVOT/2.jpg; https://exemple-images.test/AN-XV74EVOT/3.jpg; https://exemple-images.test/AN-XV74EVOT/4.jpg; https://exemple-images.test/AN-XV74EVOT/5.jpg,A,,,,True,,,
12bf6ec9-e38f-4a3a-808f-91eb41b4cc40,AN-XAYJL45U,REC-FKYQ5Q6P,Maison,Maison avec vue dégagée à Limoges,Limoges,87000,1772974330,101298,303,2,,10 rue de la République,,,,Claire Martin,0930257441,,,3,,,,,Toit & Vous,,,B,,,,True,,,
224f8e6c-7a39-4470-9093-f5b4d74f086d,AN-HYFOY96D,REC-FKYQ5Q6P,Maison,Maison à rafraîchir à Limoges,Limoges,87000,12-19-2025,76950,267,,False,,,,,Ahmed Moreau,0969323524,True,236.69,,3,"Maison en excellent état de 267 m² situé à Limoges. Cave et parking inclus. Proche de toutes commodités, transports et écoles. À visiter sans tarder.",,,,,,A,,,,,,,
17e14e65-a66a-45a0-ad8a-28d3223f8f0a,AN-X6CXFUOX,REC-FKYQ5Q6P,Maison,Maison lumineux à Limoges,Limoges,87000,1753949470,92092,254,,False,103 boulevard Gambetta,45.845591,1.261978,,,0369730280,,374.96,2,,"Maison avec vue dégagée de 254 m² situé à Limoges. Proche de toutes commodités, transports et écoles. À visiter sans tarder.",,,Century Habitat,,,B,,,,True,,,
392bd34e-52f1-4527-bd1a-3dc1f743939f,AN-ADWJDIPW,REC-FKYQ5Q6P,Maison,Maison à rafraîchir à Limoges,Limoges,87000,11-30-2024,99673 €,,7,,,,,,,0676246589,,,,,"Maison de standing de 299 m² situé à Limoges. Proche de toutes commodités, transports et écoles. À visiter sans tarder.",,,,,https://exemple-images.test/AN-ADWJDIPW/1.jpg; https://exemple-images.test/AN-ADWJDIPW/2.jpg; https://exemple-images.test/AN-ADWJDIPW/3.jpg,B,,,299,True,,,
5f7c27ca-1fa7-4b47-acfd-67062c22c915,AN-51QZM78P,REC-FKYQ5Q6P,Maison,Maison rénové à Limoges,Limoges,87000,01/08/2026,92245,236,,True,172 rue du Commerce,45.853043,1.307989,,,0766215458,,241.51,,,"Maison rénové de 236 m² situé à Limoges. Cave et parking inclus. Proche de toutes commodités, transports et écoles. À visiter sans tarder. Travaux à prévoir.",,,Clé en Main Immo,False,,B,,,,True,,,
ea6e2583-8ade-4b87-8515-70cfa021aa1e,AN-3WD9LQLU,REC-FKYQ5Q6P,Maison,Maison atypique à Limoges,Limoges,87000,2024-11-16T08:27:10,116618,,6,False,,,,,Karim Fontaine,,True,,1,,"Maison atypique de 257 m² situé à Limoges. Proche de toutes commodités, transports et écoles. À visiter sans tarder.",,,,,,B,,karim.fontaine8@example.com,257,True,,,
669e86df-c3e0-434c-b3d3-1d1063ca2368,AN-2X0M4M8B,REC-FKYQ5Q6P,Maison,Maison à rafraîchir à Limoges,Limoges,87000,2025-07-18T13:44:10,123946 €,208,4,False,186 boulevard Gambetta,45.803759,1.284462,,Sophie Lefevre,,True,,,dernier étage,"Maison atypique de 208 m² situé à Limoges. Cave et parking inclus. Proche de toutes commodités, transports et écoles. À visiter sans tarder.",,,,,https://exemple-images.test/AN-2X0M4M8B/1.jpg; https://exemple-images.test/AN-2X0M4M8B/2.jpg; https://exemple-images.test/AN-2X0M4M8B/3.jpg,A,,sophie.lefevre35@example.com,,True,,,
761304bf-ac01-4609-8621-bb0c29b7249c,AN-JPLGQPXB,REC-FKYQ5Q6P,Maison,Maison avec vue dégagée à Limoges,Limoges,87000,2025-02-23,74505,272,,True,134 rue Jean Jaurès,,,,Nadia Martin,0143268237,,,3,,"Maison spacieux de 272 m² situé à Limoges. Cave et parking inclus. Proche de toutes commodités, transports et écoles. À visiter sans tarder.",,,,,https://exemple-images.test/AN-JPLGQPXB/1.jpg; https://exemple-images.test/AN-JPLGQPXB/2.jpg; https://exemple-images.test/AN-JPLGQPXB/3.jpg,B,1957,nadia.martin78@example.com,,True,,,
3ff8d349-90c6-4139-bdfe-aad6d449132d,AN-Z6AJSPSY,REC-FKYQ5Q6P,Maison,Maison atypique à Limoges,Limoges,87000,1761692290,83803,205,,True,185 rue Pasteur,,,,Nadia Girard,0551062372,,,0,,"Maison en excellent état de 205 m² situé à Limoges. Proche de toutes commodités, transports et écoles. À visiter sans tarder.",,,,,,B,1945,nadia.girard22@example.com,,True,,,
855f43f2-ff71-4023-9c7a-46f50e86c9aa,AN-N2BFIG7H,REC-FKYQ5Q6P,Maison,Maison lumineux à Limoges,Limoges,87000,04/06/2025,77808,296,6,True,,,,,Julie Lefevre,,True,,,0,"Maison atypique de 296 m² situé à Limoges. Proche de toutes commodités, transports et écoles. À visiter sans tarder.",,,,,,A,,julie.lefevre29@example.com,,True,,,
bce4fc2c-a2c9-4679-93bd-cac1a052a600,AN-X7QA9TFH,REC-FKYQ5Q6P,Maison,Maison de standing à Limoges,Limoges,87000,1745209570,99630,294,6,,18 quai de la Loire,,,,,0097673631,,,4,4,"Maison de standing de 294 m² situé à Limoges. Cave et parking inclus. Proche de toutes commodités, transports et écoles. À visiter sans tarder.",,,,True,https://exemple-images.test/AN-X7QA9TFH/1.jpg; https://exemple-images.test/AN-X7QA9TFH/2.jpg; https://exemple-images.test/AN-X7QA9TFH/3.jpg,A,,,,True,,,
903d904c-334f-4b3c-b8e5-07df95ba7146,AN-BL91W6EA,REC-FKYQ5Q6P,Maison,Maison en excellent état à Limoges,Limoges,87000,26/02/2025,117174,226,4,,104 rue de la République,,,,,0386942776,,,,,"Maison avec vue dégagée de 226 m² situé à Limoges. Cave et parking inclus. Proche de toutes commodités, transports et écoles. À visiter sans tarder.",,,,,,A,,contact28@example.com,,,,,
d9706567-2125-40d1-81a7-a90213e9bfa9,AN-FF9VN0EC,REC-FKYQ5Q6P,Maison,Maison à rafraîchir à Limoges,Limoges,87000,29/01/2025,75104,236,5,,,45.834776,1.259784,,Claire Fontaine,0415282576,,,2,,"Maison lumineux de 236 m² situé à Limoges. Cave et parking inclus. Proche de toutes commodités, transports et écoles. À visiter sans tarder.",,,,,,B,,,,True,,,
a0cac10c-5482-4ced-8e9d-8d82d078e91b,AN-SAYQ2W39,REC-FKYQ5Q6P,Maison,Maison à rafraîchir à Limoges,Limoges,87000,2024-09-13T11:46:10,91382,187,4,False,61 rue Pasteur,45.872247,1.295228,,,,True,362.15,2,,"Maison de standing de 187 m² situé à Limoges. Proche de toutes commodités, transports et écoles. À visiter sans tarder.",,,,,,A,,,,True,,,
5f48f5b1-c702-45cd-bc67-14780d86f9d4,AN-CEVQUMT7,REC-FKYQ5Q6P,Maison,Maison charmant à Limoges,Limoges,87000,05-16-2025,66249,204,,False,144 rue de la République,45.787767,1.250849,,Marc Bernard,,True,,,5,"Maison rénové de 204 m² situé à Limoges. Proche de toutes commodités, transports et écoles. À visiter sans tarder.",,,Clé en Main Immo,,,B,,marc.bernard30@example.com,,True,,,
6f2d772e-dc09-4fdb-8056-71794bd67943,AN-J87JLFAQ,REC-FKYQ5Q6P,Maison,Maison atypique à Limoges,Limoges,87000,2024-08-26T11:30:10,74126,279,,True,68 place de la Mairie,,,,Claire Martin,0050443132,True,,3,,"Maison de standing de 279 m² situé à Limoges. Proche de toutes commodités, transports et écoles. À visiter sans tarder.",,,,,,,,claire.martin97@example.com,,True,,,
0b5bf38e-7bc3-489c-8c4b-3839bc00181f,AN-RC4XPNSG,REC-FKYQ5Q6P,Maison,Maison au calme à Limoges,Limoges,87000,1734808450,95604,,6,,100 place de la Mairie,45.848395,1.250461,,,0224875038,True,,4,,"Maison de standing de 208 m² situé à Limoges. Proche de toutes commodités, transports et écoles. À visiter sans tarder.",,,Provence Immobilier,,,B,2016,contact83@example.com,208,,,,
ab7caf5f-3bc9-4048-8037-c5f428f40e2f,AN-C3PKWGGC,REC-FKYQ5Q6P,Maison,Maison charmant à Limoges,Limoges,87000,15/10/2024,92486 €,267,6,,57 rue Pasteur,,,,,0717362234,,,,2,"Maison avec vue dégagée de 267 m² situé à Limoges. Proche de toutes commodités, transports et écoles. À visiter sans tarder.",,,,False,,A,,contact51@example.com,,True,,,
1a95b47e-16ae-42c9-a401-3bde3ecbc7d4,AN-BVNDKW9Q,REC-FKYQ5Q6P,Maison,Maison rénové à Limoges,Limoges,87000,2025-11-23,71454,,4,,,45.788679,1.232862,,Claire Roche,0004099665,,,5,2,"Maison à rafraîchir de 262 m² situé à Limoges. Proche de toutes commodités, transports et écoles. À visiter sans tarder.",,,Nid Doré,True,,A,1979,claire.roche43@example.com,262,True,,,
4bf8dab7-0456-4fbc-bd80-a80911427128,AN-GY0UEAEP,REC-FKYQ5Q6P,Maison,Maison atypique à Limoges,Limoges,87000,09-25-2024,67141,294,6,,104 rue Pasteur,45.849833,1.232977,,,,,,1,4,"Maison lumineux de 294 m² situé à Limoges. Proche de toutes commodités, transports et écoles. À visiter sans tarder.",,,,False,https://exemple-images.test/AN-GY0UEAEP/1.jpg; https://exemple-images.test/AN-GY0UEAEP/2.jpg,A,,contact93@example.com,,True,,,
20d6492b-30f9-4c31-b0b2-f922138842e2,AN-MR7NSNQ4,REC-FKYQ5Q6P,Maison,Maison à rafraîchir à Limoges,Limoges,87000,27 février 2025,112871,299,1,True,77 quai de la Loire,,,,Marc Lefevre,,,,,4,"Maison lumineux de 299 m² situé à Limoges. Proche de toutes commodités, transports et écoles. À visiter sans tarder.",,,,False,,B,,marc.lefevre28@example.com,,True,,,
ac1dc9d9-9ed2-4fa9-a347-67ffcadc255e,AN-JC8AEQFC,REC-FKYQ5Q6P,Maison,Maison de standing à Limoges,Limoges,87000,09/04/2026,123627 €,,6,True,,45.800591,1.307644,,Jean Fontaine,0584815551,,,4,,,,,,,https://exemple-images.test/AN-JC8AEQFC/1.jpg; https://exemple-images.test/AN-JC8AEQFC/2.jpg; https://exemple-images.test/AN-JC8AEQFC/3.jpg; https://exemple-images.test/AN-JC8AEQFC/4.jpg; https://exemple-images.test/AN-JC8AEQFC/5.jpg,A,,jean.fontaine81@example.com,171,True,,,
5114b883-e944-4678-9a0c-af3d3473914b,AN-UWIX52SU,REC-FKYQ5Q6P,Maison,Maison rénové à Limoges,Limoges,87000,2025-04-06T21:12:10,94548,269,6,,125 rue Victor Hugo,45.797277,1.217848,,Marc Moreau,,,,4,4,,,,,,,,1992,marc.moreau63@example.com,,True,,,
954f5830-0088-469f-a167-14bcae8e477c,AN-5B6KQZOQ,REC-FKYQ5Q6P,Maison,Maison spacieux à Limoges,Limoges,87000,27 août 2025,121139,266,,,,,,,Karim Bernard,0235356071,,,,4,"Maison spacieux de 266 m² situé à Limoges. Proche de toutes commodités, transports et écoles. À visiter sans tarder.",,,,True,,A,,,,True,,,
c7b98c38-e1a9-40da-9275-76dd29c91668,AN-BFG5NEXJ,REC-FKYQ5Q6P,Maison,Maison à rafraîchir à Limoges,Limoges,87000,12-19-2024,103183,159,,,,,,,Karim Faure,0176704679,,,,1,"Maison rénové de 159 m² situé à Limoges. Cave et parking inclus. Proche de toutes commodités, transports et écoles. À visiter sans tarder.",,,Nid Doré,,https://exemple-images.test/AN-BFG5NEXJ/1.jpg; https://exemple-images.test/AN-BFG5NEXJ/2.jpg,A,1900,karim.faure8@example.com,,,,,
2ecf5a10-0646-4315-bf72-7dff2f2f787a,AN-QPKHCDQF,REC-FKYQ5Q6P,Maison,Maison rénové à Limoges,Limoges,87000,20/01/2025,69305,289,3,,,45.792324,1.219292,,Julie Bernard,0244340891,,,,5,"Maison à rafraîchir de 289 m² situé à Limoges. Cave et parking inclus. Proche de toutes commodités, transports et écoles. À visiter sans tarder.",,,,False,https://exemple-images.test/AN-QPKHCDQF/1.jpg; https://exemple-images.test/AN-QPKHCDQF/2.jpg; https://exemple-images.test/AN-QPKHCDQF/3.jpg,A,,,,True,,,
a3d34624-fd51-47a5-a9ee-d8a9fd3c0b83,AN-EZADUVPH,REC-FKYQ5Q6P,Maison,Maison lumineux à Limoges,Limoges,87000,3 novembre 2025,107341,276,2,,,45.80536,1.239677,,Nadia Roche,0277515898,,,,,"Maison avec vue dégagée de 276 m² situé à Limoges. Proche de toutes commodités, transports et écoles. À visiter sans tarder.",,,Toit & Vous,,,A,,nadia.roche64@example.com,,True,,,
5c52cc7c-bf89-44b5-829d-9260842a1e30,AN-8B218CXS,REC-FKYQ5Q6P,Maison,Maison spacieux à Limoges,Limoges,87000,1765008970,113508,270,,True,145 rue du Commerce,,,,Luc Roche,,,73.77,,0,"Maison charmant de 270 m² situé à Limoges. Cave et parking inclus. Proche de toutes commodités, transports et écoles. À visiter sans tarder.",,,,False,,,,,,True,,,
e1378fc0-6990-4c90-9c42-65eb6ad013bc,AN-PKX0KQBY,REC-FKYQ5Q6P,Maison,Maison spacieux à Limoges,Limoges,87000,2025-01-23T01:41:10,111887,215,4,,,45.793564,1.279804,,,0282677282,,,,,,,,,,,A,,contact53@example.com,,True,,,
0328f06f-1ff4-4b98-b8c4-e552af5b6ce1,AN-KVQQ4A6W,REC-FKYQ5Q6P,Maison,Maison à rafraîchir à Limoges,Limoges,87000,2025-07-14,66068,203,2,True,,45.860307,1.267607,,,,,210.06,,,,,,,,https://exemple-images.test/AN-KVQQ4A6W/1.jpg; https://exemple-images.test/AN-KVQQ4A6W/2.jpg; https://exemple-images.test/AN-KVQQ4A6W/3.jpg; https://exemple-images.test/AN-KVQQ4A6W/4.jpg,A,,contact18@example.com,,True,,,
ab224404-eb95-4197-9a01-d3d9040cf592,AN-ZKDISXND,REC-FKYQ5Q6P,Maison,Maison en excellent état à Limoges,Limoges,87000,07/06/2025,117325,293,6,,64 place de la Mairie,45.804908,1.251307,,,0631903886,,177.42,,,,,,,False,,B,,,,True,,,
2e9f2750-7fd5-44ba-bda3-e29601ba40c9,AN-2GRSK6S9,REC-FKYQ5Q6P,Maison,Maison avec vue dégagée à Limoges,Limoges,87000,1772071750,82002,298,8,,198 place de la Mairie,,,,,,True,,,,"Maison lumineux de 298 m² situé à Limoges. Proche de toutes commodités, transports et écoles. À visiter sans tarder.",,,,,https://exemple-images.test/AN-2GRSK6S9/1.jpg; https://exemple-images.test/AN-2GRSK6S9/2.jpg; https://exemple-images.test/AN-2GRSK6S9/3.jpg; https://exemple-images.test/AN-2GRSK6S9/4.jpg; https://exemple-images.test/AN-2GRSK6S9/5.jpg,A,,contact45@example.com,,True,,,
beae7ef3-fa28-4c0c-b0de-c20a3d7013bd,AN-H76ZMLGY,REC-FKYQ5Q6P,Maison,Maison charmant à Limoges,Limoges,87000,07/04/2026,113264,,8,True,,45.790895,1.259372,,,0418526418,,235.56,,,"Maison rénové de 297 m² situé à Limoges. Proche de toutes commodités, transports et écoles. À visiter sans tarder. Travaux à prévoir.",,,,,,A,,,297,True,,,
1d5a6dc6-9aca-46a0-b04e-e0c21b7a0862,AN-76011VLH,REC-FKYQ5Q6P,Maison,Maison de standing à Limoges,Limoges,87000,22 avril 2026,84590,269,7,,32 allée des Platanes,45.804012,1.242815,,Karim Dubois,,,210.47,,,"Maison rénové de 269 m² situé à Limoges. Cave et parking inclus. Proche de toutes commodités, transports et écoles. À visiter sans tarder.",,,Provence Immobilier,False,,,,karim.dubois81@example.com,,True,,,
8df873ec-34dc-4da7-9d24-848a086094f7,AN-CCWAGYXJ,REC-FKYQ5Q6P,Maison,Maison atypique à Limoges,Limoges,87000,06-11-2026,70170,214,,,151 rue Pasteur,,,,,0399809485,,,,2,"Maison en excellent état de 214 m² situé à Limoges. Proche de toutes commodités, transports et écoles. À visiter sans tarder.",,,Nid Doré,,,A,,,,True,,,
55535089-ed5e-497e-add7-494d42d5650d,AN-HQHLP32X,REC-FKYQ5Q6P,Maison,Maison atypique à Limoges,Limoges,87000,2025-03-19,76553,,6,,,,,,,0253585547,,,0,0,"Maison en excellent état de 170 m² situé à Limoges. Cave et parking inclus. Proche de toutes commodités, transports et écoles. À visiter sans tarder.",,,,True,https://exemple-images.test/AN-HQHLP32X/1.jpg; https://exemple-images.test/AN-HQHLP32X/2.jpg; https://exemple-images.test/AN-HQHLP32X/3.jpg,B,1880,contact14@example.com,170,True,,,
8253db7b-9f47-410f-ad28-db171e965165,AN-SUA6ZL2G,REC-FKYQ5Q6P,Maison,Maison au calme à Limoges,Limoges,87000,2024-09-24T05:19:10,117523,158,,,27 impasse des Lilas,,,,Claire Martin,0864963493,,85.69,5,,"Maison atypique de 158 m² situé à Limoges. Proche de toutes commodités, transports et écoles. À visiter sans tarder.",,,,,,A,,,,True,,,
34e46795-9847-4991-8782-ed798d1f0702,AN-VM2JONUM,REC-FKYQ5Q6P,Maison,Maison charmant à Limoges,Limoges,87000,2025-03-27T13:26:10,106067 €,167,2,,,,,,Marc Roche,0025883514,,,,5,"Maison charmant de 167 m² situé à Limoges. Cave et parking inclus. Proche de toutes commodités, transports et écoles. À visiter sans tarder.",,,Century Habitat,False,https://exemple-images.test/AN-VM2JONUM/1.jpg; https://exemple-images.test/AN-VM2JONUM/2.jpg; https://exemple-images.test/AN-VM2JONUM/3.jpg,B,,,,,,,
9b155701-06db-4b6e-b5fa-3646015473c8,AN-671K8IMX,REC-FKYQ5Q6P,Maison,Maison atypique à Limoges,Limoges,87000,2024-11-13T18:06:10,113271,273,8,,60 rue Jean Jaurès,,,,,0426084809,,,3,,"Maison spacieux de 273 m² situé à Limoges. Proche de toutes commodités, transports et écoles. À visiter sans tarder.",,,Clé en Main Immo,False,https://exemple-images.test/AN-671K8IMX/1.jpg; https://exemple-images.test/AN-671K8IMX/2.jpg; https://exemple-images.test/AN-671K8IMX/3.jpg; https://exemple-images.test/AN-671K8IMX/4.jpg,B,,,,True,,,
74452d50-9883-4d8a-9c42-7d2fea11fff7,AN-6VXDAA52,REC-FKYQ5Q6P,Maison,Maison rénové à Limoges,Limoges,87000,31/10/2024,115619,,5,,153 rue du Commerce,,,,,0169688227,,,,,"Maison rénové de 218 m² situé à Limoges. Cave et parking inclus. Proche de toutes commodités, transports et écoles. À visiter sans tarder.",,,,,,A,1981,,218,True,,,
a97f980d-6d76-40c4-9441-8fa3ae04319b,AN-CH3L48AS,REC-FKYQ5Q6P,Maison,Maison en excellent état à Limoges,Limoges,87000,03-02-2026,99395,225,4,,,,,,Sophie Fontaine,0353080528,,,5,,"Maison atypique de 225 m² situé à Limoges. Cave et parking inclus. Proche de toutes commodités, transports et écoles. À visiter sans tarder.",,,,False,,B,,,,True,,,
e0ecc069-1945-4229-862f-a7ce4ab8753b,AN-B4YUC4H0,REC-FKYQ5Q6P,Maison,Maison spacieux à Limoges,Limoges,87000,2026-05-11T04:38:10,118784,267,2,True,,,,,Ahmed Martin,0512567820,,,,,"Maison atypique de 267 m² situé à Limoges. Proche de toutes commodités, transports et écoles. À visiter sans tarder.",,,Clé en Main Immo,True,,B,,ahmed.martin78@example.com,,True,,,
dd1e0aaa-86bd-478c-be3e-ad30def52f53,AN-OT9RDDIN,REC-FKYQ5Q6P,Maison,Maison lumineux à Limoges,Limoges,87000,2024-12-10,122035 €,184,8,,50 rue du Commerce,,,,,,,253.19,2,,"Maison en excellent état de 184 m² situé à Limoges. Proche de toutes commodités, transports et écoles. À visiter sans tarder. Travaux à prévoir.",,,Provence Immobilier,,,A,1922,contact98@example.com,,True,,,
a4bfbb76-2cfd-43e6-9f3d-00c71e9fc536,AN-7J1GL0EX,REC-FKYQ5Q6P,Maison,Maison au calme à Limoges,Limoges,87000,1751361250,105188 €,264,6,,160 rue Pasteur,45.813,1.26259,,,,,,,1,,,,,False,https://exemple-images.test/AN-7J1GL0EX/1.jpg; https://exemple-images.test/AN-7J1GL0EX/2.jpg,B,,contact70@example.com,,True,,,
34e3c07f-dfa9-4368-a2cb-018e0e5ec823,AN-D6D8VPU2,REC-FKYQ5Q6P,Maison,Maison lumineux à Limoges,Limoges,87000,1736522530,65555 €,291,7,,,,,,Julie Martin,,,,,0,"Maison atypique de 291 m² situé à Limoges. Proche de toutes commodités, transports et écoles. À visiter sans tarder. Travaux à prévoir.",,,,True,,G,1948,,,True,,,
50e032ee-0203-4599-af08-1466bcf161df,AN-RC28PBZU,REC-FKYQ5Q6P,Maison,Maison de standing à Limoges,Limoges,87000,06-21-2026,81953,214,1,,111 chemin des Vignes,45.843458,1.259094,,,0590120411,,,,,"Maison rénové de 214 m² situé à Limoges. Proche de toutes commodités, transports et écoles. À visiter sans tarder.",,,,,https://exemple-images.test/AN-RC28PBZU/1.jpg; https://exemple-images.test/AN-RC28PBZU/2.jpg; https://exemple-images.test/AN-RC28PBZU/3.jpg; https://exemple-images.test/AN-RC28PBZU/4.jpg; https://exemple-images.test/AN-RC28PBZU/5.jpg,B,1997,,,True,,,
9d0c60a5-0654-4b85-a57a-3ddf53b1273c,AN-Q2T3NHM1,REC-FKYQ5Q6P,Maison,Maison spacieux à Limoges,Limoges,87000,20/06/2025,74322,276,7,False,,45.818724,1.223782,,,0210852132,,,,,"Maison à rafraîchir de 276 m² situé à Limoges. Proche de toutes commodités, transports et écoles. À visiter sans tarder.",,,Century Habitat,False,,A,,contact27@example.com,,,,,
23f8f07a-e6c5-4618-8304-cf75a425a854,AN-8JXI2CLP,REC-FKYQ5Q6P,Maison,Maison spacieux à Limoges,Limoges,87000,1727431210,86147,260,5,False,,45.823769,1.222228,,Ahmed Lefevre,0009183882,,,0,4,,,,,,,B,,ahmed.lefevre29@example.com,,True,,,
cef0729e-9e1f-4cd1-b8ae-9b85609095d1,AN-TFLMGNOD,REC-FKYQ5Q6P,Maison,Maison avec vue dégagée à Limoges,Limoges,87000,05-06-2025,62495,273,6,,165 place de la Mairie,45.789266,1.223641,,Nadia Roche,0986776328,True,,4,5,,,,Century Habitat,,https://exemple-images.test/AN-TFLMGNOD/1.jpg; https://exemple-images.test/AN-TFLMGNOD/2.jpg; https://exemple-images.test/AN-TFLMGNOD/3.jpg,B,,,,True,,,
61c938f2-c5f5-40f4-82fe-d085b6b70646,AN-330BWEZY,REC-FKYQ5Q6P,Maison,Maison rénové à Limoges,Limoges,87000,2025-09-10,96034,207,5,,108 boulevard Gambetta,,,,Julie Roche,,,175.79,4,dernier étage,"Maison atypique de 207 m² situé à Limoges. Proche de toutes commodités, transports et écoles. À visiter sans tarder. Travaux à prévoir.",,,,False,,A,,,,True,,,
c3d823ea-fbca-4ea4-9f7a-922f215542c4,AN-KF4PWZ30,REC-FKYQ5Q6P,Maison,Maison charmant à Limoges,Limoges,87000,14/02/2026,120326,219,3,True,2 rue Jean Jaurès,45.821034,1.239388,,,0885545371,,,3,5,,,,,False,,A,1943,contact40@example.com,,True,,,
69e84caf-1f5f-465e-945a-26e0f322ab85,AN-BQ94ZTR4,REC-FKYQ5Q6P,Maison,Maison en excellent état à Limoges,Limoges,87000,14/09/2025,76440,178,5,,,,,,,,,,3,,,,,,True,,A,,,,True,,,
ca1edbc4-8f1e-4086-91a3-90d7de4dfae8,AN-44GZLJYK,REC-FKYQ5Q6P,Maison,Maison à rafraîchir à Limoges,Limoges,87000,2025-01-28T09:47:10,113676,192,2,,,45.875885,1.269434,,,0411099668,True,,0,,"Maison avec vue dégagée de 192 m² situé à Limoges. Proche de toutes commodités, transports et écoles. À visiter sans tarder. Travaux à prévoir.",,,ImmoPlus,,,B,,,,True,,,
616c5b14-3ad7-4097-abc0-991f70a9514f,AN-CUANVQUN,REC-FKYQ5Q6P,Maison,Maison rénové à Limoges,Limoges,87000,2025-01-30,105599 €,266,7,False,,45.81689,1.302392,,Claire Moreau,0477466846,,,5,0,"Maison lumineux de 266 m² situé à Limoges. Proche de toutes commodités, transports et écoles. À visiter sans tarder.",,,Toit & Vous,,,B,,claire.moreau94@example.com,,,,,
f45a2188-cb7d-406b-bf0d-258f88854440,AN-RUZ56XZM,REC-FKYQ5Q6P,Maison,Maison à rafraîchir à Limoges,Limoges,87000,2025-03-28,113586,249,6,True,,45.850344,1.222474,,Luc Perrin,,,,,,"Maison à rafraîchir de 249 m² situé à Limoges. Proche de toutes commodités, transports et écoles. À visiter sans tarder.",,,,False,,B,,,,True,,,
393800ed-dbca-41e1-b0f3-0cb3b4961f23,AN-E276KHFO,REC-FKYQ5Q6P,Maison,Maison lumineux à Limoges,Limoges,87000,02-21-2025,115640,179,,,121 avenue des Champs,,,,,,,270.47,,,"Maison à rafraîchir de 179 m² situé à Limoges. Proche de toutes commodités, transports et écoles. À visiter sans tarder. Travaux à prévoir.",,,,,https://exemple-images.test/AN-E276KHFO/1.jpg; https://exemple-images.test/AN-E276KHFO/2.jpg; https://exemple-images.test/AN-E276KHFO/3.jpg; https://exemple-images.test/AN-E276KHFO/4.jpg,B,,,,True,,,
92a4698e-c55a-45dd-97f4-9f7201c9a870,AN-1IY9N2TQ,REC-FKYQ5Q6P,Maison,Maison charmant à Limoges,Limoges,87000,06/07/2026,111963,240,7,,,45.879624,1.22856,,Marc Lefevre,0965487258,,,4,,"Maison au calme de 240 m² situé à Limoges. Proche de toutes commodités, transports et écoles. À visiter sans tarder.",,,Century Habitat,False,,,1931,marc.lefevre37@example.com,,True,,,
164f9508-5878-4b70-870a-4c1116eb9539,AN-ZY67ABV5,REC-FKYQ5Q6P,Maison,Maison spacieux à Limoges,Limoges,87000,13 août 2025,89115,174,,,80 boulevard Gambetta,,,,,,,397.63,2,5,"Maison atypique de 174 m² situé à Limoges. Cave et parking inclus. Proche de toutes commodités, transports et écoles. À visiter sans tarder.",,,,,https://exemple-images.test/AN-ZY67ABV5/1.jpg; https://exemple-images.test/AN-ZY67ABV5/2.jpg,A,,,,True,,,
32838ad2-dc75-4841-a7be-f9be753e0420,AN-66QAIOP2,REC-FKYQ5Q6P,Maison,Maison charmant à Limoges,Limoges,87000,22/08/2025,106994,212,,,,45.820389,1.232339,,,0210770900,,,1,,,,,,,https://exemple-images.test/AN-66QAIOP2/1.jpg,A,1869,contact44@example.com,,,,,
0866df38-9e55-41cf-90c6-77cb2a9e4b47,AN-8N8EW36N,REC-FKYQ5Q6P,Maison,Maison spacieux à Limoges,Limoges,87000,2025-06-30T15:22:10,100986,168,2,,186 rue Pasteur,45.79313,1.257235,,Marc Fontaine,0689380722,,,1,2,"Maison rénové de 168 m² situé à Limoges. Cave et parking inclus. Proche de toutes commodités, transports et écoles. À visiter sans tarder.",,,,False,https://exemple-images.test/AN-8N8EW36N/1.jpg,A,,marc.fontaine10@example.com,,True,,,
68b1e2a5-cd83-4927-9579-41adc09d7189,AN-H14I2S9L,REC-FKYQ5Q6P,Maison,Maison au calme à Limoges,Limoges,87000,29/12/2025,69291,298,8,,138 rue Victor Hugo,,,,,0674128443,,,3,,"Maison lumineux de 298 m² situé à Limoges. Cave et parking inclus. Proche de toutes commodités, transports et écoles. À visiter sans tarder.",,,,False,,A,,contact19@example.com,,True,,,
ba78e8c7-bb66-464a-870e-7e29b3374d1c,AN-EH011RTM,REC-FKYQ5Q6P,Maison,Maison atypique à Limoges,Limoges,87000,05-01-2025,69484 €,243,5,,20 avenue des Champs,45.825694,1.255123,,Nadia Fontaine,0184559914,True,,,,"Maison au calme de 243 m² situé à Limoges. Cave et parking inclus. Proche de toutes commodités, transports et écoles. À visiter sans tarder.",,,ImmoPlus,,https://exemple-images.test/AN-EH011RTM/1.jpg; https://exemple-images.test/AN-EH011RTM/2.jpg; https://exemple-images.test/AN-EH011RTM/3.jpg; https://exemple-images.test/AN-EH011RTM/4.jpg; https://exemple-images.test/AN-EH011RTM/5.jpg,A,,nadia.fontaine96@example.com,,True,,,
aaf8446a-d0e1-4376-8983-a5b761a6b4ed,AN-QTVEKWMA,REC-FKYQ5Q6P,Maison,Maison à rafraîchir à Limoges,Limoges,87000,1782010210,70707,,5,,,45.864953,1.262595,,,,,,2,dernier étage,,,,,,,A,,contact60@example.com,283,True,,,
c5d29844-a960-4eae-aefe-42d3cf08986f,AN-TC2GCFA4,REC-FKYQ5Q6P,Maison,Maison de standing à Limoges,Limoges,87000,2026-06-20T01:40:10,123486,194,,False,104 rue Jean Jaurès,,,,Nadia Bernard,0755666795,,,,,"Maison rénové de 194 m² situé à Limoges. Proche de toutes commodités, transports et écoles. À visiter sans tarder. Travaux à prévoir.",,,,True,https://exemple-images.test/AN-TC2GCFA4/1.jpg; https://exemple-images.test/AN-TC2GCFA4/2.jpg; https://exemple-images.test/AN-TC2GCFA4/3.jpg; https://exemple-images.test/AN-TC2GCFA4/4.jpg; https://exemple-images.test/AN-TC2GCFA4/5.jpg,A,,nadia.bernard62@example.com,,True,,,
d6706ae3-c9b2-4d0d-a692-82d2c3e8be58,AN-JMRFUX1O,REC-FKYQ5Q6P,Maison,Maison spacieux à Limoges,Limoges,87000,2025-09-27T03:59:10,106540,179,6,,175 chemin des Vignes,,,,Sophie Dubois,0704806338,,57.09,,0,"Maison au calme de 179 m² situé à Limoges. Proche de toutes commodités, transports et écoles. À visiter sans tarder. Travaux à prévoir.",,,,,,B,,,,,,,
bae71295-104d-4f82-9ffd-a7ab97533b0d,AN-EVSCYXVT,REC-FKYQ5Q6P,Maison,Maison atypique à Limoges,Limoges,87000,2025-06-04T21:06:10,84403 €,169,7,,53 allée des Platanes,45.801226,1.268717,,,,,,1,,"Maison de standing de 169 m² situé à Limoges. Proche de toutes commodités, transports et écoles. À visiter sans tarder.",,,,,,B,,contact88@example.com,,True,,,
ae50602c-2306-4776-947a-78d79c4f9199,AN-SYHPBTTD,REC-FKYQ5Q6P,Maison,Maison en excellent état à Limoges,Limoges,87000,02/09/2024,72086,271,7,,120 rue du Commerce,45.817194,1.297245,,,,True,,,,,,,Nid Doré,,,F,,contact31@example.com,,True,,,
f5d9ea0f-f856-440c-bedf-c9e12e5edb4d,AN-X1C9T5XH,REC-FKYQ5Q6P,Maison,Maison à rafraîchir à Limoges,Limoges,87000,2024-10-05T04:16:10,101725 €,215,5,False,76 boulevard Gambetta,45.842769,1.266759,,Julie Roche,,,,,,"Maison lumineux de 215 m² situé à Limoges. Proche de toutes commodités, transports et écoles. À visiter sans tarder.",,,,,,B,,julie.roche7@example.com,,True,,,
335b8fdc-c2fd-4b83-aff9-8b62b3600ebd,AN-SMNFYZH1,REC-FKYQ5Q6P,Maison,Maison en excellent état à Limoges,Limoges,87000,26 septembre 2024,74926,282,5,,,,,,Karim Roche,0183419843,,,,,,,,Century Habitat,,,A,,,,True,,,
5f33a0a7-d776-4484-a32f-f381835e3564,AN-VENBKOBK,REC-FKYQ5Q6P,Maison,Maison charmant à Limoges,Limoges,87000,02-15-2026,93133,193,4,True,32 rue de la République,45.853321,1.29178,,,0723674940,True,,,RDC,"Maison à rafraîchir de 193 m² situé à Limoges. Proche de toutes commodités, transports et écoles. À visiter sans tarder.",,,Clé en Main Immo,,,B,,contact30@example.com,,,,,
ca3a9138-2036-4a84-b164-ce3a74c4467d,AN-X2M1YTOY,REC-FKYQ5Q6P,Maison,Maison atypique à Limoges,Limoges,87000,1745588350,107990,163,6,,122 boulevard Gambetta,,,,Ahmed Dubois,0013316260,,,0,1,"Maison à rafraîchir de 163 m² situé à Limoges. Proche de toutes commodités, transports et écoles. À visiter sans tarder.",,,ImmoPlus,True,,B,,,,True,,,
dd94ec09-598e-4773-98d2-673da437da27,AN-W20R6PZ0,REC-FKYQ5Q6P,Maison,Maison lumineux à Limoges,Limoges,87000,2025-09-15,67023,248,3,,121 quai de la Loire,,,,,0128200229,,,,,"Maison atypique de 248 m² situé à Limoges. Proche de toutes commodités, transports et écoles. À visiter sans tarder.",,,,False,,A,1947,,,True,,,
1bb80699-6a54-4519-842e-113192e22f0e,AN-AE5MI0N1,REC-FKYQ5Q6P,Maison,Maison de standing à Limoges,Limoges,87000,09-07-2025,104019,270,3,,154 chemin des Vignes,45.868766,1.305704,,,,,,3,dernier étage,"Maison en excellent état de 270 m² situé à Limoges. Proche de toutes commodités, transports et écoles. À visiter sans tarder.",,,,False,,,,contact6@example.com,,True,,,
72d5af7d-8a19-4f34-ab8e-09c04a611f26,AN-R733OEZV,REC-FKYQ5Q6P,Maison,Maison en excellent état à Limoges,Limoges,87000,2025-08-13,123652,234,,True,,45.874379,1.286162,,,0451434249,,,,,"Maison au calme de 234 m² situé à Limoges. Proche de toutes commodités, transports et écoles. À visiter sans tarder.",,,Clé en Main Immo,,,A,,contact19@example.com,,True,,,
c4cf129f-ab57-4108-8932-808b13885277,AN-87U52X2J,REC-FKYQ5Q6P,Maison,Maison en excellent état à Limoges,Limoges,87000,23 octobre 2024,62652,195,4,,87 rue Jean Jaurès,,,,Marie Moreau,0049816293,,,,RDC,"Maison atypique de 195 m² situé à Limoges. Proche de toutes commodités, transports et écoles. À visiter sans tarder.",,,Clé en Main Immo,,https://exemple-images.test/AN-87U52X2J/1.jpg,B,,marie.moreau43@example.com,,True,,,
cb7c265d-2fd1-427b-bf55-7b24e53ff68c,AN-FQGFL85E,REC-FKYQ5Q6P,Maison,Maison lumineux à Limoges,Limoges,87000,27 mai 2025,68029,189,2,,135 impasse des Lilas,,,,,0560454039,,188.37,,,,,,,,https://exemple-images.test/AN-FQGFL85E/1.jpg; https://exemple-images.test/AN-FQGFL85E/2.jpg,A,2005,,,True,,,
f7fda9a3-298d-4a68-bc2e-4e01313905fd,AN-0B4L01KS,REC-FKYQ5Q6P,Maison,Maison atypique à Limoges,Limoges,87000,1 août 2026,73689,223,4,,58 allée des Platanes,45.840695,1.241086,,Nadia Girard,0532706316,,,,,"Maison avec vue dégagée de 223 m² situé à Limoges. Proche de toutes commodités, transports et écoles. À visiter sans tarder.",,,,,,A,,nadia.girard3@example.com,,,,,
1c54e9a9-95ae-4c86-92cc-43f68e2a963b,AN-LGZX9B9F,REC-FKYQ5Q6P,Maison,Maison charmant à Limoges,Limoges,87000,27 septembre 2024,83274,255,4,,,45.806325,1.222383,,Ahmed Lefevre,0758557677,,,2,4,,,,Provence Immobilier,,,,,ahmed.lefevre22@example.com,,,,,
67e7fff8-875a-4c44-91cc-d77357c35c7f,AN-UGMWZ7B3,REC-FKYQ5Q6P,Maison,Maison atypique à Limoges,Limoges,87000,1724540290,119836,267,,True,46 rue de la République,45.807673,1.305749,,Sophie Bernard,0459390310,,,,,"Maison spacieux de 267 m² situé à Limoges. Proche de toutes commodités, transports et écoles. À visiter sans tarder.",,,,,,B,,,,True,,,
56ecfe56-fe67-4daa-8df6-bff5a51539ca,AN-E52WG8MC,REC-FKYQ5Q6P,Maison,Maison atypique à Limoges,Limoges,87000,11/05/2025,64757,297,2,False,,,,,,0267409697,,,0,4,"Maison en excellent état de 297 m² situé à Limoges. Proche de toutes commodités, transports et écoles. À visiter sans tarder.",,,,False,https://exemple-images.test/AN-E52WG8MC/1.jpg; https://exemple-images.test/AN-E52WG8MC/2.jpg; https://exemple-images.test/AN-E52WG8MC/3.jpg,,,contact49@example.com,,True,,,
a13e4212-9368-4cf1-8ef8-f08f85631356,AN-OEDE9ULR,REC-FKYQ5Q6P,Maison,Maison à rafraîchir à Limoges,Limoges,87000,1734331270,72288,192,7,False,,,,,Claire Faure,0077028897,,,,,,,,ImmoPlus,,,A,,claire.faure93@example.com,,True,,,
9f624e9b-71f3-4a43-acf9-88dcce7f5c52,AN-60QPS3TB,REC-FKYQ5Q6P,Maison,Maison charmant à Limoges,Limoges,87000,11/02/2026,63370,188,4,True,,45.863355,1.30604,,,0174379296,,,,,"Maison rénové de 188 m² situé à Limoges. Cave et parking inclus. Proche de toutes commodités, transports et écoles. À visiter sans tarder.",,,,,https://exemple-images.test/AN-60QPS3TB/1.jpg; https://exemple-images.test/AN-60QPS3TB/2.jpg; https://exemple-images.test/AN-60QPS3TB/3.jpg; https://exemple-images.test/AN-60QPS3TB/4.jpg,A,1917,,,True,,,
64c4b193-7c68-4bcb-afab-9a4c225ad0d3,AN-LYL205AZ,REC-FKYQ5Q6P,Maison,Maison de standing à Limoges,Limoges,87000,2025-12-07,109242,281,,False,,45.824179,1.233941,,,0060267446,,,,,"Maison avec vue dégagée de 281 m² situé à Limoges. Proche de toutes commodités, transports et écoles. À visiter sans tarder.",,,ImmoPlus,False,,B,,,,True,,,
68a68f29-57e5-4c1e-b339-4103bb89e410,AN-6Y144F19,REC-FKYQ5Q6P,Maison,Maison en excellent état à Limoges,Limoges,87000,2026-02-22T04:34:10,77723,210,3,,185 boulevard Gambetta,,,,Jean Perrin,0269606212,,,,1,"Maison à rafraîchir de 210 m² situé à Limoges. Proche de toutes commodités, transports et écoles. À visiter sans tarder.",,,,,,B,,,,True,,,
ddfa3592-5865-491f-bb9e-8de5ee0c6495,AN-XP406EPN,REC-FKYQ5Q6P,Maison,Maison lumineux à Limoges,Limoges,87000,1747161130,122768,276,6,,,45.797554,1.221353,,,0072132913,,,1,5,,,,Clé en Main Immo,,,,,,,True,,,
f012aef2-b8ee-41b6-83d3-70294b4196cb,AN-5CSK148R,REC-FKYQ5Q6P,Maison,Maison charmant à Limoges,Limoges,87000,2026-01-04,94432,156,2,,,,,,Marie Roche,0928175247,,,,,"Maison au calme de 156 m² situé à Limoges. Cave et parking inclus. Proche de toutes commodités, transports et écoles. À visiter sans tarder.",,,,True,,F,,,,,,,
269ebe89-ed04-4653-9103-f9b2fd813254,AN-AKQG1CTI,REC-FKYQ5Q6P,Maison,Maison rénové à Limoges,Limoges,87000,14 septembre 2024,122843 €,199,5,,150 rue Jean Jaurès,45.837483,1.27838,,Marc Roche,0191412051,,,1,4,"Maison rénové de 199 m² situé à Limoges. Proche de toutes commodités, transports et écoles. À visiter sans tarder.",,,,,,,1928,,,True,,,
9cf76db0-e18c-4883-9741-d10cf3e1776d,AN-39JTUUH5,REC-FKYQ5Q6P,Maison,Maison atypique à Limoges,Limoges,87000,17 janvier 2025,108854,247,7,,,,,,,0590020871,,,,2,,,,Clé en Main Immo,False,,A,1853,,,True,,,
4a3a3472-669c-494f-94f2-195dca669266,AN-FU9HWSJY,REC-FKYQ5Q6P,Maison,Maison atypique à Limoges,Limoges,87000,1749482350,108976,237,7,,,45.852321,1.304598,,,0531551403,,,2,,"Maison charmant de 237 m² situé à Limoges. Proche de toutes commodités, transports et écoles. À visiter sans tarder.",,,Provence Immobilier,False,https://exemple-images.test/AN-FU9HWSJY/1.jpg; https://exemple-images.test/AN-FU9HWSJY/2.jpg,A,,contact54@example.com,,,,,
4317242f-0d5a-4dc4-b723-f0f93d4e5b29,AN-YTEAQTNP,REC-FKYQ5Q6P,Maison,Maison lumineux à Limoges,Limoges,87000,09-27-2024,97606,162,4,False,,45.8434,1.222281,,Jean Lefevre,,,399.26,2,3,"Maison au calme de 162 m² situé à Limoges. Cave et parking inclus. Proche de toutes commodités, transports et écoles. À visiter sans tarder.",,,Provence Immobilier,True,https://exemple-images.test/AN-YTEAQTNP/1.jpg; https://exemple-images.test/AN-YTEAQTNP/2.jpg; https://exemple-images.test/AN-YTEAQTNP/3.jpg; https://exemple-images.test/AN-YTEAQTNP/4.jpg,,1979,jean.lefevre42@example.com,,True,,,
c76a29c1-8f29-4ee5-b58b-19705581d8b7,AN-YB9DUP4T,REC-FKYQ5Q6P,Maison,Maison au calme à Limoges,Limoges,87000,26/09/2025,112039,222,8,,,45.877688,1.223084,,,,,,,,,,,,,,A,1917,contact26@example.com,,True,,,
bd35c801-0bf8-4c90-816c-1627282775e0,AN-DDP83QN3,REC-FKYQ5Q6P,Maison,Maison avec vue dégagée à Limoges,Limoges,87000,2024-12-18T16:32:10,92321,298,4,,66 boulevard Gambetta,,,,Luc Roche,0655737842,,,2,,"Maison spacieux de 298 m² situé à Limoges. Proche de toutes commodités, transports et écoles. À visiter sans tarder.",,,Century Habitat,False,,A,,luc.roche55@example.com,,True,,,
1fb3a134-e160-4a03-98a2-9c8e8e9fbbe6,AN-LJML4GG2,REC-FKYQ5Q6P,Maison,Maison charmant à Limoges,Limoges,87000,19/04/2025,92464,298,1,,64 boulevard Gambetta,45.830342,1.278878,,,0744435793,,,0,,"Maison de standing de 298 m² situé à Limoges. Proche de toutes commodités, transports et écoles. À visiter sans tarder.",,,,True,,B,,contact23@example.com,,True,,,
904b5a5a-10de-4106-aef1-a3bf645a5b33,AN-1UWW8C9P,REC-FKYQ5Q6P,Maison,Maison atypique à Limoges,Limoges,87000,20 avril 2026,75770,289,4,,66 chemin des Vignes,45.849278,1.21344,,Ahmed Perrin,0177088654,,,1,0,"Maison rénové de 289 m² situé à Limoges. Cave et parking inclus. Proche de toutes commodités, transports et écoles. À visiter sans tarder.",,,,False,,B,,ahmed.perrin18@example.com,,True,,,
35f7a575-5b2c-4337-849a-61f5bafd0c1c,AN-R046AL2A,REC-FKYQ5Q6P,Maison,Maison rénové à Limoges,Limoges,87000,2024-11-09,97632,,2,,82 rue du Commerce,45.798317,1.306369,,,0012378168,True,,4,4,"Maison charmant de 203 m² situé à Limoges. Proche de toutes commodités, transports et écoles. À visiter sans tarder.",,,Clé en Main Immo,,,A,1971,,203,True,,,
7f01ffca-4781-4396-8b80-6b8c911bd18e,AN-K5OPFONM,REC-FKYQ5Q6P,Maison,Maison lumineux à Limoges,Limoges,87000,24/03/2026,67416,153,8,,18 quai de la Loire,45.845548,1.234165,,,0711729463,,,3,,"Maison lumineux de 153 m² situé à Limoges. Cave et parking inclus. Proche de toutes commodités, transports et écoles. À visiter sans tarder.",,,,,,A,,,,True,,,
86eb67ad-14bc-4f89-994d-11fd0267980e,AN-38NLT2A5,REC-FKYQ5Q6P,Maison,Maison avec vue dégagée à Limoges,Limoges,87000,2026-02-22T06:17:10,118598,284,1,,47 boulevard Gambetta,45.812601,1.295729,,Marie Bernard,0765754716,True,,5,,,,,,,,B,,,,True,,,
e3258160-6460-42ff-b49e-a0049e416114,AN-5F3Q1NG0,REC-FKYQ5Q6P,Maison,Maison atypique à Limoges,Limoges,87000,2026-06-13,123355,294,2,,,45.87697,1.272651,,Karim Perrin,0231954537,,,,,"Maison rénové de 294 m² situé à Limoges. Proche de toutes commodités, transports et écoles. À visiter sans tarder.",,,Provence Immobilier,,,A,,karim.perrin40@example.com,,True,,,
ca00dd1e-2e50-4aa7-87ff-31d634c550c5,AN-Z3MQ8N9L,REC-FKYQ5Q6P,Maison,Maison avec vue dégagée à Limoges,Limoges,87000,2025-01-22,82934 €,302,2,,110 quai de la Loire,45.861017,1.261473,,Luc Lefevre,,,,0,5,"Maison atypique de 302 m² situé à Limoges. Proche de toutes commodités, transports et écoles. À visiter sans tarder.",,,,,https://exemple-images.test/AN-Z3MQ8N9L/1.jpg; https://exemple-images.test/AN-Z3MQ8N9L/2.jpg; https://exemple-images.test/AN-Z3MQ8N9L/3.jpg; https://exemple-images.test/AN-Z3MQ8N9L/4.jpg; https://exemple-images.test/AN-Z3MQ8N9L/5.jpg,,,luc.lefevre70@example.com,,True,,,
f1121cf0-dc4f-4ec2-8471-497c621fca1a,AN-BUGHWAGB,REC-FKYQ5Q6P,Maison,Maison rénové à Limoges,Limoges,87000,2025-12-26T07:02:10,71882 €,160,8,,,,,,,0542449336,,181.73,5,4,,,,Nid Doré,,,B,,contact18@example.com,,True,,,
04bfd8a9-32c3-46d8-919d-833dea71d428,AN-D2T0XEM8,REC-FKYQ5Q6P,Maison,Maison de standing à Limoges,Limoges,87000,19 octobre 2024,104506,222,4,,182 avenue des Champs,,,,,0365014181,,356.79,,,"Maison rénové de 222 m² situé à Limoges. Proche de toutes commodités, transports et écoles. À visiter sans tarder. Travaux à prévoir.",,,,,,B,,contact20@example.com,,True,,,
e2e75a5a-c108-4f60-b97f-6648f7b7db7d,AN-YHSQ0GNN,REC-FKYQ5Q6P,Maison,Maison à rafraîchir à Limoges,Limoges,87000,2025-05-22,79798 €,162,8,,,,,,Karim Moreau,0635483589,True,,,,"Maison lumineux de 162 m² situé à Limoges. Cave et parking inclus. Proche de toutes commodités, transports et écoles. À visiter sans tarder.",,,,,https://exemple-images.test/AN-YHSQ0GNN/1.jpg; https://exemple-images.test/AN-YHSQ0GNN/2.jpg,B,,karim.moreau47@example.com,,True,,,
313b356d-dd8d-4f97-90c1-75ad624ddd52,AN-C8PPFCUZ,REC-FKYQ5Q6P,Maison,Maison lumineux à Limoges,Limoges,87000,1778200150,89151,162,5,,102 rue Jean Jaurès,,,,,0788609489,,,,1,"Maison de standing de 162 m² situé à Limoges. Cave et parking inclus. Proche de toutes commodités, transports et écoles. À visiter sans tarder.",,,Toit & Vous,,,A,,,,,,,
2098a2b9-ece8-4dd6-9006-fefe617b89e0,AN-YSNX95KH,REC-FKYQ5Q6P,Maison,Maison atypique à Limoges,Limoges,87000,2026-05-29T08:57:10,65145,269,,,,,,,Karim Girard,0318731389,,327.17,,,"Maison en excellent état de 269 m² situé à Limoges. Proche de toutes commodités, transports et écoles. À visiter sans tarder. Travaux à prévoir.",,,Nid Doré,False,,A,,,,True,,,
969eeee0-e769-4625-b1d9-4e1e87462967,AN-F82IDAVW,REC-FKYQ5Q6P,Maison,Maison à rafraîchir à Limoges,Limoges,87000,2025-02-27T02:21:10,93912,171,,,146 quai de la Loire,45.858401,1.231143,,,0697529595,,,,0,"Maison atypique de 171 m² situé à Limoges. Cave et parking inclus. Proche de toutes commodités, transports et écoles. À visiter sans tarder. Travaux à prévoir.",,,Nid Doré,,https://exemple-images.test/AN-F82IDAVW/1.jpg; https://exemple-images.test/AN-F82IDAVW/2.jpg,B,,,,True,,,
e7a0ee11-3a96-4c39-82f2-a58cbfe283d4,AN-FH4EJ9J2,REC-FKYQ5Q6P,Maison,Maison charmant à Limoges,Limoges,87000,03-11-2026,65734,282,2,,59 rue Pasteur,,,,,0870973040,True,,4,,"Maison à rafraîchir de 282 m² situé à Limoges. Proche de toutes commodités, transports et écoles. À visiter sans tarder.",,,Century Habitat,,,,,,,True,,,
1fd334b0-42ad-4cea-85da-13c182e2ca15,AN-Q9QTG36N,REC-FKYQ5Q6P,Maison,Maison à rafraîchir à Limoges,Limoges,87000,1757338630,99661,260,,,,45.850153,1.272584,,Luc Moreau,0793911742,,131.25,,,,,,,True,,A,,,,True,,,
34e44ac0-d6b8-4277-8dd6-ba78b5ea236a,AN-J4ZILRSF,REC-FKYQ5Q6P,Maison,Maison rénové à Limoges,Limoges,87000,5 janvier 2025,124283 €,273,4,,,,,,Marc Lefevre,0921338108,,,,,"Maison avec vue dégagée de 273 m² situé à Limoges. Proche de toutes commodités, transports et écoles. À visiter sans tarder.",,,Century Habitat,False,,D,1921,,,True,,,
8f8bdd77-704b-47af-8833-79f969ae8bdd,AN-PDCPMWA2,REC-FKYQ5Q6P,Maison,Maison en excellent état à Limoges,Limoges,87000,08-17-2026,119591,254,2,True,,45.857499,1.258954,,Jean Girard,,,,,1,,,,,,,,,jean.girard9@example.com,,True,,,
74c47bdb-a3f1-44cf-aee0-8dc4c71f57a9,AN-7S81FQNX,REC-FKYQ5Q6P,Maison,Maison avec vue dégagée à Limoges,Limoges,87000,30/10/2024,80190,272,7,True,44 rue de la République,,,,Karim Bernard,0730761908,,,,4,"Maison au calme de 272 m² situé à Limoges. Cave et parking inclus. Proche de toutes commodités, transports et écoles. À visiter sans tarder.",,,Nid Doré,False,,A,1945,,,True,,,
fa199faf-2e04-4ec6-90e9-b81b532a22b8,AN-INLBD0LL,REC-FKYQ5Q6P,Maison,Maison lumineux à Limoges,Limoges,87000,1759865530,85460,301,1,,,,,,,0416505788,,,3,,,,,,,,A,1908,,,True,,,
70d3796a-e7fa-4a16-a652-1cd5854931cf,AN-DEBHQZJS,REC-FKYQ5Q6P,Maison,Maison lumineux à Limoges,Limoges,87000,2025-10-08,63402,197,2,,186 quai de la Loire,45.840661,1.301998,,Julie Bernard,0453043423,True,,5,dernier étage,"Maison à rafraîchir de 197 m² situé à Limoges. Proche de toutes commodités, transports et écoles. À visiter sans tarder. Travaux à prévoir.",,,Provence Immobilier,,,,,,,,,,
356e8d3a-d4a5-4e58-9614-f5a9460d77d9,AN-4UVK3KWD,REC-FKYQ5Q6P,Maison,Maison charmant à Limoges,Limoges,87000,12-15-2025,62679,273,6,True,25 rue Pasteur,45.882193,1.259004,,,,True,,,0,"Maison au calme de 273 m² situé à Limoges. Proche de toutes commodités, transports et écoles. À visiter sans tarder. Travaux à prévoir.",,,,,,A,,,,True,,,
d4f55688-7338-44a3-b5a0-a2f9c45229ec,AN-TCVRGL2I,REC-FKYQ5Q6P,Maison,Maison en excellent état à Limoges,Limoges,87000,1751761690,123299,206,1,,,45.858733,1.23389,,,0883361574,,,,,"Maison spacieux de 206 m² situé à Limoges. Cave et parking inclus. Proche de toutes commodités, transports et écoles. À visiter sans tarder.",,,,False,,B,,contact3@example.com,,True,,,
0034ffd6-1dec-4816-81a5-80f4a29484f9,AN-TIBAPOS4,REC-FKYQ5Q6P,Maison,Maison lumineux à Limoges,Limoges,87000,2025-07-26,109109,173,7,,,,,,Jean Martin,,,,3,dernier étage,"Maison atypique de 173 m² situé à Limoges. Proche de toutes commodités, transports et écoles. À visiter sans tarder.",,,,,https://exemple-images.test/AN-TIBAPOS4/1.jpg; https://exemple-images.test/AN-TIBAPOS4/2.jpg; https://exemple-images.test/AN-TIBAPOS4/3.jpg,B,1873,jean.martin4@example.com,,True,,,
5f944fb7-8f6a-44d8-bed5-94109d210d67,AN-N1S8ZCDC,REC-FKYQ5Q6P,Maison,Maison avec vue dégagée à Limoges,Limoges,87000,25/02/2026,85432,301,,,124 rue Pasteur,,,,Ahmed Perrin,,,390.62,2,4,"Maison en excellent état de 301 m² situé à Limoges. Proche de toutes commodités, transports et écoles. À visiter sans tarder. Travaux à prévoir.",,,Nid Doré,,,A,,,,True,,,
ae597ebe-e01d-4325-8de8-9c001166a784,AN-2DXCY5W4,REC-FKYQ5Q6P,Maison,Maison atypique à Limoges,Limoges,87000,13/08/2026,90236 €,,6,,82 avenue des Champs,,,,Claire Martin,0023644083,True,,,,"Maison lumineux de 265 m² situé à Limoges. Proche de toutes commodités, transports et écoles. À visiter sans tarder.",,,,,https://exemple-images.test/AN-2DXCY5W4/1.jpg; https://exemple-images.test/AN-2DXCY5W4/2.jpg; https://exemple-images.test/AN-2DXCY5W4/3.jpg; https://exemple-images.test/AN-2DXCY5W4/4.jpg,,2000,claire.martin35@example.com,265,True,,,
21166a70-f5ba-4bfe-bbec-61f693e9747b,AN-1E4NQLRM,REC-FKYQ5Q6P,Maison,Maison lumineux à Limoges,Limoges,87000,5 décembre 2025,66925,189,,,,,,,,,,,0,0,,,,,,,C,1908,contact96@example.com,,True,,,
14500233-37db-4b91-9e3e-45d68bb095b1,AN-S9DYK9OI,REC-FKYQ5Q6P,Maison,Maison en excellent état à Limoges,Limoges,87000,2025-11-30,100443 €,296,7,,138 chemin des Vignes,,,,,,,,,RDC,"Maison à rafraîchir de 296 m² situé à Limoges. Proche de toutes commodités, transports et écoles. À visiter sans tarder.",,,,,,A,,contact51@example.com,,True,,,
6196b3d5-14a1-41a9-92cf-a7bc15b9f857,AN-3XNS57L6,REC-FKYQ5Q6P,Maison,Maison en excellent état à Limoges,Limoges,87000,2 juillet 2025,88264 €,203,2,,,,,,Jean Fontaine,0691079537,,,5,dernier étage,"Maison rénové de 203 m² situé à Limoges. Cave et parking inclus. Proche de toutes commodités, transports et écoles. À visiter sans tarder. Travaux à prévoir.",,,Century Habitat,,https://exemple-images.test/AN-3XNS57L6/1.jpg; https://exemple-images.test/AN-3XNS57L6/2.jpg; https://exemple-images.test/AN-3XNS57L6/3.jpg; https://exemple-images.test/AN-3XNS57L6/4.jpg,A,,jean.fontaine98@example.com,,True,,,
77e1964f-9f03-4580-8108-b3da1730e148,AN-NICL9Y5C,REC-FKYQ5Q6P,Maison,Maison en excellent état à Limoges,Limoges,87000,2025-12-22,112036 €,274,,True,78 rue Jean Jaurès,45.834416,1.27337,,Sophie Dubois,0567442606,,,4,,,,,Provence Immobilier,,https://exemple-images.test/AN-NICL9Y5C/1.jpg; https://exemple-images.test/AN-NICL9Y5C/2.jpg; https://exemple-images.test/AN-NICL9Y5C/3.jpg; https://exemple-images.test/AN-NICL9Y5C/4.jpg,A,,sophie.dubois23@example.com,,True,,,
acc0386d-1592-4022-8647-ea7a6ffc5537,AN-LHSPTSAC,REC-FKYQ5Q6P,Maison,Maison au calme à Limoges,Limoges,87000,07/04/2026,75127,280,7,,,,,,,,,,,,"Maison en excellent état de 280 m² situé à Limoges. Proche de toutes commodités, transports et écoles. À visiter sans tarder.",,,,,,B,,contact36@example.com,,True,,,
d30d9d9f-96b4-4af9-9f10-6e914bd40476,AN-TJNZIIQ7,REC-FKYQ5Q6P,Maison,Maison de standing à Limoges,Limoges,87000,17/03/2025,68357 €,183,7,,,45.881403,1.213753,,Marc Lefevre,0212171541,,,,,,,,,,https://exemple-images.test/AN-TJNZIIQ7/1.jpg; https://exemple-images.test/AN-TJNZIIQ7/2.jpg; https://exemple-images.test/AN-TJNZIIQ7/3.jpg; https://exemple-images.test/AN-TJNZIIQ7/4.jpg; https://exemple-images.test/AN-TJNZIIQ7/5.jpg,A,1927,,,True,,,
e6f28f07-1b86-4dcd-9ef1-948b0870fe53,AN-WLF7OC6H,REC-FKYQ5Q6P,Maison,Maison charmant à Limoges,Limoges,87000,2024-10-10,70165,286,7,,,,,,,0238332435,,,,,"Maison lumineux de 286 m² situé à Limoges. Cave et parking inclus. Proche de toutes commodités, transports et écoles. À visiter sans tarder. Travaux à prévoir.",,,,,,,1884,,,True,,,
7c7ef213-a304-4f3f-9b26-35aa618a6201,AN-OUZYTNQC,REC-FKYQ5Q6P,Maison,Maison charmant à Limoges,Limoges,87000,03-08-2026,91802 €,272,7,,,45.842363,1.262493,,,0713734877,,,1,,,,,,,,B,,contact70@example.com,,True,,,
de7ebac2-5d79-450f-a768-d7c2093b65be,AN-0BK0D0M7,REC-FKYQ5Q6P,Maison,Maison avec vue dégagée à Limoges,Limoges,87000,19/08/2025,86489,232,6,,,45.820127,1.216652,,Nadia Perrin,0004064644,,,,1,"Maison au calme de 232 m² situé à Limoges. Cave et parking inclus. Proche de toutes commodités, transports et écoles. À visiter sans tarder.",,,Nid Doré,True,,B,2000,,,True,,,
1dd03040-db3a-4ff3-8667-dcb5ebba2838,AN-KGD954SI,REC-FKYQ5Q6P,Maison,Maison charmant à Limoges,Limoges,87000,1744030810,103000,222,,,,,,,Claire Faure,0425153549,,325.97,0,RDC,"Maison charmant de 222 m² situé à Limoges. Cave et parking inclus. Proche de toutes commodités, transports et écoles. À visiter sans tarder.",,,,False,,B,,,,,,,
e6930cfc-daef-4a49-bbba-6dc4550b7f34,AN-SYYAHGS8,REC-FKYQ5Q6P,Maison,Maison charmant à Limoges,Limoges,87000,05-03-2025,65391,294,,,43 quai de la Loire,45.850713,1.296203,,,0294402164,,,2,,"Maison à rafraîchir de 294 m² situé à Limoges. Proche de toutes commodités, transports et écoles. À visiter sans tarder.",,,,,https://exemple-images.test/AN-SYYAHGS8/1.jpg; https://exemple-images.test/AN-SYYAHGS8/2.jpg,A,,contact63@example.com,,True,,,
31ba66d0-b7ea-4cb7-aed9-5ddd911a9e9d,AN-IYO7SYSL,REC-FKYQ5Q6P,Maison,Maison charmant à Limoges,Limoges,87000,1729771390,67182,274,,,35 rue de la République,,,,Luc Faure,0757866762,,,,,"Maison à rafraîchir de 274 m² situé à Limoges. Proche de toutes commodités, transports et écoles. À visiter sans tarder.",,,,,,,,luc.faure80@example.com,,True,,,
73d282fd-23a7-4202-a0f0-45174de4d87f,AN-JWX75GIE,REC-FKYQ5Q6P,Maison,Maison en excellent état à Limoges,Limoges,87000,04-05-2025,123437,164,1,,,,,,Karim Fontaine,0620989235,,,2,,,,,,,,B,,,,True,,,
ca8afcc8-c8aa-4a00-a101-70cb9e39c757,AN-DSDD43KY,REC-FKYQ5Q6P,Maison,Maison de standing à Limoges,Limoges,87000,2024-11-06T00:31:10,70493,187,4,,,45.789722,1.3064,,,,,,,,"Maison de standing de 187 m² situé à Limoges. Proche de toutes commodités, transports et écoles. À visiter sans tarder.",,,,,https://exemple-images.test/AN-DSDD43KY/1.jpg; https://exemple-images.test/AN-DSDD43KY/2.jpg; https://exemple-images.test/AN-DSDD43KY/3.jpg; https://exemple-images.test/AN-DSDD43KY/4.jpg; https://exemple-images.test/AN-DSDD43KY/5.jpg,B,,contact16@example.com,,True,,,
0ce5d986-c6a7-48fc-b5e6-7268ecd74cae,AN-XKQVOL49,REC-FKYQ5Q6P,Maison,Maison charmant à Limoges,Limoges,87000,1766955850,105104,,7,True,171 avenue des Champs,45.784038,1.303588,,Ahmed Lefevre,0466881732,,,3,3,"Maison avec vue dégagée de 153 m² situé à Limoges. Cave et parking inclus. Proche de toutes commodités, transports et écoles. À visiter sans tarder.",,,,,https://exemple-images.test/AN-XKQVOL49/1.jpg; https://exemple-images.test/AN-XKQVOL49/2.jpg; https://exemple-images.test/AN-XKQVOL49/3.jpg; https://exemple-images.test/AN-XKQVOL49/4.jpg; https://exemple-images.test/AN-XKQVOL49/5.jpg,B,,,153,True,,,
8a87d046-08e2-4036-a8c9-558f20d9c817,AN-SI7KDU78,REC-FKYQ5Q6P,Maison,Maison atypique à Limoges,Limoges,87000,07-12-2026,123182,301,,,,45.849475,1.294867,,,,,131.15,,dernier étage,"Maison spacieux de 301 m² situé à Limoges. Proche de toutes commodités, transports et écoles. À visiter sans tarder.",,,,,,B,1974,contact75@example.com,,True,,,
3bbc958f-f754-41f2-a4b3-28e109bbb833,AN-FN83JSEK,REC-FKYQ5Q6P,Maison,Maison rénové à Limoges,Limoges,87000,3 août 2025,110647 €,256,6,,109 rue de la République,45.840316,1.283061,,Marc Martin,,,,,,"Maison charmant de 256 m² situé à Limoges. Proche de toutes commodités, transports et écoles. À visiter sans tarder.",,,Nid Doré,True,,,1880,,,True,,,
db6eb822-35a1-49f1-ab0c-3d150d8802a2,AN-2O36O706,REC-FKYQ5Q6P,Maison,Maison rénové à Limoges,Limoges,87000,2024-11-11T02:21:10,117268,285,2,False,146 avenue des Champs,45.851496,1.22041,,Marie Bernard,0857808047,,,4,,"Maison atypique de 285 m² situé à Limoges. Proche de toutes commodités, transports et écoles. À visiter sans tarder.",,,,,,A,,marie.bernard21@example.com,,,,,
3f6928be-b41d-42da-8a34-f1198c9793f8,AN-SWPD06E5,REC-FKYQ5Q6P,Maison,Maison au calme à Limoges,Limoges,87000,2025-09-16,64057,199,8,,,45.880473,1.241644,,,0085759471,True,,2,,"Maison au calme de 199 m² situé à Limoges. Proche de toutes commodités, transports et écoles. À visiter sans tarder. Travaux à prévoir.",,,,,,B,,contact7@example.com,,True,,,
c7fc5247-5f27-407a-965e-dfd96d1721a0,AN-UR60TAHF,REC-FKYQ5Q6P,Maison,Maison charmant à Limoges,Limoges,87000,04/03/2025,107964,231,7,False,157 rue Jean Jaurès,,,,Karim Dubois,0265010867,True,,0,dernier étage,,,,Century Habitat,,https://exemple-images.test/AN-UR60TAHF/1.jpg; https://exemple-images.test/AN-UR60TAHF/2.jpg; https://exemple-images.test/AN-UR60TAHF/3.jpg,A,,karim.dubois27@example.com,,True,,,
fe52a777-e951-488b-8737-406ca4ae19ac,AN-OC8Y8IX8,REC-FKYQ5Q6P,Maison,Maison avec vue dégagée à Limoges,Limoges,87000,5 décembre 2024,103394,251,8,,,,,,Julie Roche,0441901047,,,5,,"Maison lumineux de 251 m² situé à Limoges. Cave et parking inclus. Proche de toutes commodités, transports et écoles. À visiter sans tarder.",,,,,https://exemple-images.test/AN-OC8Y8IX8/1.jpg; https://exemple-images.test/AN-OC8Y8IX8/2.jpg,,,,,True,,,
c80b3098-9fe5-4464-bb68-b564dd8216df,AN-6TRHWMMU,REC-FKYQ5Q6P,Maison,Maison charmant à Limoges,Limoges,87000,2024-09-23,104817,239,,,,45.786707,1.279005,,Claire Girard,0354392332,,215.34,0,1,,,,,False,,B,,,,,,,
27acd8bd-c827-4b9d-b764-32bb2e027d32,AN-HHI54N9Q,REC-FKYQ5Q6P,Maison,Maison lumineux à Limoges,Limoges,87000,2025-04-03T09:58:10,68796,266,8,,,,,,,0435439231,True,,3,,"Maison rénové de 266 m² situé à Limoges. Cave et parking inclus. Proche de toutes commodités, transports et écoles. À visiter sans tarder.",,,,,https://exemple-images.test/AN-HHI54N9Q/1.jpg; https://exemple-images.test/AN-HHI54N9Q/2.jpg,B,1914,contact45@example.com,,True,,,
422802d3-5de9-4616-817d-4b2cc60e9781,AN-D2LN17DN,REC-FKYQ5Q6P,Maison,Maison lumineux à Limoges,Limoges,87000,30/08/2025,116474,171,1,True,36 avenue des Champs,,,,Jean Perrin,,,,,,,,,Century Habitat,,,A,,jean.perrin3@example.com,,True,,,
57f10f85-8934-4342-a80f-8e8296eb813a,AN-LWALPT70,REC-FKYQ5Q6P,Maison,Maison lumineux à Limoges,Limoges,87000,1763745130,69430,262,,True,125 rue de la République,,,,,0743544294,,,0,,"Maison atypique de 262 m² situé à Limoges. Proche de toutes commodités, transports et écoles. À visiter sans tarder.",,,,False,,A,2001,contact98@example.com,,True,,,
9074c6e4-879f-4004-ab1c-dcf8a9174a5d,AN-M7WNM6LB,REC-FKYQ5Q6P,Maison,Maison en excellent état à Limoges,Limoges,87000,04/10/2024,111242 €,174,5,,17 boulevard Gambetta,45.824072,1.227977,,,0094293764,True,,2,,"Maison de standing de 174 m² situé à Limoges. Cave et parking inclus. Proche de toutes commodités, transports et écoles. À visiter sans tarder.",,,ImmoPlus,,,,,,,,,,
a759b243-695b-4423-8a5e-d025353828d1,AN-BGPVW2T6,REC-FKYQ5Q6P,Maison,Maison lumineux à Limoges,Limoges,87000,04-04-2026,106576,241,,,,,,,Julie Dubois,,,,,dernier étage,"Maison lumineux de 241 m² situé à Limoges. Cave et parking inclus. Proche de toutes commodités, transports et écoles. À visiter sans tarder.",,,,True,,C,,julie.dubois70@example.com,,,,,
4c049cc7-5b1f-4285-9088-1c894a341ce9,AN-ZMIC8FC7,REC-FKYQ5Q6P,Maison,Maison de standing à Limoges,Limoges,87000,1732748350,78216 €,224,3,,,,,,Karim Fontaine,0164411844,True,,,,"Maison avec vue dégagée de 224 m² situé à Limoges. Proche de toutes commodités, transports et écoles. À visiter sans tarder.",,,,,,B,,karim.fontaine22@example.com,,True,,,
24fef0c3-dbd2-45c8-96d6-98c8e54ddb9d,AN-KNDGND40,REC-FKYQ5Q6P,Maison,Maison lumineux à Limoges,Limoges,87000,11-03-2025,72881,210,3,,70 rue Pasteur,45.85525,1.304015,,Luc Moreau,,True,319.24,,,"Maison à rafraîchir de 210 m² situé à Limoges. Proche de toutes commodités, transports et écoles. À visiter sans tarder. Travaux à prévoir.",,,Clé en Main Immo,,,B,,,,,,,
9a916241-9fb4-448f-ae1e-e2d91f1580ac,AN-FD95YIMB,REC-FKYQ5Q6P,Maison,Maison de standing à Limoges,Limoges,87000,13 septembre 2024,119773,291,6,True,,45.852115,1.23507,,Marc Faure,0790532418,,,,,,,,,False,,A,,marc.faure41@example.com,,True,,,
45782bea-40fa-43f9-a5a9-3479611769df,AN-0HCD7CFK,REC-FKYQ5Q6P,Maison,Maison avec vue dégagée à Limoges,Limoges,87000,20 juillet 2026,88856,188,5,True,,,,,Claire Faure,0976934758,,380.49,3,,,,,ImmoPlus,,,D,,,,True,,,
53ec378a-45d1-4c37-be37-910f0bcc9814,AN-UBYP2LU5,REC-FKYQ5Q6P,Maison,Maison à rafraîchir à Limoges,Limoges,87000,2025-07-05T09:47:10,70722,,3,,,,,,Marie Fontaine,0733860207,True,,2,,"Maison à rafraîchir de 166 m² situé à Limoges. Proche de toutes commodités, transports et écoles. À visiter sans tarder.",,,Toit & Vous,,,A,,marie.fontaine79@example.com,166,True,,,
186c1fec-cf4b-4087-b6bf-c3eaa6aca60a,AN-GMZBUTDY,REC-FKYQ5Q6P,Maison,Maison lumineux à Limoges,Limoges,87000,2 mai 2025,66017,173,4,,43 chemin des Vignes,45.848679,1.258,,Marc Bernard,0867672979,,,,,"Maison à rafraîchir de 173 m² situé à Limoges. Cave et parking inclus. Proche de toutes commodités, transports et écoles. À visiter sans tarder. Travaux à prévoir.",,,,True,,B,,,,True,,,
b33a3b00-7aab-4b53-9d47-34068614824f,AN-UGYU1824,REC-FKYQ5Q6P,Maison,Maison rénové à Limoges,Limoges,87000,2024-11-25T02:42:10,117504,174,5,True,177 rue Victor Hugo,45.815032,1.219689,,Luc Dubois,0812975375,,,,,"Maison charmant de 174 m² situé à Limoges. Proche de toutes commodités, transports et écoles. À visiter sans tarder.",,,Century Habitat,True,,,,luc.dubois46@example.com,,True,,,
80de147e-2815-4ccf-9bf1-7d7f9e7dd5e8,AN-B6DVSPHL,REC-FKYQ5Q6P,Maison,Maison charmant à Limoges,Limoges,87000,1767554110,98786,272,,,27 allée des Platanes,45.809689,1.272166,,Julie Dubois,0425381547,,,3,,"Maison lumineux de 272 m² situé à Limoges. Proche de toutes commodités, transports et écoles. À visiter sans tarder.",,,Clé en Main Immo,True,,A,,julie.dubois61@example.com,,True,,,
86541a6c-61db-4cc1-9adf-ede8eee079ac,AN-J2ACNSFO,REC-FKYQ5Q6P,Maison,Maison avec vue dégagée à Limoges,Limoges,87000,14 décembre 2024,98630,226,4,,,45.872458,1.303527,,Marc Roche,,,,4,1,,,,Toit & Vous,,,A,,marc.roche65@example.com,,True,,,
496c3648-4aee-424c-aaf2-164261f3bf20,AN-7LGG64GY,REC-FKYQ5Q6P,Maison,Maison spacieux à Limoges,Limoges,87000,7 janvier 2025,103660,,5,,146 rue Jean Jaurès,,,,,0805915126,,,3,dernier étage,"Maison avec vue dégagée de 273 m² situé à Limoges. Proche de toutes commodités, transports et écoles. À visiter sans tarder.",,,,,,A,,contact14@example.com,273,,,,
3832bbf5-7014-4456-8b2c-31da6db28c73,AN-SEEOFJTB,REC-FKYQ5Q6P,Maison,Maison à rafraîchir à Limoges,Limoges,87000,28/09/2025,79666,186,,True,,,,,Claire Roche,0456511695,,203.8,5,2,,,,,,,A,,,,,,,
c15f5176-31c0-457c-bd48-c4697b13d8e2,AN-GHTP5ZPP,REC-FKYQ5Q6P,Maison,Maison en excellent état à Limoges,Limoges,87000,16 octobre 2024,69589,278,,,,45.802698,1.237228,,Jean Roche,,,,3,,,,,,True,,A,,jean.roche23@example.com,,True,,,
930856db-082d-4334-9167-d0d12fa63733,AN-NJ5PF2FF,REC-FKYQ5Q6P,Maison,Maison spacieux à Limoges,Limoges,87000,08-07-2025,72763 €,299,4,True,,45.787746,1.237229,,Marie Roche,0749212500,,,,,,,,Provence Immobilier,,https://exemple-images.test/AN-NJ5PF2FF/1.jpg,A,1927,marie.roche41@example.com,,True,,,
a98fc248-ad3c-4080-a4df-59bfe1ecd3d9,AN-G5VNLUSL,REC-FKYQ5Q6P,Maison,Maison au calme à Limoges,Limoges,87000,28 septembre 2024,113199,276,,,29 avenue des Champs,45.786741,1.262609,,Luc Roche,0727469590,True,390.86,5,,,,,Clé en Main Immo,,,A,,luc.roche83@example.com,,True,,,
ec86bf6a-86a1-40bb-b80d-fcfacc097c2e,AN-M6SAO86H,REC-FKYQ5Q6P,Maison,Maison lumineux à Limoges,Limoges,87000,8 novembre 2024,117364,217,8,,59 rue de la République,,,,Marie Lefevre,,,,,4,"Maison en excellent état de 217 m² situé à Limoges. Proche de toutes commodités, transports et écoles. À visiter sans tarder. Travaux à prévoir.",,,Century Habitat,True,,,,,,True,,,
9e9fd1a9-e9fe-4ee6-b2d1-88ed64e6034a,AN-2VAXWWGV,REC-FKYQ5Q6P,Maison,Maison au calme à Limoges,Limoges,87000,2026-03-10,115200 €,225,1,,142 rue Pasteur,45.869686,1.260899,,Ahmed Moreau,,,,,0,"Maison lumineux de 225 m² situé à Limoges. Proche de toutes commodités, transports et écoles. À visiter sans tarder.",,,,,,A,2014,ahmed.moreau47@example.com,,True,,,
570236c2-5f04-44d5-acd1-cb041a3fcf29,AN-KZI4XX9H,REC-FKYQ5Q6P,Maison,Maison au calme à Limoges,Limoges,87000,10/06/2025,118726,,,False,,45.871549,1.307794,,Marc Dubois,0621855078,,,,,"Maison spacieux de 275 m² situé à Limoges. Proche de toutes commodités, transports et écoles. À visiter sans tarder.",,,Century Habitat,False,,B,,,275,,,,
d87b9ebf-fa48-4e4e-963b-e73513e0d631,AN-68KK5E75,REC-FKYQ5Q6P,Maison,Maison spacieux à Limoges,Limoges,87000,26/12/2025,93023 €,258,,,38 boulevard Gambetta,45.809526,1.240477,,,0736844687,,,0,,"Maison de standing de 258 m² situé à Limoges. Proche de toutes commodités, transports et écoles. À visiter sans tarder.",,,Clé en Main Immo,,,B,,contact36@example.com,,True,,,
f93ffb61-e2dd-4427-be48-b6ffc984e3b5,AN-R9J3QA72,REC-FKYQ5Q6P,Maison,Maison au calme à Limoges,Limoges,87000,2026-02-17T17:01:10,107910 €,278,4,,176 impasse des Lilas,,,,,0859794273,,,,5,"Maison rénové de 278 m² situé à Limoges. Proche de toutes commodités, transports et écoles. À visiter sans tarder. Travaux à prévoir.",,,,,,A,,,,True,,,
447f8945-de87-4b5b-8e03-c3e2fc915c1f,AN-FPQFJTVA,REC-FKYQ5Q6P,Maison,Maison rénové à Limoges,Limoges,87000,29/12/2025,74066,282,4,,,45.854554,1.225649,,,0504538999,,,,,,,,,,,A,,,,True,,,
51a1c5ad-2e31-47c4-9c75-502c47238896,AN-YOECEZ34,REC-FKYQ5Q6P,Maison,Maison rénové à Limoges,Limoges,87000,10/02/2025,76327,225,7,,55 rue de la République,45.791494,1.225673,,,0660334417,True,,,,"Maison de standing de 225 m² situé à Limoges. Proche de toutes commodités, transports et écoles. À visiter sans tarder.",,,Provence Immobilier,,https://exemple-images.test/AN-YOECEZ34/1.jpg; https://exemple-images.test/AN-YOECEZ34/2.jpg,B,2001,,,True,,,
83bbb43a-36ef-421d-ae03-d6daebd324cd,AN-5B7DA2DZ,REC-FKYQ5Q6P,Maison,Maison charmant à Limoges,Limoges,87000,13 novembre 2025,63292,157,6,,27 rue Pasteur,45.800845,1.226814,,Luc Faure,0277567352,,,4,,"Maison lumineux de 157 m² situé à Limoges. Cave et parking inclus. Proche de toutes commodités, transports et écoles. À visiter sans tarder.",,,,True,,B,,luc.faure6@example.com,,,,,
db94116a-d614-424f-9138-670e72c0c654,AN-YI55X7YH,REC-FKYQ5Q6P,Maison,Maison rénové à Limoges,Limoges,87000,09-10-2024,75452,233,2,False,,,,,Marie Roche,0353350441,True,,,,"Maison charmant de 233 m² situé à Limoges. Proche de toutes commodités, transports et écoles. À visiter sans tarder.",,,,,,A,,marie.roche3@example.com,,True,,,
72f854ca-8de9-426e-ac6f-2da6979e1583,AN-KZP5KNQ4,REC-FKYQ5Q6P,Maison,Maison en excellent état à Limoges,Limoges,87000,09-09-2024,92908,164,2,False,,45.853155,1.24372,,,0244739525,,,4,3,"Maison de standing de 164 m² situé à Limoges. Proche de toutes commodités, transports et écoles. À visiter sans tarder.",,,,True,,A,,,,True,,,
a0818f85-1ef8-48e8-98fb-45bc6f799626,AN-UZPJKZCY,REC-FKYQ5Q6P,Maison,Maison à rafraîchir à Limoges,Limoges,87000,2026-04-08T19:46:10,96299,245,3,,121 chemin des Vignes,45.871675,1.237931,,,0629458644,,,2,,,,,,,,B,,contact75@example.com,,True,,,
f8a2f73a-581d-4e2a-a147-a5e719de8bf8,AN-E1Z2F3WS,REC-FKYQ5Q6P,Maison,Maison lumineux à Limoges,Limoges,87000,1779478570,117072 €,251,,,136 avenue des Champs,,,,Luc Bernard,0227053808,,,,2,"Maison de standing de 251 m² situé à Limoges. Proche de toutes commodités, transports et écoles. À visiter sans tarder. Travaux à prévoir.",,,,,,A,,,,True,,,
bc5af851-98cd-4bf6-9ac0-6354dbd3fdce,AN-2F5DT0OQ,REC-FKYQ5Q6P,Maison,Maison atypique à Limoges,Limoges,87000,2 janvier 2025,78470,,2,,48 rue Pasteur,45.839022,1.290314,,Sophie Faure,0481070153,,,0,,"Maison en excellent état de 156 m² situé à Limoges. Cave et parking inclus. Proche de toutes commodités, transports et écoles. À visiter sans tarder.",,,Toit & Vous,,,A,,sophie.faure47@example.com,156,True,,,
77b934d5-fd4d-4fde-a351-9c72b7bfe9cb,AN-2CIGJXBA,REC-FKYQ5Q6P,Maison,Maison au calme à Limoges,Limoges,87000,2026-07-22T14:51:10,123407,,6,,,45.852905,1.213911,,Marc Dubois,0495480155,,,,,"Maison en excellent état de 295 m² situé à Limoges. Proche de toutes commodités, transports et écoles. À visiter sans tarder.",,,,,,B,,marc.dubois99@example.com,295,True,,,
7ba9b356-187d-40fa-8e50-aa42693039ee,AN-XJPKP726,REC-FKYQ5Q6P,Maison,Maison rénové à Limoges,Limoges,87000,29/06/2026,95086,182,7,,2 place de la Mairie,45.80043,1.239596,,Nadia Fontaine,0844165129,,,3,4,"Maison lumineux de 182 m² situé à Limoges. Proche de toutes commodités, transports et écoles. À visiter sans tarder.",,,,True,https://exemple-images.test/AN-XJPKP726/1.jpg,A,1948,nadia.fontaine45@example.com,,True,,,
fe153d51-ab6b-4113-8e90-bb0d393a500a,AN-JXZ33XBQ,REC-FKYQ5Q6P,Maison,Maison lumineux à Limoges,Limoges,87000,19 juin 2025,95833,,1,,145 rue du Commerce,45.81155,1.24732,,Marie Perrin,0217548761,,142.81,2,,,,,,,,A,1981,,163,True,,,
9bbe2152-bb3d-42cb-aea2-fe8ad164691e,AN-QZNU7RZI,REC-FKYQ5Q6P,Maison,Maison rénové à Limoges,Limoges,87000,05/12/2025,99501,293,3,False,,45.808071,1.263649,,Nadia Fontaine,0524739508,,70.11,,,"Maison rénové de 293 m² situé à Limoges. Cave et parking inclus. Proche de toutes commodités, transports et écoles. À visiter sans tarder.",,,,False,,B,2012,nadia.fontaine61@example.com,,True,,,
647587e4-ca2e-4747-b07d-1530f80d4179,AN-6ICSCL00,REC-FKYQ5Q6P,Maison,Maison rénové à Limoges,Limoges,87000,16/09/2024,112766,248,5,,122 avenue des Champs,,,,Marc Dubois,,,,1,,"Maison spacieux de 248 m² situé à Limoges. Proche de toutes commodités, transports et écoles. À visiter sans tarder.",,,,False,,B,,marc.dubois37@example.com,,,,,
877d7c23-a44b-4526-bef7-ce160a6f51c8,AN-A9VMCO4G,REC-FKYQ5Q6P,Maison,Maison avec vue dégagée à Limoges,Limoges,87000,1762883110,102720,168,,,140 rue Jean Jaurès,,,,,0296313449,True,,1,RDC,,,,Provence Immobilier,,,B,,contact15@example.com,,,,,
1cf5a53c-8a2e-439f-a749-88171ac6c886,AN-Q11DU0O2,REC-FKYQ5Q6P,Maison,Maison charmant à Limoges,Limoges,87000,03-27-2025,75140,214,1,False,,,,,Jean Lefevre,,,,3,,"Maison au calme de 214 m² situé à Limoges. Cave et parking inclus. Proche de toutes commodités, transports et écoles. À visiter sans tarder. Travaux à prévoir.",,,,,https://exemple-images.test/AN-Q11DU0O2/1.jpg,A,,jean.lefevre3@example.com,,True,,,
5226ec0b-2193-41e7-9211-3db20b7a325a,AN-ZKK5TKBY,REC-FKYQ5Q6P,Maison,Maison charmant à Limoges,Limoges,87000,18/02/2025,100571 €,279,5,,104 avenue des Champs,,,,Julie Lefevre,0809502447,,,2,,"Maison charmant de 279 m² situé à Limoges. Cave et parking inclus. Proche de toutes commodités, transports et écoles. À visiter sans tarder.",,,,,,B,,julie.lefevre35@example.com,,True,,,
3117b70d-dec6-4dfc-a16b-bae0fbe00f19,AN-YRQMIE50,REC-FKYQ5Q6P,Maison,Maison avec vue dégagée à Limoges,Limoges,87000,17/08/2025,95326,208,5,,138 place de la Mairie,45.867038,1.302207,,Jean Perrin,0246800642,,,1,,"Maison charmant de 208 m² situé à Limoges. Cave et parking inclus. Proche de toutes commodités, transports et écoles. À visiter sans tarder.",,,Century Habitat,True,,A,,,,True,,,
8f588e2e-95a3-41a1-a70a-d48fd20bde32,AN-ZE854WN9,REC-FKYQ5Q6P,Maison,Maison charmant à Limoges,Limoges,87000,2025-09-27,113536,261,3,True,,,,,,0753568290,True,,2,0,"Maison à rafraîchir de 261 m² situé à Limoges. Cave et parking inclus. Proche de toutes commodités, transports et écoles. À visiter sans tarder. Travaux à prévoir.",,,Nid Doré,,,A,,contact31@example.com,,,,,
260f9cef-41bd-4c1c-aeff-3a871e372d74,AN-69K6BZO5,REC-FKYQ5Q6P,Maison,Maison en excellent état à Limoges,Limoges,87000,27/07/2026,73298,,6,,177 rue de la République,,,,,0233715918,,,2,,"Maison atypique de 179 m² situé à Limoges. Cave et parking inclus. Proche de toutes commodités, transports et écoles. À visiter sans tarder.",,,,False,,B,,contact27@example.com,179,True,,,
00726672-fcf0-4463-bd73-b6461fcb5ba5,AN-O0LG29P1,REC-FKYQ5Q6P,Maison,Maison de standing à Limoges,Limoges,87000,2025-09-18,97042,170,4,,193 rue de la République,,,,Jean Perrin,0798039872,,,1,RDC,"Maison à rafraîchir de 170 m² situé à Limoges. Proche de toutes commodités, transports et écoles. À visiter sans tarder. Travaux à prévoir.",,,Provence Immobilier,,,B,,jean.perrin63@example.com,,True,,,
8d92d2f7-2c84-47ea-96fd-90c1cf057465,AN-LKZSRB8N,REC-JZHFZRQ0,Chalet,Chalet au calme à Nantes,Nantes,44000,15/10/2025,167121,,2,,95 chemin des Vignes,,,,,,,,,,"Chalet charmant de 77 m² situé à Nantes. Proche de toutes commodités, transports et écoles. À visiter sans tarder.",,,,,,G,,contact50@example.com,77,,True,True,
158b3f95-875a-46d7-8088-a737658fc1cd,AN-ZK4QP6NN,REC-JZHFZRQ0,Chalet,Chalet de standing à Nantes,Nantes,44000,09-16-2024,192174,161,3,,,47.26459,-1.543901,,,0696273358,,,,,"Chalet de standing de 161 m² situé à Nantes. Proche de toutes commodités, transports et écoles. À visiter sans tarder. Travaux à prévoir.",,,,,,,1989,,,,,True,
e6bb4881-8a40-4525-8e01-90ecd66dca83,AN-AMBS2OUQ,REC-JZHFZRQ0,Chalet,Chalet rénové à Nantes,Nantes,44000,19/09/2025,187738,88,3,,49 rue de la République,47.187811,-1.585715,,Karim Dubois,0342552925,,,0,,,,,,,,,,,,,,,
27deb1fb-e01c-44a3-a901-0b0351001ec6,AN-654RND2O,REC-JZHFZRQ0,Chalet,Chalet en excellent état à Nantes,Nantes,44000,07-10-2025,182817,102,3,,,,,,Jean Martin,,,,0,,"Chalet à rafraîchir de 102 m² situé à Nantes. Cave et parking inclus. Proche de toutes commodités, transports et écoles. À visiter sans tarder.",,,ImmoPlus,False,,,,,,,True,True,
be5d16b0-400e-4893-98ed-6d9ba15ca3d8,AN-I3WJ28PL,REC-JZHFZRQ0,Chalet,Chalet spacieux à Nantes,Nantes,44000,1740477490,195756,184,4,,,,,,,0381288307,,,,,,,,,,,,,contact90@example.com,,,True,True,
1c77c4b2-f229-4525-a467-787f26277620,AN-PHJ6DHVE,REC-JZHFZRQ0,Chalet,Chalet au calme à Nantes,Nantes,44000,28/09/2024,217757,89,3,,115 quai de la Loire,,,,,0864856755,,71.55,,,"Chalet à rafraîchir de 89 m² situé à Nantes. Proche de toutes commodités, transports et écoles. À visiter sans tarder.",,,,False,,,,contact68@example.com,,,True,,
793aa431-b103-4e3f-8857-c39eedb8b81b,AN-CTXONJVM,REC-JZHFZRQ0,Chalet,Chalet en excellent état à Nantes,Nantes,44000,2025-10-16,123968,93,4,True,56 place de la Mairie,47.208584,-1.55425,,,0433568636,True,148.57,1,,"Chalet rénové de 93 m² situé à Nantes. Proche de toutes commodités, transports et écoles. À visiter sans tarder.",,,,,https://exemple-images.test/AN-CTXONJVM/1.jpg; https://exemple-images.test/AN-CTXONJVM/2.jpg; https://exemple-images.test/AN-CTXONJVM/3.jpg; https://exemple-images.test/AN-CTXONJVM/4.jpg,,,contact65@example.com,,,,True,
056bc916-cfe7-4b1b-a830-516f2b745670,AN-AD6F3HE7,REC-JZHFZRQ0,Chalet,Chalet lumineux à Nantes,Nantes,44000,2024-12-04T23:24:10,181082,198,2,True,118 rue Jean Jaurès,,,,Luc Martin,0235427172,,,1,,"Chalet au calme de 198 m² situé à Nantes. Proche de toutes commodités, transports et écoles. À visiter sans tarder.",,,,True,,,2017,,,,True,True,
cc1ba0b4-17ed-49e5-bca8-8c0d153762c0,AN-AV71E1EL,REC-JZHFZRQ0,Chalet,Chalet en excellent état à Nantes,Nantes,44000,17 mars 2026,187993,105,2,,121 rue Jean Jaurès,,,,Nadia Martin,0737826614,,,,3,"Chalet de standing de 105 m² situé à Nantes. Proche de toutes commodités, transports et écoles. À visiter sans tarder.",,,,,,A,,,,,,True,
760d26e0-329d-483e-928c-6218424224a9,AN-VV6CO2QC,REC-JZHFZRQ0,Chalet,Chalet atypique à Nantes,Nantes,44000,15/03/2025,200577,,3,,,47.264981,-1.51059,,Ahmed Fontaine,0452815682,,,3,1,"Chalet spacieux de 170 m² situé à Nantes. Cave et parking inclus. Proche de toutes commodités, transports et écoles. À visiter sans tarder.",,,Clé en Main Immo,True,,F,,ahmed.fontaine38@example.com,170,,True,True,
7464b4b5-9814-4a72-9bca-9a76e67c1716,AN-OS01ZT8L,REC-JZHFZRQ0,Chalet,Chalet de standing à Nantes,Nantes,44000,2025-02-04T10:41:10,158364 €,111,2,True,,47.193951,-1.508885,,,,,,,0,"Chalet atypique de 111 m² situé à Nantes. Cave et parking inclus. Proche de toutes commodités, transports et écoles. À visiter sans tarder.",,,Nid Doré,,,,,,,,True,True,
09723c3c-ccbc-46c7-a955-4133b6310573,AN-HUOIBS3D,REC-JZHFZRQ0,Chalet,Chalet au calme à Nantes,Nantes,44000,1769225230,146947,151,4,,193 impasse des Lilas,,,,Marie Perrin,0227242956,,,4,1,,,,Clé en Main Immo,False,,G,,,,,True,True,
8598cb2c-c0aa-44dd-9c59-726085d58f37,AN-Z5PTYBXN,REC-JZHFZRQ0,Chalet,Chalet en excellent état à Nantes,Nantes,44000,12-07-2025,166749,149,5,,,,,,Julie Girard,0705279727,,321.33,,,"Chalet de standing de 149 m² situé à Nantes. Proche de toutes commodités, transports et écoles. À visiter sans tarder. Travaux à prévoir.",,,,False,https://exemple-images.test/AN-Z5PTYBXN/1.jpg; https://exemple-images.test/AN-Z5PTYBXN/2.jpg; https://exemple-images.test/AN-Z5PTYBXN/3.jpg,A,,julie.girard29@example.com,,,True,True,
6249dff6-b285-494a-84f7-5c764d28c5f0,AN-29P5D710,REC-JZHFZRQ0,Chalet,Chalet à rafraîchir à Nantes,Nantes,44000,11/07/2025,230884,200,5,False,,47.241134,-1.566649,,,0686139592,,,,,"Chalet lumineux de 200 m² situé à Nantes. Cave et parking inclus. Proche de toutes commodités, transports et écoles. À visiter sans tarder.",,,,False,,B,1905,contact85@example.com,,,True,,
5cf0997e-faa6-472c-9d61-6c3ba7a6c862,AN-RCWJKQYD,REC-JZHFZRQ0,Chalet,Chalet charmant à Nantes,Nantes,44000,2025-08-28T04:30:10,161494,125,3,True,,,,,Jean Girard,0940843363,,,,,,,,,True,,E,,,,,,True,
9b1d0ecf-12d9-4836-bcbd-05305c9aeca9,AN-FAGD179W,REC-JZHFZRQ0,Chalet,Chalet à rafraîchir à Nantes,Nantes,44000,11-20-2024,178598,219,4,,,47.260485,-1.562295,,Sophie Fontaine,0578260005,,50.41,4,,"Chalet de standing de 219 m² situé à Nantes. Cave et parking inclus. Proche de toutes commodités, transports et écoles. À visiter sans tarder.",,,ImmoPlus,True,,B,,,,,True,,
5ba47c09-b821-4b8b-a626-cd6871ca2008,AN-VCDJROWM,REC-JZHFZRQ0,Chalet,Chalet au calme à Nantes,Nantes,44000,18/11/2025,141043,,4,,178 quai de la Loire,47.198104,-1.551772,,,,,,4,,,,,Century Habitat,,,D,,,103,,True,,
759dd98e-9863-44d2-912d-b60b90d15199,AN-D3HXJMZ5,REC-JZHFZRQ0,Chalet,Chalet à rafraîchir à Nantes,Nantes,44000,2024-08-25,125134,178,1,True,114 avenue des Champs,47.217996,-1.590981,,,0384528228,True,,,5,"Chalet rénové de 178 m² situé à Nantes. Proche de toutes commodités, transports et écoles. À visiter sans tarder.",,,,,https://exemple-images.test/AN-D3HXJMZ5/1.jpg,C,2018,,,,,True,
ab7f61f9-bd36-432f-b85b-18804fe218e4,AN-KJ708KBA,REC-JZHFZRQ0,Chalet,Chalet à rafraîchir à Nantes,Nantes,44000,1749753190,184582,183,1,,,47.220838,-1.526926,,Jean Martin,0255856578,,,5,4,,,,Toit & Vous,,https://exemple-images.test/AN-KJ708KBA/1.jpg; https://exemple-images.test/AN-KJ708KBA/2.jpg; https://exemple-images.test/AN-KJ708KBA/3.jpg; https://exemple-images.test/AN-KJ708KBA/4.jpg; https://exemple-images.test/AN-KJ708KBA/5.jpg,,,,,,True,,
9436ce22-4094-43af-9513-bf0e5af6d883,AN-A92RO1NW,REC-JZHFZRQ0,Chalet,Chalet lumineux à Nantes,Nantes,44000,1742129350,172389 €,,4,,112 place de la Mairie,,,,Jean Bernard,0123520250,,,,3,,,,ImmoPlus,,https://exemple-images.test/AN-A92RO1NW/1.jpg; https://exemple-images.test/AN-A92RO1NW/2.jpg; https://exemple-images.test/AN-A92RO1NW/3.jpg,,,jean.bernard84@example.com,100,,True,True,
10d6182e-0f69-4488-8da0-a28048a5b0f6,AN-3ZKGH045,REC-JZHFZRQ0,Chalet,Chalet atypique à Nantes,Nantes,44000,1744073530,222377,102,1,,,47.196009,-1.519731,,Nadia Dubois,0198907352,,,,2,"Chalet atypique de 102 m² situé à Nantes. Proche de toutes commodités, transports et écoles. À visiter sans tarder. Travaux à prévoir.",,,Provence Immobilier,True,,,,,,,True,True,
ce6ae082-b4cc-49f2-a078-2603a10592fe,AN-4QJHZ832,REC-JZHFZRQ0,Chalet,Chalet atypique à Nantes,Nantes,44000,1749196930,129862,,2,,,,,,Jean Lefevre,0473032091,,345.32,,,"Chalet avec vue dégagée de 166 m² situé à Nantes. Cave et parking inclus. Proche de toutes commodités, transports et écoles. À visiter sans tarder. Travaux à prévoir.",,,Century Habitat,True,,,1861,,166,,True,,
ba3f5360-1097-410f-8f92-ae39b2067bfb,AN-X2B9KXZK,REC-JZHFZRQ0,Chalet,Chalet charmant à Nantes,Nantes,44000,1771266550,160538,167,4,,,47.256674,-1.540773,,Nadia Faure,0564306597,,,3,4,"Chalet de standing de 167 m² situé à Nantes. Cave et parking inclus. Proche de toutes commodités, transports et écoles. À visiter sans tarder. Travaux à prévoir.",,,,True,,,,nadia.faure72@example.com,,,,True,
08c90638-c11e-449c-969e-f428f21fa495,AN-NUMJL99E,REC-JZHFZRQ0,Chalet,Chalet spacieux à Nantes,Nantes,44000,25 juillet 2026,191952 €,155,5,,,47.262321,-1.58451,,Nadia Martin,,,,,,"Chalet atypique de 155 m² situé à Nantes. Proche de toutes commodités, transports et écoles. À visiter sans tarder. Travaux à prévoir.",,,,,,,,nadia.martin26@example.com,,,True,True,
0d3ec3d0-9ece-4fe3-92cd-84645d455bd2,AN-ZVS0XFY8,REC-JZHFZRQ0,Chalet,Chalet atypique à Nantes,Nantes,44000,1761588010,172127,,5,True,109 rue de la République,47.18887,-1.583122,,,0306930366,,,1,3,"Chalet rénové de 131 m² situé à Nantes. Proche de toutes commodités, transports et écoles. À visiter sans tarder. Travaux à prévoir.",,,Provence Immobilier,False,,,,,131,,True,True,
9a956ee1-dc35-416c-9654-b41a4fc5d0a7,AN-X9DJJP2T,REC-JZHFZRQ0,Chalet,Chalet atypique à Nantes,Nantes,44000,01-12-2026,208365,,2,,,,,,,0334651550,,,5,2,,,,Clé en Main Immo,,,,,,129,,True,True,
d7139190-5d23-4de5-a944-09a418cda9a1,AN-M4N5U31F,REC-JZHFZRQ0,Chalet,Chalet au calme à Nantes,Nantes,44000,2024-11-27T12:08:10,126527 €,191,4,True,68 allée des Platanes,,,,,0573252712,,,2,3,"Chalet spacieux de 191 m² situé à Nantes. Proche de toutes commodités, transports et écoles. À visiter sans tarder.",,,,,,,,contact43@example.com,,,True,True,
a057ad46-d3c3-4740-959f-78a07e5fd36d,AN-TEZ39LPB,REC-JZHFZRQ0,Chalet,Chalet atypique à Nantes,Nantes,44000,22/03/2025,247532,128,1,,,47.187875,-1.550187,,,0058270177,,,0,,,,,,,https://exemple-images.test/AN-TEZ39LPB/1.jpg; https://exemple-images.test/AN-TEZ39LPB/2.jpg,,,,,,True,True,
aabe457b-1a73-41ca-a4c7-2b50100b7990,AN-KY422524,REC-JZHFZRQ0,Chalet,Chalet rénové à Nantes,Nantes,44000,11/10/2024,216098 €,198,4,,,,,,,,,383.23,,dernier étage,"Chalet charmant de 198 m² situé à Nantes. Proche de toutes commodités, transports et écoles. À visiter sans tarder.",,,,,,G,,,,,True,True,
5faf7df0-d2e9-49bd-840f-b1335bd46e2a,AN-85W1IPF1,REC-JZHFZRQ0,Chalet,Chalet lumineux à Nantes,Nantes,44000,2024-12-18T16:59:10,129328,199,2,False,,,,,,,,313.36,,3,,,,Toit & Vous,,https://exemple-images.test/AN-85W1IPF1/1.jpg; https://exemple-images.test/AN-85W1IPF1/2.jpg; https://exemple-images.test/AN-85W1IPF1/3.jpg,,1946,contact16@example.com,,,True,True,
14c02632-e610-4a84-92a0-260243eef622,AN-MHG1BPNI,REC-JZHFZRQ0,Chalet,Chalet spacieux à Nantes,Nantes,44000,2026-07-01,149894 €,125,2,,44 rue Jean Jaurès,47.225362,-1.533398,,,0584461420,,,,,"Chalet avec vue dégagée de 125 m² situé à Nantes. Proche de toutes commodités, transports et écoles. À visiter sans tarder.",,,,,,,,,,,True,True,
42e14ab2-fe2b-4f7b-8ed9-ad9d727411f5,AN-11JC1NTC,REC-JZHFZRQ0,Chalet,Chalet lumineux à Nantes,Nantes,44000,2024-11-25,201787,174,1,,,47.223006,-1.522688,,Jean Lefevre,0799606873,True,,,,,,,,,,,,,,,True,True,
307cf732-423f-4981-a613-8e64e6161788,AN-TWJ4E3N4,REC-JZHFZRQ0,Chalet,Chalet lumineux à Nantes,Nantes,44000,1 décembre 2024,174893,209,4,,,,,,Julie Martin,0570855240,,,,,"Chalet au calme de 209 m² situé à Nantes. Proche de toutes commodités, transports et écoles. À visiter sans tarder. Travaux à prévoir.",,,Toit & Vous,,,,1982,,,,True,True,
6fcf4d71-ae44-4c34-aa75-644a87205952,AN-VSQNGH6A,REC-JZHFZRQ0,Chalet,Chalet à rafraîchir à Nantes,Nantes,44000,2026-05-19,179028,199,4,,103 rue Pasteur,47.223159,-1.511418,,Ahmed Bernard,,True,,5,4,"Chalet en excellent état de 199 m² situé à Nantes. Cave et parking inclus. Proche de toutes commodités, transports et écoles. À visiter sans tarder.",,,ImmoPlus,,,,,,,,True,True,
3c7da622-7b86-4726-a201-9d04ba220907,AN-N3S1K9E9,REC-JZHFZRQ0,Chalet,Chalet au calme à Nantes,Nantes,44000,1778697370,200548 €,76,1,True,129 boulevard Gambetta,,,,,0641452919,,296.58,,,"Chalet de standing de 76 m² situé à Nantes. Cave et parking inclus. Proche de toutes commodités, transports et écoles. À visiter sans tarder.",,,,,,,,,,,True,True,
0d608070-84d1-49ad-a6cd-e5cf8018aef0,AN-3HWYT6YO,REC-JZHFZRQ0,Chalet,Chalet lumineux à Nantes,Nantes,44000,2024-12-02,162096,186,3,False,,47.224749,-1.593233,,,,,392.58,,,,,,,,https://exemple-images.test/AN-3HWYT6YO/1.jpg; https://exemple-images.test/AN-3HWYT6YO/2.jpg; https://exemple-images.test/AN-3HWYT6YO/3.jpg,,,contact88@example.com,,,,,
ab02cd5a-50e6-4cc2-b732-99a95eacb8d4,AN-IND1Q6V8,REC-JZHFZRQ0,Chalet,Chalet spacieux à Nantes,Nantes,44000,2024-12-22,141035,178,3,,152 chemin des Vignes,,,,Claire Girard,0021712054,True,,3,0,"Chalet avec vue dégagée de 178 m² situé à Nantes. Proche de toutes commodités, transports et écoles. À visiter sans tarder.",,,,,,,1908,,,,,True,
79a09d17-9252-4f62-95fd-da59e707f3ea,AN-8YCGU29T,REC-JZHFZRQ0,Chalet,Chalet de standing à Nantes,Nantes,44000,26/04/2026,232415,141,2,,74 quai de la Loire,47.20722,-1.518934,,,0308627031,,,,,"Chalet au calme de 141 m² situé à Nantes. Proche de toutes commodités, transports et écoles. À visiter sans tarder.",,,,False,,,,,,,True,True,
68a0421c-e9c0-416b-88ba-86d6c951ef27,AN-DQY1EB46,REC-JZHFZRQ0,Chalet,Chalet charmant à Nantes,Nantes,44000,2024-09-04T16:32:10,227205,178,2,True,98 rue Pasteur,47.215993,-1.51632,,,0622004807,,,,,"Chalet à rafraîchir de 178 m² situé à Nantes. Proche de toutes commodités, transports et écoles. À visiter sans tarder.",,,,,,,1862,,,,True,,
07168eb3-c004-498c-b525-4c682822c79b,AN-2OE80MTF,REC-JZHFZRQ0,Chalet,Chalet de standing à Nantes,Nantes,44000,07-29-2026,138821,,4,False,,,,,,0380626089,True,,,0,"Chalet avec vue dégagée de 120 m² situé à Nantes. Proche de toutes commodités, transports et écoles. À visiter sans tarder.",,,,,https://exemple-images.test/AN-2OE80MTF/1.jpg; https://exemple-images.test/AN-2OE80MTF/2.jpg; https://exemple-images.test/AN-2OE80MTF/3.jpg; https://exemple-images.test/AN-2OE80MTF/4.jpg,,,,120,,True,True,
44673a71-70af-47bb-842c-801ff0a2be8a,AN-7QVNY051,REC-JZHFZRQ0,Chalet,Chalet en excellent état à Nantes,Nantes,44000,2024-08-29T23:24:10,189737,192,3,,58 quai de la Loire,47.25777,-1.559201,,,0238947091,,,2,RDC,,,,Toit & Vous,,,,,contact19@example.com,,,True,True,
b030583f-3c9f-48f3-94e7-42f2142c8930,AN-EFAVOGE5,REC-JZHFZRQ0,Chalet,Chalet charmant à Nantes,Nantes,44000,07-28-2026,225507,213,4,,,47.261711,-1.582639,,Marie Dubois,0310071031,,,,0,,,,,,https://exemple-images.test/AN-EFAVOGE5/1.jpg; https://exemple-images.test/AN-EFAVOGE5/2.jpg; https://exemple-images.test/AN-EFAVOGE5/3.jpg,,,marie.dubois7@example.com,,,True,,
7b0e6634-fc5e-49f9-a139-6a8450fa4318,AN-CHGAUUYC,REC-JZHFZRQ0,Chalet,Chalet de standing à Nantes,Nantes,44000,07/04/2025,245557,152,4,True,138 rue Pasteur,47.186335,-1.602492,,Marie Lefevre,0486956441,,,5,,"Chalet au calme de 152 m² situé à Nantes. Cave et parking inclus. Proche de toutes commodités, transports et écoles. À visiter sans tarder.",,,Provence Immobilier,False,,D,,marie.lefevre59@example.com,,,True,,
79dc182b-7fdb-4996-a60c-e2b20418de73,AN-OA9FEKXJ,REC-JZHFZRQ0,Chalet,Chalet atypique à Nantes,Nantes,44000,07-04-2026,193451,108,1,,,47.258107,-1.522584,,,,,,4,,,,,Nid Doré,,,,,contact12@example.com,,,True,True,
8df747ae-4879-42cc-b545-c30707f87923,AN-TD2KL73T,REC-JZHFZRQ0,Chalet,Chalet spacieux à Nantes,Nantes,44000,09-25-2024,191525,198,2,,151 chemin des Vignes,,,,,,True,,0,,"Chalet de standing de 198 m² situé à Nantes. Cave et parking inclus. Proche de toutes commodités, transports et écoles. À visiter sans tarder.",,,Provence Immobilier,,,,,contact63@example.com,,,,,
ec10c8b5-4ffd-4b04-a13a-7ec5b397a195,AN-SEM8S49F,REC-JZHFZRQ0,Chalet,Chalet au calme à Nantes,Nantes,44000,1746088270,205392,,5,,3 rue Pasteur,,,,Marie Moreau,0393623510,,,,,"Chalet au calme de 190 m² situé à Nantes. Cave et parking inclus. Proche de toutes commodités, transports et écoles. À visiter sans tarder.",,,,,,,,marie.moreau99@example.com,190,,True,True,
cc3c22fe-bf8a-44b1-9c9d-43793c66bd02,AN-HYG2GGUM,REC-JZHFZRQ0,Chalet,Chalet à rafraîchir à Nantes,Nantes,44000,2025-01-28,176109,177,3,,,,,,,,,,5,,"Chalet charmant de 177 m² situé à Nantes. Proche de toutes commodités, transports et écoles. À visiter sans tarder.",,,,False,,,,contact12@example.com,,,True,True,
13e8842f-6acc-4324-b9bf-c055f0208a8e,AN-1QW68ZS9,REC-JZHFZRQ0,Chalet,Chalet charmant à Nantes,Nantes,44000,1738612150,173485,,4,,,47.206239,-1.597168,,Sophie Moreau,0566096276,True,,4,,"Chalet à rafraîchir de 119 m² situé à Nantes. Cave et parking inclus. Proche de toutes commodités, transports et écoles. À visiter sans tarder. Travaux à prévoir.",,,ImmoPlus,,,B,,sophie.moreau81@example.com,119,,True,True,
286aa6f0-97a8-4015-8747-5ee82660cd6f,AN-2SAWHDGJ,REC-JZHFZRQ0,Chalet,Chalet rénové à Nantes,Nantes,44000,1726324930,171454,179,2,,,,,,Claire Girard,0609647727,,,,,"Chalet lumineux de 179 m² situé à Nantes. Proche de toutes commodités, transports et écoles. À visiter sans tarder. Travaux à prévoir.",,,ImmoPlus,,,F,,,,,True,True,
b9a616d0-2f45-4792-879d-83e2cf76ca9d,AN-IDKO4C05,REC-JZHFZRQ0,Chalet,Chalet atypique à Nantes,Nantes,44000,1773161710,156926,150,2,True,,47.174162,-1.504866,,,0419779842,,,3,RDC,"Chalet charmant de 150 m² situé à Nantes. Cave et parking inclus. Proche de toutes commodités, transports et écoles. À visiter sans tarder.",,,ImmoPlus,False,https://exemple-images.test/AN-IDKO4C05/1.jpg; https://exemple-images.test/AN-IDKO4C05/2.jpg,,,,,,True,True,
1692f67e-3388-4843-9d88-96a790d64a09,AN-6OBXRJB9,REC-JZHFZRQ0,Chalet,Chalet charmant à Nantes,Nantes,44000,15/02/2026,242521,114,4,False,,47.206545,-1.562368,,,,,,,0,"Chalet au calme de 114 m² situé à Nantes. Proche de toutes commodités, transports et écoles. À visiter sans tarder.",,,,,,,,,,,True,,
da0448eb-3768-48da-a76e-2890a71b92e3,AN-EJR0FBBC,REC-JZHFZRQ0,Chalet,Chalet rénové à Nantes,Nantes,44000,2024-12-18T04:03:10,238748 €,140,2,,,,,,,0764995248,,379.65,,,"Chalet de standing de 140 m² situé à Nantes. Proche de toutes commodités, transports et écoles. À visiter sans tarder. Travaux à prévoir.",,,Century Habitat,False,https://exemple-images.test/AN-EJR0FBBC/1.jpg; https://exemple-images.test/AN-EJR0FBBC/2.jpg; https://exemple-images.test/AN-EJR0FBBC/3.jpg,,1945,,,,,True,
43168b3a-096e-4a96-9b88-68da5a91c1d9,AN-YF727LWN,REC-JZHFZRQ0,Chalet,Chalet à rafraîchir à Nantes,Nantes,44000,2025-01-31T11:16:10,151234,201,5,True,83 boulevard Gambetta,,,,,,,,,,"Chalet en excellent état de 201 m² situé à Nantes. Proche de toutes commodités, transports et écoles. À visiter sans tarder.",,,,,,,,,,,True,,
f1e1b366-48a1-4e68-a954-c237afeee5fb,AN-R2429CEB,REC-JZHFZRQ0,Chalet,Chalet lumineux à Nantes,Nantes,44000,2025-08-04,214959,104,1,False,,47.25929,-1.567649,,Marie Faure,,,,,,"Chalet rénové de 104 m² situé à Nantes. Proche de toutes commodités, transports et écoles. À visiter sans tarder.",,,,False,,,,,,,True,True,
b17fdf91-750f-48d5-aedf-201f0dfc5083,AN-T502XFZ2,REC-JZHFZRQ0,Chalet,Chalet atypique à Nantes,Nantes,44000,14/10/2024,223848 €,,1,,68 chemin des Vignes,,,,,0552055625,True,,0,4,"Chalet charmant de 175 m² situé à Nantes. Proche de toutes commodités, transports et écoles. À visiter sans tarder.",,,Toit & Vous,,,,,contact71@example.com,175,,True,True,
a5bffcf0-cb2d-47ce-bca9-c7bfa2e9515e,AN-KOENZZMZ,REC-JZHFZRQ0,Chalet,Chalet avec vue dégagée à Nantes,Nantes,44000,28/06/2025,225901 €,205,1,,,47.171757,-1.562071,,Julie Roche,0216308130,,,,2,"Chalet atypique de 205 m² situé à Nantes. Proche de toutes commodités, transports et écoles. À visiter sans tarder.",,,,True,,,1910,,,,True,True,
358c1a08-cf50-4a06-b3a6-7e05c13c951a,AN-ZVVR2GBP,REC-JZHFZRQ0,Chalet,Chalet en excellent état à Nantes,Nantes,44000,1768432930,220070,154,3,,,47.243829,-1.601614,,,,,263.67,,5,,,,,True,,,,,,,True,True,
83fbb139-715a-4101-9f35-828383ec6a92,AN-24GJ4VLF,REC-JZHFZRQ0,Chalet,Chalet rénové à Nantes,Nantes,44000,1742360110,202121,92,1,False,177 rue Jean Jaurès,,,,,0064501404,,,4,5,"Chalet atypique de 92 m² situé à Nantes. Proche de toutes commodités, transports et écoles. À visiter sans tarder.",,,Toit & Vous,True,https://exemple-images.test/AN-24GJ4VLF/1.jpg; https://exemple-images.test/AN-24GJ4VLF/2.jpg,,,contact94@example.com,,,True,True,
d208d08e-c2d7-4252-a017-1c262685c432,AN-YNEWTJJE,REC-JZHFZRQ0,Chalet,Chalet charmant à Nantes,Nantes,44000,6 septembre 2025,201798,184,5,,,,,,Nadia Perrin,,,,,0,"Chalet charmant de 184 m² situé à Nantes. Cave et parking inclus. Proche de toutes commodités, transports et écoles. À visiter sans tarder.",,,,False,,A,,nadia.perrin68@example.com,,,True,True,
f47081d2-e893-489d-ba5e-3c63ee01f352,AN-YN8MGQSB,REC-JZHFZRQ0,Chalet,Chalet à rafraîchir à Nantes,Nantes,44000,2026-03-25,152876,159,5,,75 rue de la République,47.198204,-1.511715,,Marc Girard,,True,350.49,,dernier étage,"Chalet de standing de 159 m² situé à Nantes. Cave et parking inclus. Proche de toutes commodités, transports et écoles. À visiter sans tarder.",,,,,,E,,,,,,True,
25305fd5-c889-4a4d-bb12-6fcdec5d6211,AN-MV6QA57T,REC-JZHFZRQ0,Chalet,Chalet charmant à Nantes,Nantes,44000,30/01/2026,189397,120,4,,,47.21393,-1.592514,,Karim Fontaine,0520193484,,,,0,"Chalet avec vue dégagée de 120 m² situé à Nantes. Proche de toutes commodités, transports et écoles. À visiter sans tarder.",,,Clé en Main Immo,,,D,,,,,True,True,
7eab2fd9-8976-4bdf-b604-6b91c871c875,AN-5Q1JHHQ9,REC-JZHFZRQ0,Chalet,Chalet au calme à Nantes,Nantes,44000,2 mars 2026,177185,96,4,,70 chemin des Vignes,,,,Jean Perrin,,,,0,RDC,"Chalet rénové de 96 m² situé à Nantes. Proche de toutes commodités, transports et écoles. À visiter sans tarder.",,,,True,,,,,,,True,True,
85505fb0-69a3-4c98-9b3f-a7a1557ab1d1,AN-6DXB5WI8,REC-JZHFZRQ0,Chalet,Chalet rénové à Nantes,Nantes,44000,28 décembre 2025,184482,136,3,False,,47.189514,-1.594285,,,,True,,0,,"Chalet spacieux de 136 m² situé à Nantes. Proche de toutes commodités, transports et écoles. À visiter sans tarder.",,,,,,,1923,contact79@example.com,,,True,True,
777fed80-efd5-465d-9028-50f398f5fb73,AN-O2A41J30,REC-JZHFZRQ0,Chalet,Chalet à rafraîchir à Nantes,Nantes,44000,1757592850,158290,213,3,,50 allée des Platanes,,,,,0304038981,,,,dernier étage,"Chalet spacieux de 213 m² situé à Nantes. Proche de toutes commodités, transports et écoles. À visiter sans tarder.",,,,True,https://exemple-images.test/AN-O2A41J30/1.jpg; https://exemple-images.test/AN-O2A41J30/2.jpg; https://exemple-images.test/AN-O2A41J30/3.jpg,,,,,,True,True,
d6b2e1bb-e974-41c0-9616-2042a485ccf6,AN-YEPAGT8D,REC-JZHFZRQ0,Chalet,Chalet à rafraîchir à Nantes,Nantes,44000,1762944430,166655,145,4,,130 rue Jean Jaurès,,,,Jean Girard,,,,,,,,,Clé en Main Immo,False,,,,,,,True,True,
f830ab63-ca69-4b30-b602-accadddc2f01,AN-OTRME8F6,REC-JZHFZRQ0,Chalet,Chalet à rafraîchir à Nantes,Nantes,44000,28/01/2026,208227,189,5,,21 rue de la République,,,,Nadia Lefevre,0482584541,,,1,,"Chalet de standing de 189 m² situé à Nantes. Proche de toutes commodités, transports et écoles. À visiter sans tarder.",,,,True,,,,nadia.lefevre38@example.com,,,True,True,
8d87ce8c-b457-4f13-b9a1-8dfe2d65aece,AN-IW3YWXVH,REC-JZHFZRQ0,Chalet,Chalet au calme à Nantes,Nantes,44000,1771510870,137646 €,125,3,,,,,,Nadia Bernard,,,,,,"Chalet avec vue dégagée de 125 m² situé à Nantes. Cave et parking inclus. Proche de toutes commodités, transports et écoles. À visiter sans tarder. Travaux à prévoir.",,,Century Habitat,False,,F,,nadia.bernard18@example.com,,,True,True,
3765e516-f8a2-4f41-b279-0dcbc87682c2,AN-G9NYZR0V,REC-JZHFZRQ0,Chalet,Chalet charmant à Nantes,Nantes,44000,1777676050,169175 €,180,4,,,47.203804,-1.51168,,,0235432624,True,,1,dernier étage,,,,Century Habitat,,,,,contact99@example.com,,,,True,
607ebc8b-f8d8-4ae5-b4b2-003ec726e9be,AN-PLQ5SSQZ,REC-JZHFZRQ0,Chalet,Chalet charmant à Nantes,Nantes,44000,2026-01-21T00:49:10,221545,183,1,,21 rue de la République,,,,,0722375324,True,,,4,"Chalet avec vue dégagée de 183 m² situé à Nantes. Proche de toutes commodités, transports et écoles. À visiter sans tarder. Travaux à prévoir.",,,Nid Doré,,,,,,,,,True,
a5f565a2-501a-4947-b2de-17e1a2938a42,AN-LDXUC3VO,REC-JZHFZRQ0,Chalet,Chalet en excellent état à Nantes,Nantes,44000,1774035490,199248,101,1,,,47.245479,-1.533283,,,0997495533,,,0,4,"Chalet rénové de 101 m² situé à Nantes. Proche de toutes commodités, transports et écoles. À visiter sans tarder.",,,,,,,1962,,,,True,,
d21f21a7-0752-4032-8b1a-3727d34dd1c0,AN-W14HAWYW,REC-JZHFZRQ0,Chalet,Chalet atypique à Nantes,Nantes,44000,16/11/2024,233564,217,2,,87 allée des Platanes,,,,Jean Martin,,,,4,2,"Chalet lumineux de 217 m² situé à Nantes. Cave et parking inclus. Proche de toutes commodités, transports et écoles. À visiter sans tarder.",,,,,https://exemple-images.test/AN-W14HAWYW/1.jpg; https://exemple-images.test/AN-W14HAWYW/2.jpg,,,,,,True,True,
2aa40e77-999a-4e02-805b-4cc4874259c9,AN-PNJMN6UT,REC-JZHFZRQ0,Chalet,Chalet à rafraîchir à Nantes,Nantes,44000,2025-11-06T16:35:10,180325,85,4,,199 quai de la Loire,47.233398,-1.532178,,,0538645200,,,3,,"Chalet lumineux de 85 m² situé à Nantes. Proche de toutes commodités, transports et écoles. À visiter sans tarder.",,,,False,,,,contact5@example.com,,,True,True,
8f3cb718-2380-4b5b-bf5b-ddea5e66dac5,AN-0VSJ4FZH,REC-JZHFZRQ0,Chalet,Chalet charmant à Nantes,Nantes,44000,2 mai 2026,230501 €,110,4,,,,,,,0188484163,,,,,,,,,,https://exemple-images.test/AN-0VSJ4FZH/1.jpg,E,,contact71@example.com,,,True,True,
ebb77a1f-6cce-4c70-9ed9-ad74a842e340,AN-QGMDZFUV,REC-JZHFZRQ0,Chalet,Chalet au calme à Nantes,Nantes,44000,25/12/2024,236481,148,2,,157 boulevard Gambetta,,,,Ahmed Martin,0626062582,,,,0,"Chalet lumineux de 148 m² situé à Nantes. Cave et parking inclus. Proche de toutes commodités, transports et écoles. À visiter sans tarder. Travaux à prévoir.",,,,False,https://exemple-images.test/AN-QGMDZFUV/1.jpg; https://exemple-images.test/AN-QGMDZFUV/2.jpg; https://exemple-images.test/AN-QGMDZFUV/3.jpg,,1873,,,,True,True,
535bf857-b612-4ef7-9f9a-0be3582407b3,AN-C96LLHLP,REC-JZHFZRQ0,Chalet,Chalet à rafraîchir à Nantes,Nantes,44000,02-27-2026,175603,125,1,,120 impasse des Lilas,47.202441,-1.53837,,Marc Bernard,0792092490,True,302.46,4,dernier étage,"Chalet au calme de 125 m² situé à Nantes. Proche de toutes commodités, transports et écoles. À visiter sans tarder.",,,Nid Doré,,,,1996,marc.bernard4@example.com,,,True,True,
709297f4-0ee6-41cf-8284-c977c28030a9,AN-P2WH29LX,REC-JZHFZRQ0,Chalet,Chalet rénové à Nantes,Nantes,44000,23 décembre 2025,177252,88,3,,,47.21782,-1.524809,,,0755466230,,,,,"Chalet de standing de 88 m² situé à Nantes. Cave et parking inclus. Proche de toutes commodités, transports et écoles. À visiter sans tarder.",,,,,,G,1959,contact69@example.com,,,True,True,
6d06a62e-4e84-439d-ad35-74c27d832a25,AN-7PF67W0W,REC-JZHFZRQ0,Chalet,Chalet de standing à Nantes,Nantes,44000,1740334810,233902,118,5,True,,47.193541,-1.507562,,,0854674470,,,5,3,"Chalet à rafraîchir de 118 m² situé à Nantes. Proche de toutes commodités, transports et écoles. À visiter sans tarder. Travaux à prévoir.",,,Toit & Vous,,,,,,,,True,True,
74e3f5fb-3323-4652-bb48-1fc8fa25da90,AN-3B40C0Y3,REC-JZHFZRQ0,Chalet,Chalet lumineux à Nantes,Nantes,44000,2025-11-15,246214,126,3,,,,,,Karim Faure,0427417056,,,,,"Chalet de standing de 126 m² situé à Nantes. Proche de toutes commodités, transports et écoles. À visiter sans tarder.",,,,False,,E,1868,,,,True,True,
02b3ddf0-e0e8-48b2-b8bd-1b21cef5c088,AN-7C9U1DMA,REC-JZHFZRQ0,Chalet,Chalet de standing à Nantes,Nantes,44000,1 avril 2026,204995,154,5,,,47.169345,-1.550702,,,,,,5,,"Chalet avec vue dégagée de 154 m² situé à Nantes. Proche de toutes commodités, transports et écoles. À visiter sans tarder.",,,ImmoPlus,True,https://exemple-images.test/AN-7C9U1DMA/1.jpg; https://exemple-images.test/AN-7C9U1DMA/2.jpg; https://exemple-images.test/AN-7C9U1DMA/3.jpg,,1863,contact33@example.com,,,True,True,
e7c05410-0c1d-4230-9e6d-0bc2b7a1fb60,AN-B615UFHC,REC-JZHFZRQ0,Chalet,Chalet en excellent état à Nantes,Nantes,44000,16 août 2026,210072,146,5,,178 avenue des Champs,,,,Nadia Martin,,True,,,dernier étage,"Chalet à rafraîchir de 146 m² situé à Nantes. Proche de toutes commodités, transports et écoles. À visiter sans tarder.",,,,,,,,nadia.martin89@example.com,,,True,True,
fd1698fe-0aa7-43cf-969e-8d48094ba43f,AN-AA0ESYZ5,REC-JZHFZRQ0,Chalet,Chalet charmant à Nantes,Nantes,44000,01/05/2025,201526 €,161,4,,,,,,Marie Bernard,0415136259,,,,dernier étage,"Chalet spacieux de 161 m² situé à Nantes. Proche de toutes commodités, transports et écoles. À visiter sans tarder.",,,Clé en Main Immo,False,https://exemple-images.test/AN-AA0ESYZ5/1.jpg,,1955,,,,True,True,
e70105fc-0773-414f-bfa4-5f593768aeab,AN-8H7XZL6E,REC-JZHFZRQ0,Chalet,Chalet rénové à Nantes,Nantes,44000,1762866910,207821,217,3,,153 place de la Mairie,,,,Jean Lefevre,0908424711,,53.56,3,RDC,,,,Clé en Main Immo,,https://exemple-images.test/AN-8H7XZL6E/1.jpg; https://exemple-images.test/AN-8H7XZL6E/2.jpg; https://exemple-images.test/AN-8H7XZL6E/3.jpg; https://exemple-images.test/AN-8H7XZL6E/4.jpg; https://exemple-images.test/AN-8H7XZL6E/5.jpg,,,jean.lefevre2@example.com,,,True,,
6296fb22-a379-4916-8391-75b850cc1ffc,AN-XUJWCPW6,REC-JZHFZRQ0,Chalet,Chalet charmant à Nantes,Nantes,44000,1786545310,178100 €,70,3,True,,47.261616,-1.572075,,Nadia Moreau,,,,2,,,,,,,,,,,,,True,True,
21ad2291-0183-4ef0-93d3-e3593d90ca41,AN-IT67LT2B,REC-JZHFZRQ0,Chalet,Chalet spacieux à Nantes,Nantes,44000,2025-08-31T03:02:10,171744,96,1,False,,47.265401,-1.593735,,Karim Bernard,0360387086,,,,,,,,,,,,,,,,True,True,
4b0616ee-bdaa-4c75-a0c1-0117c2351b84,AN-PHFH1I4E,REC-JZHFZRQ0,Chalet,Chalet à rafraîchir à Nantes,Nantes,44000,26 mars 2026,209969,198,5,False,,,,,Jean Perrin,0230754331,,,4,3,"Chalet de standing de 198 m² situé à Nantes. Proche de toutes commodités, transports et écoles. À visiter sans tarder. Travaux à prévoir.",,,,,https://exemple-images.test/AN-PHFH1I4E/1.jpg; https://exemple-images.test/AN-PHFH1I4E/2.jpg; https://exemple-images.test/AN-PHFH1I4E/3.jpg; https://exemple-images.test/AN-PHFH1I4E/4.jpg,,,jean.perrin84@example.com,,,True,True,
7d166b33-cf48-4a11-8d0c-4cfb83b46faa,AN-1NM6OM7O,REC-JZHFZRQ0,Chalet,Chalet avec vue dégagée à Nantes,Nantes,44000,11-22-2025,188462,143,3,,,,,,Ahmed Roche,0848805606,,184.94,,5,"Chalet à rafraîchir de 143 m² situé à Nantes. Proche de toutes commodités, transports et écoles. À visiter sans tarder.",,,,,,,1949,ahmed.roche78@example.com,,,True,True,
5756672a-c0db-4981-8f6f-a3e7062580b9,AN-U5C668PB,REC-JZHFZRQ0,Chalet,Chalet spacieux à Nantes,Nantes,44000,1783755790,151865,203,4,,129 quai de la Loire,,,,Nadia Roche,0080005167,True,,,,,,,,,,C,,,,,,True,
4a47dda8-d2f0-427c-8cbb-5b6e7500914c,AN-DRNTZKJY,REC-JZHFZRQ0,Chalet,Chalet au calme à Nantes,Nantes,44000,2025-02-10,133271 €,203,1,,150 rue du Commerce,47.267668,-1.52725,,,,,,0,2,"Chalet charmant de 203 m² situé à Nantes. Proche de toutes commodités, transports et écoles. À visiter sans tarder.",,,,,,,,contact88@example.com,,,,True,
35226b7d-23ab-4a32-a895-6d1859b3d1e7,AN-XMEMAJGD,REC-JZHFZRQ0,Chalet,Chalet avec vue dégagée à Nantes,Nantes,44000,10-23-2025,143897 €,,1,,173 place de la Mairie,,,,,0886034048,,,5,,"Chalet au calme de 110 m² situé à Nantes. Cave et parking inclus. Proche de toutes commodités, transports et écoles. À visiter sans tarder. Travaux à prévoir.",,,,,,B,,,110,,True,,
eacaec3f-7749-4689-9303-0fcdccac093f,AN-UM8R9A7K,REC-JZHFZRQ0,Chalet,Chalet rénové à Nantes,Nantes,44000,20/08/2026,140721,102,5,,,47.244338,-1.593227,,Nadia Girard,,,,,,"Chalet avec vue dégagée de 102 m² situé à Nantes. Cave et parking inclus. Proche de toutes commodités, transports et écoles. À visiter sans tarder.",,,ImmoPlus,True,,,1857,,,,True,True,
50dc681d-5201-4cfe-b606-d6328eb85dac,AN-Y9Q5XIVJ,REC-JZHFZRQ0,Chalet,Chalet lumineux à Nantes,Nantes,44000,2025-02-08T01:45:10,200215,204,5,False,,,,,Luc Martin,,True,,,,,,,Nid Doré,,,,1935,luc.martin95@example.com,,,,,
d7ef8cce-d2a9-44be-87f5-0669fa4adca8,AN-E9S307UC,REC-JZHFZRQ0,Chalet,Chalet avec vue dégagée à Nantes,Nantes,44000,2026-08-19T02:55:10,127223,160,5,,,47.260842,-1.598502,,Ahmed Girard,,,,,,"Chalet à rafraîchir de 160 m² situé à Nantes. Cave et parking inclus. Proche de toutes commodités, transports et écoles. À visiter sans tarder.",,,,False,https://exemple-images.test/AN-E9S307UC/1.jpg,,,,,,True,True,
789b5eef-d1b8-4587-9441-10b3bb5036c2,AN-VPVEMC6E,REC-JZHFZRQ0,Chalet,Chalet charmant à Nantes,Nantes,44000,29 septembre 2025,210457,145,4,,45 place de la Mairie,47.250909,-1.583334,,Sophie Lefevre,0232399630,,,,dernier étage,"Chalet spacieux de 145 m² situé à Nantes. Proche de toutes commodités, transports et écoles. À visiter sans tarder.",,,,,https://exemple-images.test/AN-VPVEMC6E/1.jpg; https://exemple-images.test/AN-VPVEMC6E/2.jpg; https://exemple-images.test/AN-VPVEMC6E/3.jpg; https://exemple-images.test/AN-VPVEMC6E/4.jpg; https://exemple-images.test/AN-VPVEMC6E/5.jpg,,,,,,,True,
544f36e0-ef1c-4223-a918-5f33f813dcb7,AN-6YIMEY79,REC-JZHFZRQ0,Chalet,Chalet rénové à Nantes,Nantes,44000,2026-06-10T04:44:10,199010 €,183,4,False,,47.248501,-1.564467,,,0787432697,,,2,2,,,,,False,,B,1947,,,,True,True,
2092f087-f225-4dbe-9fb7-150d481e21db,AN-57SKYIFY,REC-JZHFZRQ0,Chalet,Chalet de standing à Nantes,Nantes,44000,1740201190,247046,119,4,False,,,,,Marc Dubois,,,,5,,"Chalet à rafraîchir de 119 m² situé à Nantes. Cave et parking inclus. Proche de toutes commodités, transports et écoles. À visiter sans tarder.",,,,True,https://exemple-images.test/AN-57SKYIFY/1.jpg; https://exemple-images.test/AN-57SKYIFY/2.jpg; https://exemple-images.test/AN-57SKYIFY/3.jpg; https://exemple-images.test/AN-57SKYIFY/4.jpg; https://exemple-images.test/AN-57SKYIFY/5.jpg,F,,,,,True,True,
b906af0d-f07e-4e0a-82a0-041e25cb9d9a,AN-9E4F0G1L,REC-JZHFZRQ0,Chalet,Chalet atypique à Nantes,Nantes,44000,1746451270,126389,210,2,,,,,,,0118344334,,,5,2,"Chalet rénové de 210 m² situé à Nantes. Proche de toutes commodités, transports et écoles. À visiter sans tarder.",,,Nid Doré,,,G,,contact42@example.com,,,True,True,
ab301d25-ddaf-41b6-bada-adc4b6844f59,AN-VVIHSSEF,REC-JZHFZRQ0,Chalet,Chalet spacieux à Nantes,Nantes,44000,02-07-2025,127906,186,2,,,47.265197,-1.510889,,,0366450763,,,,,"Chalet avec vue dégagée de 186 m² situé à Nantes. Cave et parking inclus. Proche de toutes commodités, transports et écoles. À visiter sans tarder.",,,Nid Doré,False,,,1900,,,,True,True,
dbf32a64-8a70-47c9-b072-bb535f92b96a,AN-B6CX5HQY,REC-JZHFZRQ0,Chalet,Chalet rénové à Nantes,Nantes,44000,05-22-2025,160202,128,2,False,30 rue du Commerce,,,,Marie Dubois,0323940587,,,5,,"Chalet lumineux de 128 m² situé à Nantes. Proche de toutes commodités, transports et écoles. À visiter sans tarder.",,,ImmoPlus,True,,G,1979,,,,True,True,
48fda0c2-7ec4-47c5-8b04-7315a9ccad8b,AN-OT682G9Z,REC-JZHFZRQ0,Chalet,Chalet à rafraîchir à Nantes,Nantes,44000,2024-11-24T22:54:10,211270,,4,,,,,,Ahmed Perrin,0671633735,True,,,,"Chalet charmant de 163 m² situé à Nantes. Cave et parking inclus. Proche de toutes commodités, transports et écoles. À visiter sans tarder.",,,Clé en Main Immo,,https://exemple-images.test/AN-OT682G9Z/1.jpg; https://exemple-images.test/AN-OT682G9Z/2.jpg; https://exemple-images.test/AN-OT682G9Z/3.jpg; https://exemple-images.test/AN-OT682G9Z/4.jpg,D,,ahmed.perrin38@example.com,163,,True,True,
4ac91c20-fd44-4206-96c1-d66f74fafabc,AN-FB8KG3DO,REC-JZHFZRQ0,Chalet,Chalet rénové à Nantes,Nantes,44000,06-22-2025,178655,160,3,,146 boulevard Gambetta,47.216179,-1.549076,,Ahmed Martin,0105547888,,,4,0,"Chalet rénové de 160 m² situé à Nantes. Proche de toutes commodités, transports et écoles. À visiter sans tarder.",,,Clé en Main Immo,False,,C,1896,,,,,True,
a3499a5b-ce32-4eeb-9395-bf39d1e78bf7,AN-U465VNMP,REC-JZHFZRQ0,Chalet,Chalet avec vue dégagée à Nantes,Nantes,44000,16 janvier 2025,197239,141,4,,,,,,Jean Lefevre,0084450196,,,5,,,,,,,,,,jean.lefevre89@example.com,,,True,,
0fe4db54-d6d5-4f2a-b501-db01fe5b39e6,AN-DCKAVSOT,REC-JZHFZRQ0,Chalet,Chalet de standing à Nantes,Nantes,44000,23 avril 2025,230893,150,1,False,142 rue Victor Hugo,47.186518,-1.582466,,Luc Roche,0749889012,,,,,"Chalet charmant de 150 m² situé à Nantes. Proche de toutes commodités, transports et écoles. À visiter sans tarder.",,,Provence Immobilier,,,,,luc.roche19@example.com,,,True,True,
95363b2a-3cf1-45bf-8211-8cae7edcfb4e,AN-LJL2SCUG,REC-JZHFZRQ0,Chalet,Chalet de standing à Nantes,Nantes,44000,2025-01-13T08:42:10,207093 €,,5,,,,,,Jean Dubois,0386914123,,,,1,"Chalet rénové de 136 m² situé à Nantes. Cave et parking inclus. Proche de toutes commodités, transports et écoles. À visiter sans tarder.",,,,False,,,1998,jean.dubois95@example.com,136,,True,True,
b5fdc2d5-f2aa-4ebc-a27a-d1c1b490f089,AN-K8D2OAM2,REC-JZHFZRQ0,Chalet,Chalet à rafraîchir à Nantes,Nantes,44000,09/05/2025,137465 €,209,5,,,47.168723,-1.586946,,Karim Dubois,0749071851,,,,,,,,,False,,F,2011,,,,True,True,
9ba86eed-f2fc-4a8e-b66e-c5a28eae26fd,AN-1WKG1ODR,REC-JZHFZRQ0,Chalet,Chalet rénové à Nantes,Nantes,44000,2025-12-11T10:35:10,146841,218,3,False,,,,,Sophie Moreau,0292501561,,,,3,"Chalet en excellent état de 218 m² situé à Nantes. Cave et parking inclus. Proche de toutes commodités, transports et écoles. À visiter sans tarder.",,,,,,,,,,,True,,
b0868da0-934c-4151-8d67-83f1f2e9b0f7,AN-JDWB0THI,REC-JZHFZRQ0,Chalet,Chalet en excellent état à Nantes,Nantes,44000,2025-03-16,143712 €,,2,True,41 rue Victor Hugo,,,,,,True,,4,4,"Chalet lumineux de 179 m² situé à Nantes. Proche de toutes commodités, transports et écoles. À visiter sans tarder. Travaux à prévoir.",,,Provence Immobilier,,,G,,,179,,True,True,
b29f2d59-58f7-4ef0-a07e-656c1b2ec143,AN-Z9E7UDFU,REC-JZHFZRQ0,Chalet,Chalet à rafraîchir à Nantes,Nantes,44000,1776486190,154581,189,2,,,,,,Luc Martin,0066099672,,,0,,"Chalet lumineux de 189 m² situé à Nantes. Proche de toutes commodités, transports et écoles. À visiter sans tarder.",,,,,https://exemple-images.test/AN-Z9E7UDFU/1.jpg; https://exemple-images.test/AN-Z9E7UDFU/2.jpg; https://exemple-images.test/AN-Z9E7UDFU/3.jpg; https://exemple-images.test/AN-Z9E7UDFU/4.jpg,,,luc.martin1@example.com,,,True,True,
a1f071a3-1049-46a2-ac2a-dc47312a19ff,AN-3Y3ALN0W,REC-JZHFZRQ0,Chalet,Chalet à rafraîchir à Nantes,Nantes,44000,01-29-2026,164591,126,2,False,,47.263074,-1.572708,,,0933923107,,,,,,,,,,,,,contact80@example.com,,,True,True,
1ec1592f-e5b0-467e-9bc5-ede45a2087af,AN-GQPW4H4Y,REC-JZHFZRQ0,Chalet,Chalet avec vue dégagée à Nantes,Nantes,44000,03-07-2026,246976,118,3,,53 avenue des Champs,47.246578,-1.599521,,Jean Roche,0022473695,True,,,,,,,,,,,,jean.roche2@example.com,,,True,,
a12ce1d8-1d69-4c6b-a09c-95f0de269370,AN-MTQF5EDW,REC-JZHFZRQ0,Chalet,Chalet à rafraîchir à Nantes,Nantes,44000,05/12/2025,246462,108,3,True,183 boulevard Gambetta,47.215999,-1.522436,,Sophie Fontaine,0607896840,,,5,,"Chalet au calme de 108 m² situé à Nantes. Cave et parking inclus. Proche de toutes commodités, transports et écoles. À visiter sans tarder.",,,Nid Doré,True,,,,sophie.fontaine5@example.com,,,True,True,
dee96bbd-4113-47d6-bef5-2e95916533b6,AN-P5A4SMPO,REC-JZHFZRQ0,Chalet,Chalet en excellent état à Nantes,Nantes,44000,13/11/2025,165529,169,2,,152 place de la Mairie,47.21678,-1.535708,,,0015052778,,306.04,4,0,"Chalet spacieux de 169 m² situé à Nantes. Proche de toutes commodités, transports et écoles. À visiter sans tarder.",,,Toit & Vous,False,https://exemple-images.test/AN-P5A4SMPO/1.jpg; https://exemple-images.test/AN-P5A4SMPO/2.jpg; https://exemple-images.test/AN-P5A4SMPO/3.jpg,,,contact4@example.com,,,True,True,
a0c322e3-606e-42db-9a77-7734ea77f1c0,AN-05NYUDTV,REC-JZHFZRQ0,Chalet,Chalet au calme à Nantes,Nantes,44000,30 mars 2026,246874,144,1,,92 impasse des Lilas,47.265583,-1.553076,,Marie Roche,0211138688,,,3,,"Chalet lumineux de 144 m² situé à Nantes. Proche de toutes commodités, transports et écoles. À visiter sans tarder.",,,Provence Immobilier,,https://exemple-images.test/AN-05NYUDTV/1.jpg,,,,,,,True,
a11455ac-28ff-418c-ad1b-84321f4078b1,AN-OPAWBOCK,REC-JZHFZRQ0,Chalet,Chalet rénové à Nantes,Nantes,44000,1778629570,237448,78,3,,114 rue de la République,,,,Karim Perrin,0264753656,,,,5,"Chalet atypique de 78 m² situé à Nantes. Proche de toutes commodités, transports et écoles. À visiter sans tarder.",,,,True,,D,,karim.perrin89@example.com,,,True,True,
1191b998-693a-44cc-97f4-2f9d5eadae7c,AN-X8XMCYTV,REC-JZHFZRQ0,Chalet,Chalet en excellent état à Nantes,Nantes,44000,04-01-2026,129779,102,1,False,,,,,Julie Dubois,0333363196,,,4,1,"Chalet spacieux de 102 m² situé à Nantes. Proche de toutes commodités, transports et écoles. À visiter sans tarder.",,,,True,,B,,,,,True,True,
a89ae6b5-b6c6-404e-a3f1-ece736757c9e,AN-31NRV8EO,REC-JZHFZRQ0,Chalet,Chalet de standing à Nantes,Nantes,44000,01-13-2025,163456,76,1,,,,,,Marie Perrin,,,,,5,"Chalet en excellent état de 76 m² situé à Nantes. Proche de toutes commodités, transports et écoles. À visiter sans tarder.",,,,False,https://exemple-images.test/AN-31NRV8EO/1.jpg,,,marie.perrin94@example.com,,,True,True,
03073763-dd69-42ed-bbb4-be5af7a33e82,AN-9L85KAVM,REC-JZHFZRQ0,Chalet,Chalet lumineux à Nantes,Nantes,44000,1733603230,149324,84,1,,,47.187199,-1.585705,,,0472357347,,194.11,1,,"Chalet atypique de 84 m² situé à Nantes. Proche de toutes commodités, transports et écoles. À visiter sans tarder.",,,Toit & Vous,True,,,,contact52@example.com,,,True,True,
a483c570-af70-41bc-9286-7bcea49351ec,AN-8XZL4ZQK,REC-JZHFZRQ0,Chalet,Chalet de standing à Nantes,Nantes,44000,1780849810,206053,215,2,,,,,,,0746431634,,396.12,,,"Chalet au calme de 215 m² situé à Nantes. Proche de toutes commodités, transports et écoles. À visiter sans tarder.",,,Toit & Vous,,,,,,,,True,True,
aba5b39a-c5f5-4e3a-a0c1-d1bf508d687b,AN-NVUC360F,REC-JZHFZRQ0,Chalet,Chalet charmant à Nantes,Nantes,44000,26 octobre 2025,177192,185,1,,171 rue Jean Jaurès,,,,Luc Lefevre,0211388557,,50.77,1,,"Chalet lumineux de 185 m² situé à Nantes. Cave et parking inclus. Proche de toutes commodités, transports et écoles. À visiter sans tarder.",,,ImmoPlus,,,,,luc.lefevre7@example.com,,,True,True,
0ac6c0d1-0dbf-4dbb-9c02-4e0cc1d2d290,AN-852HO310,REC-JZHFZRQ0,Chalet,Chalet charmant à Nantes,Nantes,44000,1727486050,214773,116,4,False,147 place de la Mairie,47.184823,-1.519804,,Nadia Moreau,,,,4,,,,,ImmoPlus,True,https://exemple-images.test/AN-852HO310/1.jpg; https://exemple-images.test/AN-852HO310/2.jpg,A,,,,,True,True,
059ccf3d-5644-4be4-9f7a-696522be31de,AN-F9E0EAK0,REC-JZHFZRQ0,Chalet,Chalet de standing à Nantes,Nantes,44000,2025-08-09,234101,97,4,False,161 quai de la Loire,,,,,0126235831,True,,,5,"Chalet avec vue dégagée de 97 m² situé à Nantes. Proche de toutes commodités, transports et écoles. À visiter sans tarder.",,,,,,G,,contact41@example.com,,,True,,
265e9b1e-e3d0-405f-ba88-b6e0b3aef491,AN-FU7C0NT7,REC-JZHFZRQ0,Chalet,Chalet en excellent état à Nantes,Nantes,44000,2025-08-18T00:24:10,135375,144,1,,,47.219631,-1.554737,,,,,,4,,"Chalet atypique de 144 m² situé à Nantes. Proche de toutes commodités, transports et écoles. À visiter sans tarder.",,,Toit & Vous,,https://exemple-images.test/AN-FU7C0NT7/1.jpg; https://exemple-images.test/AN-FU7C0NT7/2.jpg; https://exemple-images.test/AN-FU7C0NT7/3.jpg; https://exemple-images.test/AN-FU7C0NT7/4.jpg; https://exemple-images.test/AN-FU7C0NT7/5.jpg,,,,,,True,,
3727caef-ecac-486c-b58e-3ce7b3e9088b,AN-JZGP6V89,REC-JZHFZRQ0,Chalet,Chalet rénové à Nantes,Nantes,44000,07-26-2025,195758,,4,,175 rue du Commerce,47.172818,-1.563187,,Karim Perrin,,,,,,"Chalet au calme de 82 m² situé à Nantes. Cave et parking inclus. Proche de toutes commodités, transports et écoles. À visiter sans tarder.",,,,,,,,,82,,True,True,
a09f3270-1850-4ff5-b052-786ed1ad89a4,AN-UAPVKVFM,REC-JZHFZRQ0,Chalet,Chalet à rafraîchir à Nantes,Nantes,44000,09-05-2024,184420,84,3,,,47.247064,-1.514504,,,0732209845,,,1,,"Chalet à rafraîchir de 84 m² situé à Nantes. Proche de toutes commodités, transports et écoles. À visiter sans tarder.",,,Clé en Main Immo,,,G,,,,,True,True,
f8ab21d5-a4a7-4155-92f5-b67488139c04,AN-VA9R54Y7,REC-JZHFZRQ0,Chalet,Chalet au calme à Nantes,Nantes,44000,1734036010,196688,195,4,,,47.197819,-1.542413,,,,,,2,RDC,"Chalet lumineux de 195 m² situé à Nantes. Cave et parking inclus. Proche de toutes commodités, transports et écoles. À visiter sans tarder.",,,,,,,,,,,True,True,
cfd12d39-43aa-4f5b-aed7-ebbd9abca9d3,AN-Z0W5AOL1,REC-JZHFZRQ0,Chalet,Chalet avec vue dégagée à Nantes,Nantes,44000,1726170670,232367,106,2,False,199 rue de la République,47.253228,-1.525621,,Ahmed Bernard,0452557000,,,5,,"Chalet en excellent état de 106 m² situé à Nantes. Proche de toutes commodités, transports et écoles. À visiter sans tarder.",,,,,,B,,ahmed.bernard83@example.com,,,True,True,
0245a5b1-77ba-4f10-829f-fb441ae5ef2d,AN-YR58HPA7,REC-JZHFZRQ0,Chalet,Chalet rénové à Nantes,Nantes,44000,2025-03-05T07:20:10,124206 €,187,4,,54 allée des Platanes,,,,Marc Faure,,,,1,,"Chalet en excellent état de 187 m² situé à Nantes. Proche de toutes commodités, transports et écoles. À visiter sans tarder. Travaux à prévoir.",,,,False,,,,,,,True,True,
ef787d43-e0ea-40e9-b4e3-d871713a5bee,AN-DDOQNOLE,REC-JZHFZRQ0,Chalet,Chalet en excellent état à Nantes,Nantes,44000,2024-12-14T10:59:10,165331,,2,,176 place de la Mairie,47.250225,-1.510086,,,0853883058,,202.73,3,,"Chalet lumineux de 189 m² situé à Nantes. Proche de toutes commodités, transports et écoles. À visiter sans tarder.",,,,,,,1958,contact20@example.com,189,,True,True,
ed668711-2639-4eee-8a1b-c45e84fa2294,AN-RV7QEM37,REC-JZHFZRQ0,Chalet,Chalet à rafraîchir à Nantes,Nantes,44000,2026-06-18,194623,94,3,,,,,,Sophie Perrin,0830977623,,,5,,"Chalet à rafraîchir de 94 m² situé à Nantes. Proche de toutes commodités, transports et écoles. À visiter sans tarder. Travaux à prévoir.",,,ImmoPlus,,,,,sophie.perrin34@example.com,,,True,True,
98920df6-8ae7-414a-a189-5ef019e982ef,AN-N6HBIH4S,REC-JZHFZRQ0,Chalet,Chalet en excellent état à Nantes,Nantes,44000,1742217130,199534,194,1,True,,,,,Jean Moreau,,,84.89,1,,"Chalet lumineux de 194 m² situé à Nantes. Proche de toutes commodités, transports et écoles. À visiter sans tarder.",,,,,,,,jean.moreau72@example.com,,,True,True,
e62bff17-7dee-474f-8fac-70cd6200ce51,AN-ZF74O07V,REC-JZHFZRQ0,Chalet,Chalet lumineux à Nantes,Nantes,44000,2026-03-19,194472,96,4,,135 rue Pasteur,,,,Jean Fontaine,,,,2,0,"Chalet de standing de 96 m² situé à Nantes. Cave et parking inclus. Proche de toutes commodités, transports et écoles. À visiter sans tarder.",,,,False,,D,,,,,True,True,
19490aeb-a071-4489-98d3-b17821841617,AN-9LFGAAYH,REC-JZHFZRQ0,Chalet,Chalet avec vue dégagée à Nantes,Nantes,44000,2026-04-17T17:22:10,193179,148,2,,91 quai de la Loire,47.260567,-1.566641,,Jean Faure,,,,,,"Chalet au calme de 148 m² situé à Nantes. Proche de toutes commodités, transports et écoles. À visiter sans tarder.",,,Nid Doré,False,,,,,,,True,True,
705a6629-269b-4e87-8e61-25b3d83d3396,AN-XKB640SY,REC-JZHFZRQ0,Chalet,Chalet en excellent état à Nantes,Nantes,44000,2025-09-15,144453,162,5,,160 rue Jean Jaurès,,,,,0278863066,,,3,2,"Chalet charmant de 162 m² situé à Nantes. Proche de toutes commodités, transports et écoles. À visiter sans tarder.",,,Toit & Vous,,,E,,,,,True,,
9baf1bb1-1910-4f8e-84bc-0c7c2a10fc8f,AN-EKBKB2C4,REC-JZHFZRQ0,Chalet,Chalet rénové à Nantes,Nantes,44000,2025-07-13,218737,112,1,,71 rue Victor Hugo,,,,Karim Martin,0299683577,,,,RDC,,,,,,https://exemple-images.test/AN-EKBKB2C4/1.jpg; https://exemple-images.test/AN-EKBKB2C4/2.jpg,A,1893,,,,True,True,
2ef2e09d-eb95-43a0-86c5-435906e74e4f,AN-0QM8WYWX,REC-JZHFZRQ0,Chalet,Chalet lumineux à Nantes,Nantes,44000,09/03/2026,163246 €,203,5,False,91 rue Jean Jaurès,,,,,,,,3,,"Chalet lumineux de 203 m² situé à Nantes. Proche de toutes commodités, transports et écoles. À visiter sans tarder.",,,,,,F,,,,,True,True,
e7d7b16f-bddf-4899-abdd-d92fbb216d02,AN-WQBEWY9H,REC-JZHFZRQ0,Chalet,Chalet en excellent état à Nantes,Nantes,44000,2026-01-13T05:49:10,243635 €,157,2,True,17 rue de la République,47.223228,-1.596907,,,,True,,,,"Chalet en excellent état de 157 m² situé à Nantes. Proche de toutes commodités, transports et écoles. À visiter sans tarder.",,,,,,,,contact4@example.com,,,True,True,
faced4ec-3c03-4e00-a1da-b2f5b20fba91,AN-BWDXKRME,REC-JZHFZRQ0,Chalet,Chalet en excellent état à Nantes,Nantes,44000,2025-09-09,127261,174,1,,60 avenue des Champs,47.227547,-1.551197,,Luc Fontaine,0682917617,,,0,3,,,,,False,https://exemple-images.test/AN-BWDXKRME/1.jpg; https://exemple-images.test/AN-BWDXKRME/2.jpg; https://exemple-images.test/AN-BWDXKRME/3.jpg,,,,,,True,True,
79c2eb16-bef7-42ad-afeb-ca1d565ae011,AN-QY1G8YVM,REC-JZHFZRQ0,Chalet,Chalet à rafraîchir à Nantes,Nantes,44000,09-19-2024,164743 €,195,4,,157 chemin des Vignes,47.214043,-1.58789,,,0605368170,,352.62,,2,"Chalet avec vue dégagée de 195 m² situé à Nantes. Cave et parking inclus. Proche de toutes commodités, transports et écoles. À visiter sans tarder. Travaux à prévoir.",,,Clé en Main Immo,,,C,1977,contact40@example.com,,,True,,
cf1d2ba0-ecf4-4ec2-8f8c-30157b9f082c,AN-7XQZUZKK,REC-JZHFZRQ0,Chalet,Chalet au calme à Nantes,Nantes,44000,03-06-2025,208751 €,110,2,,,47.243314,-1.531585,,,0020439314,,,,dernier étage,"Chalet en excellent état de 110 m² situé à Nantes. Proche de toutes commodités, transports et écoles. À visiter sans tarder.",,,ImmoPlus,,,,1898,,,,True,,
6f5ea50e-e77e-42f9-8006-3048971b8f86,AN-T5ERLRQ2,REC-JZHFZRQ0,Chalet,Chalet de standing à Nantes,Nantes,44000,19 avril 2026,138878,184,3,,,,,,Julie Moreau,0076041290,,,,5,"Chalet en excellent état de 184 m² situé à Nantes. Cave et parking inclus. Proche de toutes commodités, transports et écoles. À visiter sans tarder.",,,Provence Immobilier,True,,,,julie.moreau5@example.com,,,True,True,
070752db-98d1-44c9-9766-e57b4ccaae0d,AN-UE1ERJ91,REC-JZHFZRQ0,Chalet,Chalet rénové à Nantes,Nantes,44000,2025-04-07T01:24:10,125547,193,2,True,,,,,,,True,360.03,,dernier étage,"Chalet au calme de 193 m² situé à Nantes. Proche de toutes commodités, transports et écoles. À visiter sans tarder.",,,,,,,,,,,,True,
20613f8f-283a-4e1b-9eae-6fbbf9175792,AN-EVXLYDGE,REC-JZHFZRQ0,Chalet,Chalet lumineux à Nantes,Nantes,44000,16 juin 2025,153561,127,5,True,13 impasse des Lilas,,,,Julie Lefevre,0014074512,,,1,,"Chalet charmant de 127 m² situé à Nantes. Proche de toutes commodités, transports et écoles. À visiter sans tarder.",,,,False,,D,,,,,True,,
db08a8cb-73a7-400f-afcd-a48e750635f3,AN-YF32M8V0,REC-JZHFZRQ0,Chalet,Chalet au calme à Nantes,Nantes,44000,11/02/2025,134578,198,4,True,164 rue Pasteur,47.223246,-1.549588,,Nadia Bernard,0926745530,,,3,4,"Chalet lumineux de 198 m² situé à Nantes. Proche de toutes commodités, transports et écoles. À visiter sans tarder.",,,,True,https://exemple-images.test/AN-YF32M8V0/1.jpg; https://exemple-images.test/AN-YF32M8V0/2.jpg; https://exemple-images.test/AN-YF32M8V0/3.jpg; https://exemple-images.test/AN-YF32M8V0/4.jpg,,,,,,True,True,
41b7b26d-b0dc-4a89-a5fb-4cdc418205da,AN-WNH2BATE,REC-JZHFZRQ0,Chalet,Chalet charmant à Nantes,Nantes,44000,1778708950,143624 €,114,2,,128 rue de la République,,,,,,,,,,,,,,False,,,,contact6@example.com,,,True,True,
0fc7fd61-71fb-4783-ac1f-53b79ce7e82e,AN-X9MSSE9O,REC-JZHFZRQ0,Chalet,Chalet spacieux à Nantes,Nantes,44000,30/08/2024,239392 €,174,2,,,,,,Claire Fontaine,0101500751,,,0,,,,,,True,,D,,claire.fontaine8@example.com,,,True,True,
9d7f752e-bcb8-4f82-bf4e-097996e606e9,AN-C9UML6M1,REC-JZHFZRQ0,Chalet,Chalet charmant à Nantes,Nantes,44000,1785269110,209276,209,5,,129 rue Jean Jaurès,,,,Marc Girard,0966458080,,,0,,"Chalet au calme de 209 m² situé à Nantes. Proche de toutes commodités, transports et écoles. À visiter sans tarder. Travaux à prévoir.",,,,False,,,1894,marc.girard39@example.com,,,True,,
1f3b4a61-bb2a-4c55-9419-326a6f13f56f,AN-Z8DF05VI,REC-JZHFZRQ0,Chalet,Chalet à rafraîchir à Nantes,Nantes,44000,8 juillet 2026,157289,71,3,True,,47.24213,-1.559995,,Luc Fontaine,,True,,2,,"Chalet de standing de 71 m² situé à Nantes. Cave et parking inclus. Proche de toutes commodités, transports et écoles. À visiter sans tarder.",,,,,,,,,,,True,True,
4cb30b26-c485-4771-a19b-d2c94d602d86,AN-9X01GE5L,REC-JZHFZRQ0,Chalet,Chalet spacieux à Nantes,Nantes,44000,01-06-2026,232728,151,3,,175 rue Victor Hugo,47.213595,-1.564921,,Marc Faure,,,,1,3,"Chalet en excellent état de 151 m² situé à Nantes. Proche de toutes commodités, transports et écoles. À visiter sans tarder.",,,Provence Immobilier,True,https://exemple-images.test/AN-9X01GE5L/1.jpg; https://exemple-images.test/AN-9X01GE5L/2.jpg; https://exemple-images.test/AN-9X01GE5L/3.jpg,,1914,marc.faure1@example.com,,,True,True,
1e5c99d5-59a0-49f6-b491-e0b24905b385,AN-8BZXK8P6,REC-JZHFZRQ0,Chalet,Chalet à rafraîchir à Nantes,Nantes,44000,26 novembre 2025,160194,132,5,True,,,,,,0997129365,,,,,"Chalet avec vue dégagée de 132 m² situé à Nantes. Proche de toutes commodités, transports et écoles. À visiter sans tarder.",,,Century Habitat,True,,,,contact97@example.com,,,,,
a28d2766-bc3c-4ce7-ad46-142398f62851,AN-MYEM71I7,REC-JZHFZRQ0,Chalet,Chalet spacieux à Nantes,Nantes,44000,1778653870,168905,216,5,,161 chemin des Vignes,,,,Sophie Faure,,True,,0,,,,,,,,,,sophie.faure3@example.com,,,,True,
1eb97496-1ac5-478b-bbfe-8780bea66983,AN-P41JNE0C,REC-JZHFZRQ0,Chalet,Chalet en excellent état à Nantes,Nantes,44000,13/01/2026,203772 €,170,5,,16 quai de la Loire,47.243966,-1.582463,,Claire Faure,,,324.61,0,4,"Chalet charmant de 170 m² situé à Nantes. Proche de toutes commodités, transports et écoles. À visiter sans tarder.",,,ImmoPlus,,,,,claire.faure95@example.com,,,True,,
edb5bd39-2f03-4f08-9e80-e5384bbca338,AN-QT22IVRN,REC-JZHFZRQ0,Chalet,Chalet lumineux à Nantes,Nantes,44000,2025-09-30,189341 €,116,5,True,,,,,,0022239798,,,3,,,,,Provence Immobilier,,,,,,,,True,True,
2bf307f1-b6eb-46a1-b60d-8c9364f01040,AN-0OIEHL64,REC-JZHFZRQ0,Chalet,Chalet spacieux à Nantes,Nantes,44000,12-17-2024,190508,161,4,False,,47.251368,-1.52647,,Sophie Fontaine,,,,,1,,,,Toit & Vous,,,,,,,,,True,
c488f56a-d321-41f3-888a-53b673d0901d,AN-3G94YM0D,REC-JZHFZRQ0,Chalet,Chalet atypique à Nantes,Nantes,44000,01-03-2025,245555,,5,,169 rue Pasteur,,,,Karim Roche,0429613773,,,0,RDC,"Chalet lumineux de 135 m² situé à Nantes. Cave et parking inclus. Proche de toutes commodités, transports et écoles. À visiter sans tarder.",,,ImmoPlus,,,G,1891,karim.roche30@example.com,135,,True,True,
5deaa96c-ee72-4b92-8a03-99f0eb1a6dc2,AN-1HMDJGJ6,REC-JZHFZRQ0,Chalet,Chalet charmant à Nantes,Nantes,44000,2024-11-11,201857,125,2,,,47.219414,-1.567593,,Sophie Moreau,0635256064,,,,4,"Chalet à rafraîchir de 125 m² situé à Nantes. Proche de toutes commodités, transports et écoles. À visiter sans tarder. Travaux à prévoir.",,,Nid Doré,,,,,sophie.moreau89@example.com,,,True,True,
38cf2a68-ca1c-4af7-88d4-436c9a9994cd,AN-ZBNTIVO2,REC-JZHFZRQ0,Chalet,Chalet avec vue dégagée à Nantes,Nantes,44000,24/06/2026,185732,102,3,,,47.238817,-1.529068,,Ahmed Faure,0733519259,,,,,,,,Clé en Main Immo,False,,,2000,,,,,True,
9a0d8ce2-91f5-4fbe-8ef6-f371d490c12e,AN-X9VMK8OS,REC-JZHFZRQ0,Chalet,Chalet au calme à Nantes,Nantes,44000,28/11/2025,139793 €,142,3,,102 impasse des Lilas,47.198849,-1.592085,,Nadia Moreau,0101547290,True,294.42,2,,,,,ImmoPlus,,https://exemple-images.test/AN-X9VMK8OS/1.jpg; https://exemple-images.test/AN-X9VMK8OS/2.jpg; https://exemple-images.test/AN-X9VMK8OS/3.jpg,A,,nadia.moreau77@example.com,,,True,,
dc4c9fcf-d3b8-4bd1-9817-4081f88adcce,AN-GZJBAPEA,REC-JZHFZRQ0,Chalet,Chalet spacieux à Nantes,Nantes,44000,1773036010,156559,110,3,False,138 rue Jean Jaurès,47.21193,-1.569141,,Karim Dubois,0015787099,,,,1,"Chalet avec vue dégagée de 110 m² situé à Nantes. Proche de toutes commodités, transports et écoles. À visiter sans tarder.",,,Provence Immobilier,True,,,1903,,,,True,,
8184db4f-c06e-4b09-8d41-25c5e33803c1,AN-022E76Q9,REC-JZHFZRQ0,Chalet,Chalet atypique à Nantes,Nantes,44000,03/06/2026,225445,121,5,False,,47.221293,-1.563008,,,0229556539,,,,,"Chalet en excellent état de 121 m² situé à Nantes. Proche de toutes commodités, transports et écoles. À visiter sans tarder.",,,,False,,F,,contact18@example.com,,,True,True,
6c871d69-ea19-4231-bb5d-660c28a0786a,AN-LCNT063C,REC-JZHFZRQ0,Chalet,Chalet à rafraîchir à Nantes,Nantes,44000,07-19-2026,133852,203,1,False,77 impasse des Lilas,47.26122,-1.561441,,Karim Perrin,,True,,,1,,,,Toit & Vous,,https://exemple-images.test/AN-LCNT063C/1.jpg; https://exemple-images.test/AN-LCNT063C/2.jpg; https://exemple-images.test/AN-LCNT063C/3.jpg; https://exemple-images.test/AN-LCNT063C/4.jpg; https://exemple-images.test/AN-LCNT063C/5.jpg,C,,karim.perrin61@example.com,,,True,True,
f3539792-89a9-46f5-9675-acf9c52cd3c8,AN-HTKFBDIC,REC-JZHFZRQ0,Chalet,Chalet spacieux à Nantes,Nantes,44000,11-04-2024,158081,78,1,,193 place de la Mairie,,,,Luc Fontaine,0027765696,,181.22,5,0,"Chalet spacieux de 78 m² situé à Nantes. Proche de toutes commodités, transports et écoles. À visiter sans tarder.",,,,,https://exemple-images.test/AN-HTKFBDIC/1.jpg; https://exemple-images.test/AN-HTKFBDIC/2.jpg; https://exemple-images.test/AN-HTKFBDIC/3.jpg,,,luc.fontaine86@example.com,,,True,True,
f8f2ed7a-aa66-45e3-bb2d-9817aeb2c927,AN-BVZ1F64D,REC-JZHFZRQ0,Chalet,Chalet atypique à Nantes,Nantes,44000,30 novembre 2024,232254 €,,5,,,47.183374,-1.571925,,Sophie Lefevre,,,,,,"Chalet à rafraîchir de 123 m² situé à Nantes. Proche de toutes commodités, transports et écoles. À visiter sans tarder.",,,,False,https://exemple-images.test/AN-BVZ1F64D/1.jpg; https://exemple-images.test/AN-BVZ1F64D/2.jpg; https://exemple-images.test/AN-BVZ1F64D/3.jpg; https://exemple-images.test/AN-BVZ1F64D/4.jpg,F,,,123,,True,,
6f965ec0-9935-4154-b63b-f9132e01753e,AN-SAP0RUUE,REC-JZHFZRQ0,Chalet,Chalet charmant à Nantes,Nantes,44000,09-18-2025,141110,116,4,,57 rue du Commerce,,,,Marc Faure,0944535996,True,,3,2,"Chalet lumineux de 116 m² situé à Nantes. Cave et parking inclus. Proche de toutes commodités, transports et écoles. À visiter sans tarder.",,,ImmoPlus,,https://exemple-images.test/AN-SAP0RUUE/1.jpg; https://exemple-images.test/AN-SAP0RUUE/2.jpg,,,,,,True,True,
7576f6ca-cad9-46ec-8a72-9368ce3cb75a,AN-94OF6YRX,REC-JZHFZRQ0,Chalet,Chalet à rafraîchir à Nantes,Nantes,44000,2025-10-30T02:32:10,233318,142,2,,,47.213671,-1.576701,,Julie Roche,,,55.55,,,"Chalet au calme de 142 m² situé à Nantes. Cave et parking inclus. Proche de toutes commodités, transports et écoles. À visiter sans tarder.",,,Clé en Main Immo,,,G,,julie.roche16@example.com,,,True,,
dbdde1ee-6612-4ba2-908a-dc64ed70ca5c,AN-XZEVLGQK,REC-JZHFZRQ0,Chalet,Chalet en excellent état à Nantes,Nantes,44000,16/10/2024,144403,199,3,False,91 rue de la République,,,,Ahmed Martin,0145507757,,,4,4,"Chalet spacieux de 199 m² situé à Nantes. Proche de toutes commodités, transports et écoles. À visiter sans tarder.",,,,,https://exemple-images.test/AN-XZEVLGQK/1.jpg; https://exemple-images.test/AN-XZEVLGQK/2.jpg; https://exemple-images.test/AN-XZEVLGQK/3.jpg,,,ahmed.martin53@example.com,,,True,True,
bab300e2-516a-4ced-9312-9d4dac7955f8,AN-R5UZFUEQ,REC-JZHFZRQ0,Chalet,Chalet en excellent état à Nantes,Nantes,44000,2025-04-13T13:36:10,182521,,5,,21 avenue des Champs,47.197001,-1.548413,,Sophie Lefevre,0975638652,,,2,,"Chalet atypique de 84 m² situé à Nantes. Proche de toutes commodités, transports et écoles. À visiter sans tarder. Travaux à prévoir.",,,,,https://exemple-images.test/AN-R5UZFUEQ/1.jpg; https://exemple-images.test/AN-R5UZFUEQ/2.jpg; https://exemple-images.test/AN-R5UZFUEQ/3.jpg,,,sophie.lefevre42@example.com,84,,True,True,
d075497c-7d98-4d13-984d-4d4840a6649a,AN-MC21MOH9,REC-JZHFZRQ0,Chalet,Chalet de standing à Nantes,Nantes,44000,2025-05-30T23:40:10,165616,121,5,True,198 place de la Mairie,47.189205,-1.598111,,,,,,,1,"Chalet à rafraîchir de 121 m² situé à Nantes. Cave et parking inclus. Proche de toutes commodités, transports et écoles. À visiter sans tarder.",,,,,https://exemple-images.test/AN-MC21MOH9/1.jpg; https://exemple-images.test/AN-MC21MOH9/2.jpg; https://exemple-images.test/AN-MC21MOH9/3.jpg; https://exemple-images.test/AN-MC21MOH9/4.jpg,,1887,,,,True,True,
806c5aaf-4cef-43fc-bd48-3329c13473f8,AN-7XPATE1E,REC-JZHFZRQ0,Chalet,Chalet en excellent état à Nantes,Nantes,44000,9 septembre 2025,140403 €,,4,True,59 rue du Commerce,47.260031,-1.563974,,,0179049308,,,4,,"Chalet lumineux de 213 m² situé à Nantes. Cave et parking inclus. Proche de toutes commodités, transports et écoles. À visiter sans tarder.",,,,True,,,,,213,,True,True,
4eca3218-316c-4986-90bd-310baaf26d7f,AN-V0OPRK6S,REC-JZHFZRQ0,Chalet,Chalet en excellent état à Nantes,Nantes,44000,2025-12-16,157823,107,4,False,,,,,Sophie Moreau,0905224538,,,4,dernier étage,"Chalet en excellent état de 107 m² situé à Nantes. Proche de toutes commodités, transports et écoles. À visiter sans tarder. Travaux à prévoir.",,,,,,,,,,,True,,
833ca7c8-c8c0-45cd-8c33-ab86e1fdf4a7,AN-T51HYEU0,REC-JZHFZRQ0,Chalet,Chalet à rafraîchir à Nantes,Nantes,44000,19 février 2025,189380,,3,,,,,,Sophie Moreau,0677497230,,,2,,"Chalet lumineux de 124 m² situé à Nantes. Proche de toutes commodités, transports et écoles. À visiter sans tarder.",,,Toit & Vous,True,https://exemple-images.test/AN-T51HYEU0/1.jpg,C,,,124,,True,True,
864deba5-8a19-4ce6-bc7b-04009fcd99d0,AN-XV2HQLM6,REC-JZHFZRQ0,Chalet,Chalet à rafraîchir à Nantes,Nantes,44000,19/04/2025,207251,,4,,,,,,,0081580684,,,0,0,"Chalet en excellent état de 139 m² situé à Nantes. Proche de toutes commodités, transports et écoles. À visiter sans tarder.",,,,,,G,,,139,,True,True,
9179edee-255e-4bf0-b862-af414065b548,AN-42NOYS5A,REC-JZHFZRQ0,Chalet,Chalet avec vue dégagée à Nantes,Nantes,44000,2026-06-02T11:10:10,124475,105,5,,,47.176903,-1.519501,,,0932983981,,,,0,"Chalet charmant de 105 m² situé à Nantes. Proche de toutes commodités, transports et écoles. À visiter sans tarder.",,,,True,,A,,,,,True,True,
e0d62584-aaf7-40cc-a9c5-e9adfdacde1d,AN-C3L8X96J,REC-JZHFZRQ0,Chalet,Chalet atypique à Nantes,Nantes,44000,1761601450,201746,100,4,True,29 avenue des Champs,,,,Claire Moreau,0331902874,,266.84,0,,"Chalet rénové de 100 m² situé à Nantes. Proche de toutes commodités, transports et écoles. À visiter sans tarder.",,,,,,,,claire.moreau72@example.com,,,True,True,
791bd30b-3c50-48ae-921f-ee220ac1f622,AN-UA5DVNCC,REC-JZHFZRQ0,Chalet,Chalet charmant à Nantes,Nantes,44000,09-26-2025,237687,189,4,,171 rue Victor Hugo,47.252757,-1.533169,,,0791470960,,,,,"Chalet à rafraîchir de 189 m² situé à Nantes. Cave et parking inclus. Proche de toutes commodités, transports et écoles. À visiter sans tarder.",,,,,,,1886,,,,True,True,
ac544d5b-03b7-4a3a-9336-82e052fcdb14,AN-H9GTWXMX,REC-JZHFZRQ0,Chalet,Chalet au calme à Nantes,Nantes,44000,1737281290,141370,113,5,False,126 avenue des Champs,47.178652,-1.522422,,Ahmed Lefevre,0601175019,,,,,"Chalet charmant de 113 m² situé à Nantes. Proche de toutes commodités, transports et écoles. À visiter sans tarder. Travaux à prévoir.",,,,,https://exemple-images.test/AN-H9GTWXMX/1.jpg,,,,,,True,True,
a8a9159a-e701-4590-b275-66ab3e64b504,AN-D79SAR4P,REC-JZHFZRQ0,Chalet,Chalet spacieux à Nantes,Nantes,44000,21/02/2025,181949 €,215,1,,,,,,,0455571633,,,,,"Chalet au calme de 215 m² situé à Nantes. Proche de toutes commodités, transports et écoles. À visiter sans tarder. Travaux à prévoir.",,,,,,,,contact80@example.com,,,,True,
d6d2e6cb-b483-4c4b-bf60-6bb4e90b745b,AN-D7S52ZKW,REC-JZHFZRQ0,Chalet,Chalet atypique à Nantes,Nantes,44000,10 mai 2025,196341,,5,False,151 rue de la République,47.262994,-1.514101,,Luc Perrin,,,,,,"Chalet charmant de 85 m² situé à Nantes. Cave et parking inclus. Proche de toutes commodités, transports et écoles. À visiter sans tarder.",,,Nid Doré,,,E,,,85,,True,True,
5083039a-ee49-46de-86ad-be39cdbe2008,AN-432Z0CXQ,REC-JZHFZRQ0,Chalet,Chalet à rafraîchir à Nantes,Nantes,44000,2025-08-07T22:24:10,184045,89,1,,114 allée des Platanes,47.24546,-1.552361,,Jean Perrin,0684096149,,,,0,,,,,,https://exemple-images.test/AN-432Z0CXQ/1.jpg; https://exemple-images.test/AN-432Z0CXQ/2.jpg; https://exemple-images.test/AN-432Z0CXQ/3.jpg,,1968,jean.perrin86@example.com,,,True,True,
85b69658-3593-4a9c-b9e5-dac328919e4f,AN-C1XGR92O,REC-JZHFZRQ0,Chalet,Chalet de standing à Nantes,Nantes,44000,30/06/2026,230420,199,1,,177 avenue des Champs,,,,Marc Martin,,,276.15,,4,"Chalet charmant de 199 m² situé à Nantes. Cave et parking inclus. Proche de toutes commodités, transports et écoles. À visiter sans tarder.",,,,,,,,,,,True,,
b3941752-475a-4cb6-bf39-81717832b551,AN-YXGHEQX6,REC-JZHFZRQ0,Chalet,Chalet au calme à Nantes,Nantes,44000,1728144070,139524,108,2,False,183 rue Victor Hugo,47.192548,-1.521651,,Marie Moreau,,,329.43,,dernier étage,"Chalet en excellent état de 108 m² situé à Nantes. Proche de toutes commodités, transports et écoles. À visiter sans tarder.",,,,False,https://exemple-images.test/AN-YXGHEQX6/1.jpg,D,1983,marie.moreau70@example.com,,,,True,
130a299b-2f2b-4d0e-80f2-ccfdc941ba91,AN-W39H4S6R,REC-JZHFZRQ0,Chalet,Chalet de standing à Nantes,Nantes,44000,2024-11-25T09:15:10,134244,79,2,,95 allée des Platanes,47.243858,-1.597349,,,0274881429,,,,3,,,,ImmoPlus,,https://exemple-images.test/AN-W39H4S6R/1.jpg,,,,,,True,True,
fea10dd0-45a8-4ecd-8413-e9c17f402607,AN-OZT1I9MQ,REC-JZHFZRQ0,Chalet,Chalet à rafraîchir à Nantes,Nantes,44000,04-04-2026,167718,166,1,,58 rue du Commerce,47.18175,-1.577515,,,,,,,,"Chalet rénové de 166 m² situé à Nantes. Proche de toutes commodités, transports et écoles. À visiter sans tarder.",,,ImmoPlus,False,,,,contact33@example.com,,,True,True,
c1dd3563-3e0c-4be3-8576-d5528ae873a5,AN-SYCSJIXY,REC-JZHFZRQ0,Chalet,Chalet de standing à Nantes,Nantes,44000,20 janvier 2026,214820,173,1,,,47.267226,-1.506131,,Jean Dubois,0529143468,,,,0,,,,,,,D,,,,,True,True,
c72318f8-9791-4817-8d13-83ffd3a4e1db,AN-EIPMJUWI,REC-JZHFZRQ0,Chalet,Chalet atypique à Nantes,Nantes,44000,05-17-2025,148101,141,3,,35 rue Jean Jaurès,,,,,0387600824,True,,2,dernier étage,"Chalet à rafraîchir de 141 m² situé à Nantes. Proche de toutes commodités, transports et écoles. À visiter sans tarder.",,,Century Habitat,,,,,contact73@example.com,,,True,True,
30a8c472-c0ec-4fcf-91cb-3c80c8dd7d4e,AN-Z99SMWQL,REC-JZHFZRQ0,Chalet,Chalet rénové à Nantes,Nantes,44000,2025-07-01T13:48:10,237452,70,4,,,,,,Marie Roche,0049615442,True,,0,5,"Chalet charmant de 70 m² situé à Nantes. Cave et parking inclus. Proche de toutes commodités, transports et écoles. À visiter sans tarder.",,,,,,,,marie.roche37@example.com,,,True,True,
073a5f23-1a4b-4ce9-a577-fc9c7f340f17,AN-CUZR4B5Z,REC-JZHFZRQ0,Chalet,Chalet rénové à Nantes,Nantes,44000,15/11/2024,157783,169,2,,,47.198428,-1.580158,,,,,84.58,3,2,,,,Nid Doré,False,,A,,contact11@example.com,,,True,True,
8d370f4a-12f7-42c7-b42e-c5d7161cc8c7,AN-1O5I4LAK,REC-JZHFZRQ0,Chalet,Chalet en excellent état à Nantes,Nantes,44000,16 novembre 2024,242270,183,2,False,146 allée des Platanes,47.172975,-1.536832,,Marc Bernard,,True,,5,,"Chalet avec vue dégagée de 183 m² situé à Nantes. Proche de toutes commodités, transports et écoles. À visiter sans tarder.",,,,,https://exemple-images.test/AN-1O5I4LAK/1.jpg; https://exemple-images.test/AN-1O5I4LAK/2.jpg; https://exemple-images.test/AN-1O5I4LAK/3.jpg; https://exemple-images.test/AN-1O5I4LAK/4.jpg,,,,,,True,True,
f64fd2f3-910b-43db-9d5b-823926b86d62,AN-GU1YSEHE,REC-JZHFZRQ0,Chalet,Chalet en excellent état à Nantes,Nantes,44000,09/06/2025,173909,190,3,,25 rue Pasteur,,,,Ahmed Martin,0063253981,,,,,"Chalet de standing de 190 m² situé à Nantes. Proche de toutes commodités, transports et écoles. À visiter sans tarder.",,,Clé en Main Immo,,,,,,,,,,
ed5a3f8c-22aa-4725-81c9-35b006a27223,AN-OJ8Z7AYS,REC-JZHFZRQ0,Chalet,Chalet spacieux à Nantes,Nantes,44000,1759651630,186237 €,207,5,,33 rue Pasteur,47.177054,-1.580716,,,0186609764,True,,,5,"Chalet de standing de 207 m² situé à Nantes. Cave et parking inclus. Proche de toutes commodités, transports et écoles. À visiter sans tarder.",,,,,,,,contact20@example.com,,,True,True,
7c25ac2e-c4f4-4b36-8c95-1b3dc932a493,AN-ARRGWJDT,REC-JZHFZRQ0,Chalet,Chalet de standing à Nantes,Nantes,44000,1779081190,202145,157,2,,,47.234736,-1.524563,,Nadia Perrin,0708980441,True,,,,,,,,,,G,,nadia.perrin51@example.com,,,True,True,
5ed6b766-120f-45f5-8662-b52dcf96f8dc,AN-D022LPA4,REC-JZHFZRQ0,Chalet,Chalet atypique à Nantes,Nantes,44000,1782920470,191816,170,5,False,,47.206802,-1.508234,,Claire Roche,,,,0,1,,,,,True,,,,claire.roche57@example.com,,,True,True,
1f9d9951-f712-49bb-8ed9-6a9ee7ed889e,AN-UXQC5RYU,REC-JZHFZRQ0,Chalet,Chalet en excellent état à Nantes,Nantes,44000,9 octobre 2024,220783,163,4,,139 rue Jean Jaurès,47.259717,-1.514159,,Ahmed Girard,0635092246,,,,2,,,,Provence Immobilier,,,E,,ahmed.girard77@example.com,,,True,True,
7782aa11-d8d5-4ca0-a3aa-9352b2ebbd1e,AN-1BZ43MR3,REC-JZHFZRQ0,Chalet,Chalet rénové à Nantes,Nantes,44000,2024-11-06,236579,,2,,28 rue Victor Hugo,47.229441,-1.535729,,,,,,2,1,"Chalet lumineux de 197 m² situé à Nantes. Cave et parking inclus. Proche de toutes commodités, transports et écoles. À visiter sans tarder.",,,,,https://exemple-images.test/AN-1BZ43MR3/1.jpg; https://exemple-images.test/AN-1BZ43MR3/2.jpg; https://exemple-images.test/AN-1BZ43MR3/3.jpg; https://exemple-images.test/AN-1BZ43MR3/4.jpg; https://exemple-images.test/AN-1BZ43MR3/5.jpg,,1909,,197,,True,True,
31c1e93d-edac-4cd6-9355-216c8c9452f0,AN-QMINQX12,REC-JZHFZRQ0,Chalet,Chalet atypique à Nantes,Nantes,44000,11 janvier 2025,208082,143,3,,,,,,,,True,,5,,"Chalet atypique de 143 m² situé à Nantes. Cave et parking inclus. Proche de toutes commodités, transports et écoles. À visiter sans tarder.",,,ImmoPlus,,,D,,,,,True,True,
c92c62df-e9ef-4381-b2ae-9fdf8b7b31fa,AN-10KIU4F1,REC-JZHFZRQ0,Chalet,Chalet de standing à Nantes,Nantes,44000,05-08-2025,132377 €,195,2,,,,,,,,,,,RDC,"Chalet charmant de 195 m² situé à Nantes. Cave et parking inclus. Proche de toutes commodités, transports et écoles. À visiter sans tarder.",,,,,,E,1925,,,,True,,
b512ee77-14da-47bd-acc7-db547087119c,AN-UGHZAQ4F,REC-JZHFZRQ0,Chalet,Chalet charmant à Nantes,Nantes,44000,07-31-2026,232743,119,5,False,198 avenue des Champs,,,,Luc Moreau,0017476507,,,,,"Chalet charmant de 119 m² situé à Nantes. Cave et parking inclus. Proche de toutes commodités, transports et écoles. À visiter sans tarder.",,,Nid Doré,True,https://exemple-images.test/AN-UGHZAQ4F/1.jpg,E,,luc.moreau69@example.com,,,True,True,
b741cedc-b1a8-4bd1-b9b8-a1fae8fe69ad,AN-7BRMM4JJ,REC-JZHFZRQ0,Chalet,Chalet au calme à Nantes,Nantes,44000,18 février 2026,132752 €,193,3,,,,,,Jean Dubois,0204528888,,,,2,,,,,,,,2022,jean.dubois57@example.com,,,,True,
746c3fea-e465-4f95-aa2b-10adf697a965,AN-0R91NE5Z,REC-JZHFZRQ0,Chalet,Chalet rénové à Nantes,Nantes,44000,25/08/2024,185782,92,2,,,,,,,0841762248,,,,,,,,Century Habitat,,https://exemple-images.test/AN-0R91NE5Z/1.jpg,F,1869,,,,True,True,
64d5b9fc-0705-414e-90dc-149762f4a613,AN-KREXQ5SJ,REC-JZHFZRQ0,Chalet,Chalet rénové à Nantes,Nantes,44000,16/10/2025,164525,157,5,True,,47.213206,-1.566826,,,,,,5,2,"Chalet rénové de 157 m² situé à Nantes. Cave et parking inclus. Proche de toutes commodités, transports et écoles. À visiter sans tarder.",,,ImmoPlus,,,,1957,,,,True,True,
556b83ea-fb60-441b-8008-be64a024b754,AN-D3I5J1GL,REC-JZHFZRQ0,Chalet,Chalet spacieux à Nantes,Nantes,44000,31/10/2024,177795,202,2,,,47.183898,-1.587972,,,,,,,dernier étage,"Chalet avec vue dégagée de 202 m² situé à Nantes. Proche de toutes commodités, transports et écoles. À visiter sans tarder.",,,,False,https://exemple-images.test/AN-D3I5J1GL/1.jpg; https://exemple-images.test/AN-D3I5J1GL/2.jpg; https://exemple-images.test/AN-D3I5J1GL/3.jpg,,,contact33@example.com,,,True,True,
abd293ed-1e85-4af3-bb17-5ee018a835e0,AN-8X6T0EDP,REC-JZHFZRQ0,Chalet,Chalet atypique à Nantes,Nantes,44000,11 mai 2025,133747,109,3,,,,,,Karim Perrin,,,138.23,2,,"Chalet atypique de 109 m² situé à Nantes. Proche de toutes commodités, transports et écoles. À visiter sans tarder.",,,,,,A,,,,,True,True,
428ee9fe-d324-4238-bf5a-b25a47049000,AN-KN8GLZ3Y,REC-JZHFZRQ0,Chalet,Chalet charmant à Nantes,Nantes,44000,07/06/2026,147392,79,5,False,118 avenue des Champs,47.218541,-1.571077,,Marc Girard,0920623811,,,4,,"Chalet rénové de 79 m² situé à Nantes. Proche de toutes commodités, transports et écoles. À visiter sans tarder.",,,,,https://exemple-images.test/AN-KN8GLZ3Y/1.jpg; https://exemple-images.test/AN-KN8GLZ3Y/2.jpg; https://exemple-images.test/AN-KN8GLZ3Y/3.jpg,,1981,,,,True,,
3337c8ce-92f1-40b4-95ff-1e57bfbed8ee,AN-12PG89B2,REC-JZHFZRQ0,Chalet,Chalet charmant à Nantes,Nantes,44000,2026-01-03,218038,,2,False,34 rue du Commerce,47.219999,-1.560808,,,0917849445,,,3,,"Chalet charmant de 70 m² situé à Nantes. Cave et parking inclus. Proche de toutes commodités, transports et écoles. À visiter sans tarder.",,,Clé en Main Immo,True,,,,,70,,True,True,
e5d309d4-47d8-4874-abf8-33b924895264,AN-GX9Q3X0R,REC-JZHFZRQ0,Chalet,Chalet à rafraîchir à Nantes,Nantes,44000,2026-05-19,235639,141,2,,69 rue du Commerce,,,,Ahmed Perrin,0915919933,,,,0,,,,,,,E,,,,,True,True,
e77673ed-1f1e-41c3-aba7-9c9bb88eac6e,AN-ROZYXFQY,REC-JZHFZRQ0,Chalet,Chalet rénové à Nantes,Nantes,44000,24/12/2025,246421,133,4,,21 chemin des Vignes,47.184604,-1.571007,,,,True,,,1,,,,Century Habitat,,,,1928,contact74@example.com,,,True,,
7f43e978-a4a3-48b7-9def-ba2c87cdcf15,AN-J8E6VUE1,REC-JZHFZRQ0,Chalet,Chalet rénové à Nantes,Nantes,44000,2024-10-16,241464,201,4,False,,,,,,0036742629,,,1,,"Chalet charmant de 201 m² situé à Nantes. Cave et parking inclus. Proche de toutes commodités, transports et écoles. À visiter sans tarder.",,,,,,,,,,,True,True,
61ac3d2f-d758-4ff4-a394-b1e2449032ca,AN-579S9GXV,REC-JZHFZRQ0,Chalet,Chalet charmant à Nantes,Nantes,44000,2025-11-03,240589,133,5,False,,,,,,0386751370,,,,,"Chalet au calme de 133 m² situé à Nantes. Proche de toutes commodités, transports et écoles. À visiter sans tarder. Travaux à prévoir.",,,Provence Immobilier,False,,,,contact72@example.com,,,,True,
62609d57-ac8b-4aaf-8436-5014b9c72290,AN-BEQN5KQL,REC-JZHFZRQ0,Chalet,Chalet atypique à Nantes,Nantes,44000,1777550530,180579,83,1,True,187 rue du Commerce,,,,,0116853715,,,5,,"Chalet charmant de 83 m² situé à Nantes. Cave et parking inclus. Proche de toutes commodités, transports et écoles. À visiter sans tarder.",,,Toit & Vous,False,,,,,,,True,True,
3a3aafd6-c22e-4d4a-8100-7e3c7d91a8b0,AN-KQG7Q8J8,REC-JZHFZRQ0,Chalet,Chalet atypique à Nantes,Nantes,44000,26 juin 2025,154128,71,5,True,141 chemin des Vignes,47.184783,-1.524425,,,0421660442,,,3,,"Chalet avec vue dégagée de 71 m² situé à Nantes. Proche de toutes commodités, transports et écoles. À visiter sans tarder.",,,,,https://exemple-images.test/AN-KQG7Q8J8/1.jpg; https://exemple-images.test/AN-KQG7Q8J8/2.jpg,,,,,,,True,
e7e47414-e36c-4b04-937a-eebfb966d6d2,AN-WAL8X7U4,REC-JZHFZRQ0,Chalet,Chalet au calme à Nantes,Nantes,44000,04/02/2025,242130,93,2,,,,,,Luc Dubois,0159348568,,,3,,"Chalet au calme de 93 m² situé à Nantes. Proche de toutes commodités, transports et écoles. À visiter sans tarder. Travaux à prévoir.",,,,,,B,,luc.dubois54@example.com,,,,True,
6fb963ab-0473-495d-88b4-ee30d62a16f6,AN-Z7YCA2DN,REC-JZHFZRQ0,Chalet,Chalet charmant à Nantes,Nantes,44000,1781224450,125043,183,1,,90 boulevard Gambetta,47.178662,-1.57095,,,0629274326,,,0,,"Chalet de standing de 183 m² situé à Nantes. Cave et parking inclus. Proche de toutes commodités, transports et écoles. À visiter sans tarder.",,,,,,G,,,,,True,True,
ac3b6b37-f728-46bc-8693-efbcd0b70a3d,AN-1FQYLA3K,REC-JZHFZRQ0,Chalet,Chalet atypique à Nantes,Nantes,44000,1774755730,242224 €,198,1,False,,,,,,0954637378,,,3,,"Chalet à rafraîchir de 198 m² situé à Nantes. Proche de toutes commodités, transports et écoles. À visiter sans tarder. Travaux à prévoir.",,,,,,D,1875,contact50@example.com,,,True,True,
cc67cbac-53da-4127-8d6e-6ad984fad186,AN-8JOXJYJV,REC-JZHFZRQ0,Chalet,Chalet avec vue dégagée à Nantes,Nantes,44000,06-02-2025,139624,117,2,True,,47.180879,-1.535998,,Nadia Girard,0057643476,,,,1,"Chalet avec vue dégagée de 117 m² situé à Nantes. Cave et parking inclus. Proche de toutes commodités, transports et écoles. À visiter sans tarder.",,,ImmoPlus,True,,A,,,,,True,True,
df103ced-e09a-4277-8ea6-630532a63b2a,AN-C3C2XF6P,REC-JZHFZRQ0,Chalet,Chalet rénové à Nantes,Nantes,44000,04-12-2026,146442,202,1,True,,,,,Julie Roche,,,,5,RDC,"Chalet au calme de 202 m² situé à Nantes. Proche de toutes commodités, transports et écoles. À visiter sans tarder. Travaux à prévoir.",,,Clé en Main Immo,True,https://exemple-images.test/AN-C3C2XF6P/1.jpg; https://exemple-images.test/AN-C3C2XF6P/2.jpg,,1861,,,,True,True,
21d726c3-41b7-4ed9-9f1d-decb41f5cbff,AN-DIF9J166,REC-JZHFZRQ0,Chalet,Chalet à rafraîchir à Nantes,Nantes,44000,2024-11-17,207639 €,219,2,True,90 boulevard Gambetta,,,,Jean Dubois,0846788804,,,1,,,,,,,https://exemple-images.test/AN-DIF9J166/1.jpg,A,,jean.dubois47@example.com,,,True,,
fc30df7f-ac33-497b-8bd0-7472559dc3e6,AN-YS5149NK,REC-JZHFZRQ0,Chalet,Chalet en excellent état à Nantes,Nantes,44000,2026-01-22,146443,,4,,163 rue du Commerce,47.18564,-1.528366,,Jean Faure,0313793350,True,90.15,,0,"Chalet spacieux de 189 m² situé à Nantes. Proche de toutes commodités, transports et écoles. À visiter sans tarder.",,,Nid Doré,,,B,,jean.faure13@example.com,189,,True,True,
35b64571-dee9-4e9d-9ab5-f5ebfc66c480,AN-IMZ92FP9,REC-JZHFZRQ0,Chalet,Chalet atypique à Nantes,Nantes,44000,10-09-2024,178367,164,1,,,,,,,0023789260,,,,,"Chalet rénové de 164 m² situé à Nantes. Proche de toutes commodités, transports et écoles. À visiter sans tarder. Travaux à prévoir.",,,Nid Doré,,https://exemple-images.test/AN-IMZ92FP9/1.jpg; https://exemple-images.test/AN-IMZ92FP9/2.jpg; https://exemple-images.test/AN-IMZ92FP9/3.jpg,,1915,contact42@example.com,,,True,True,
0eaa7f83-5e6b-42b1-8fff-c58884bb059d,AN-MLHK0M9K,REC-JZHFZRQ0,Chalet,Chalet au calme à Nantes,Nantes,44000,21 septembre 2025,179989,102,1,,,,,,,0499558099,,,,,"Chalet atypique de 102 m² situé à Nantes. Proche de toutes commodités, transports et écoles. À visiter sans tarder. Travaux à prévoir.",,,,True,,,1870,,,,True,,
4e53f9a0-2c60-4222-89a1-50c4028e6609,AN-MCATWSJ3,REC-JZHFZRQ0,Chalet,Chalet spacieux à Nantes,Nantes,44000,2025-02-26,144111,,3,True,9 impasse des Lilas,,,,Ahmed Moreau,,,,4,1,"Chalet atypique de 218 m² situé à Nantes. Proche de toutes commodités, transports et écoles. À visiter sans tarder. Travaux à prévoir.",,,,,,C,1962,,218,,True,True,
dc5a8480-284f-463c-aaea-4a585dac0a5d,AN-T4RFPAYA,REC-JZHFZRQ0,Chalet,Chalet atypique à Nantes,Nantes,44000,15/01/2025,125279,183,4,,,,,,Claire Roche,0474167894,,,2,,"Chalet avec vue dégagée de 183 m² situé à Nantes. Cave et parking inclus. Proche de toutes commodités, transports et écoles. À visiter sans tarder.",,,ImmoPlus,True,,,,,,,True,True,
f7b7da81-95d1-4bf5-98f5-726bf6dcf428,AN-LBEGLZ8Z,REC-JZHFZRQ0,Chalet,Chalet de standing à Nantes,Nantes,44000,2025-03-15T00:25:10,159182,201,5,,,,,,Karim Perrin,0994914504,,260.47,,,"Chalet atypique de 201 m² situé à Nantes. Proche de toutes commodités, transports et écoles. À visiter sans tarder.",,,,True,,,,,,,True,True,
dfaa964f-3b80-4d84-aaf7-16a60c61cb08,AN-FX7XFVIS,REC-JZHFZRQ0,Chalet,Chalet en excellent état à Nantes,Nantes,44000,31/03/2025,230122,141,2,False,,47.235652,-1.57631,,Claire Girard,,,,,,"Chalet lumineux de 141 m² situé à Nantes. Proche de toutes commodités, transports et écoles. À visiter sans tarder.",,,Clé en Main Immo,,https://exemple-images.test/AN-FX7XFVIS/1.jpg; https://exemple-images.test/AN-FX7XFVIS/2.jpg; https://exemple-images.test/AN-FX7XFVIS/3.jpg; https://exemple-images.test/AN-FX7XFVIS/4.jpg,,,,,,True,True,
9f7e0938-7afd-442c-b4f0-41ad4a0b0841,AN-A8QSPRWK,REC-JZHFZRQ0,Chalet,Chalet en excellent état à Nantes,Nantes,44000,17/07/2025,149753,213,5,,,47.176759,-1.573916,,,,,,5,1,,,,,True,,,,,,,True,,
563c682c-384d-44ac-b653-aa93843fb615,AN-81NTTVA6,REC-JZHFZRQ0,Chalet,Chalet spacieux à Nantes,Nantes,44000,12 octobre 2025,209850,91,5,False,,47.264414,-1.537076,,,0472318514,,,0,,"Chalet avec vue dégagée de 91 m² situé à Nantes. Cave et parking inclus. Proche de toutes commodités, transports et écoles. À visiter sans tarder.",,,,,https://exemple-images.test/AN-81NTTVA6/1.jpg; https://exemple-images.test/AN-81NTTVA6/2.jpg; https://exemple-images.test/AN-81NTTVA6/3.jpg; https://exemple-images.test/AN-81NTTVA6/4.jpg; https://exemple-images.test/AN-81NTTVA6/5.jpg,,,contact52@example.com,,,,True,
e2d03930-09c7-4833-9154-b116259bd2fa,AN-PM8IL0UI,REC-JZHFZRQ0,Chalet,Chalet rénové à Nantes,Nantes,44000,2026-08-09T11:10:10,229601,93,1,,189 rue Pasteur,47.179571,-1.574157,,,0604057070,,,,,"Chalet atypique de 93 m² situé à Nantes. Proche de toutes commodités, transports et écoles. À visiter sans tarder.",,,Toit & Vous,False,,,1898,,,,True,True,
4abdb365-0fc4-4b5f-996f-17cfd5222edc,AN-IWAH7R4K,REC-JZHFZRQ0,Chalet,Chalet charmant à Nantes,Nantes,44000,1757573470,239179,172,3,,35 rue Pasteur,47.264043,-1.556807,,Sophie Dubois,,,301.42,2,,"Chalet spacieux de 172 m² situé à Nantes. Proche de toutes commodités, transports et écoles. À visiter sans tarder.",,,Provence Immobilier,,,F,,sophie.dubois38@example.com,,,True,True,
06492ae4-acea-4b4c-a551-654a58790395,AN-RB49Q2I8,REC-JZHFZRQ0,Chalet,Chalet avec vue dégagée à Nantes,Nantes,44000,1760656750,203164,106,1,,,,,,,,,,,,,,,Provence Immobilier,,https://exemple-images.test/AN-RB49Q2I8/1.jpg; https://exemple-images.test/AN-RB49Q2I8/2.jpg; https://exemple-images.test/AN-RB49Q2I8/3.jpg; https://exemple-images.test/AN-RB49Q2I8/4.jpg,G,1889,contact89@example.com,,,,True,
1d75a4d2-0d07-4807-9c11-7ba8ead08d13,AN-K0TCUGEB,REC-JZHFZRQ0,Chalet,Chalet en excellent état à Nantes,Nantes,44000,2026-03-23T06:01:10,239996,168,3,,,47.219935,-1.530781,,Nadia Perrin,0761904235,,,4,,,,,,,,,,,,,True,True,
a95658fc-cf84-4d5c-bc99-5a986a85bd0c,AN-Q150G8D5,REC-JZHFZRQ0,Chalet,Chalet rénové à Nantes,Nantes,44000,03-05-2025,195195,,1,True,10 rue du Commerce,,,,Julie Faure,0159986448,,,,,"Chalet rénové de 139 m² situé à Nantes. Proche de toutes commodités, transports et écoles. À visiter sans tarder.",,,Century Habitat,True,,A,,,139,,,True,
749d3f81-770e-4182-9a44-534750b04703,AN-UGJE8U85,REC-JZHFZRQ0,Chalet,Chalet en excellent état à Nantes,Nantes,44000,01-15-2025,188477,74,1,,,47.175061,-1.532189,,Julie Roche,0794146819,,118.87,0,,"Chalet charmant de 74 m² situé à Nantes. Proche de toutes commodités, transports et écoles. À visiter sans tarder.",,,ImmoPlus,False,https://exemple-images.test/AN-UGJE8U85/1.jpg; https://exemple-images.test/AN-UGJE8U85/2.jpg; https://exemple-images.test/AN-UGJE8U85/3.jpg; https://exemple-images.test/AN-UGJE8U85/4.jpg; https://exemple-images.test/AN-UGJE8U85/5.jpg,E,,,,,True,,
8cd4cec1-db27-47dd-b039-3c66634f29e1,AN-7DFKAJJJ,REC-JZHFZRQ0,Chalet,Chalet rénové à Nantes,Nantes,44000,2026-04-10T04:47:10,133881,,3,,162 quai de la Loire,,,,Marie Dubois,,True,,4,,"Chalet charmant de 89 m² situé à Nantes. Proche de toutes commodités, transports et écoles. À visiter sans tarder.",,,,,,,,,89,,True,True,
e483e575-66df-4f47-906f-bb6f086a4838,AN-0V28UB3Z,REC-JZHFZRQ0,Chalet,Chalet lumineux à Nantes,Nantes,44000,15/01/2026,146225,154,4,,175 rue Victor Hugo,47.261008,-1.539903,,,0655641436,,,,,"Chalet charmant de 154 m² situé à Nantes. Proche de toutes commodités, transports et écoles. À visiter sans tarder. Travaux à prévoir.",,,,True,,,,,,,True,True,
fe393d80-3984-4c54-b1e1-245f5fc7bfba,AN-NYQWVP9H,REC-JZHFZRQ0,Chalet,Chalet de standing à Nantes,Nantes,44000,05-01-2025,156533,,4,,190 rue Jean Jaurès,47.267468,-1.557175,,Nadia Dubois,0704430076,,,,dernier étage,"Chalet rénové de 129 m² situé à Nantes. Proche de toutes commodités, transports et écoles. À visiter sans tarder.",,,,,,,,nadia.dubois20@example.com,129,,True,True,
9b2bbae2-a925-4b28-868b-c78318b2c0a3,AN-6DHHE3EV,REC-JZHFZRQ0,Chalet,Chalet lumineux à Nantes,Nantes,44000,2025-02-11T00:58:10,186277,140,3,,52 avenue des Champs,47.244004,-1.592311,,,0811520744,,236.93,5,RDC,"Chalet spacieux de 140 m² situé à Nantes. Proche de toutes commodités, transports et écoles. À visiter sans tarder.",,,Provence Immobilier,,https://exemple-images.test/AN-6DHHE3EV/1.jpg; https://exemple-images.test/AN-6DHHE3EV/2.jpg; https://exemple-images.test/AN-6DHHE3EV/3.jpg,,1949,,,,True,True,
35e58a05-9c8c-4fba-914e-74061555ef23,AN-LANDT4YR,REC-JZHFZRQ0,Chalet,Chalet lumineux à Nantes,Nantes,44000,27/06/2025,170044,164,2,,105 boulevard Gambetta,47.231614,-1.556435,,Claire Lefevre,0660193874,,,,5,"Chalet à rafraîchir de 164 m² situé à Nantes. Proche de toutes commodités, transports et écoles. À visiter sans tarder.",,,,,,F,,claire.lefevre88@example.com,,,True,True,
a67e7692-2999-46ae-903b-3d435fda551d,AN-M92X4GPV,REC-JZHFZRQ0,Chalet,Chalet en excellent état à Nantes,Nantes,44000,19/04/2026,206750,109,4,,6 boulevard Gambetta,,,,,0488339909,,,4,dernier étage,"Chalet à rafraîchir de 109 m² situé à Nantes. Proche de toutes commodités, transports et écoles. À visiter sans tarder.",,,,False,https://exemple-images.test/AN-M92X4GPV/1.jpg; https://exemple-images.test/AN-M92X4GPV/2.jpg,E,,,,,True,True,
696364a5-3dc6-46b8-bb7a-b771810543fa,AN-I9Y0TBC9,REC-JZHFZRQ0,Chalet,Chalet lumineux à Nantes,Nantes,44000,14/11/2024,124703,203,1,,103 rue du Commerce,,,,Marie Dubois,0920183634,,,4,,"Chalet avec vue dégagée de 203 m² situé à Nantes. Cave et parking inclus. Proche de toutes commodités, transports et écoles. À visiter sans tarder.",,,Century Habitat,,,G,,,,,True,True,
098aa850-f688-49b9-8f95-da2de6473090,AN-9B9NUS1G,REC-JZHFZRQ0,Chalet,Chalet atypique à Nantes,Nantes,44000,29/09/2025,148365,190,4,,38 rue du Commerce,,,,Ahmed Fontaine,0893109059,,300.72,,4,,,,Nid Doré,False,,G,,ahmed.fontaine98@example.com,,,,True,
6c6f8cfe-b98a-43e6-b5fa-21f7b1bc2ee6,AN-KOQJV9BD,REC-JZHFZRQ0,Chalet,Chalet spacieux à Nantes,Nantes,44000,24 septembre 2024,188737,146,5,,148 chemin des Vignes,47.21939,-1.55551,,,0930518806,,,,,"Chalet au calme de 146 m² situé à Nantes. Cave et parking inclus. Proche de toutes commodités, transports et écoles. À visiter sans tarder.",,,,,,,,contact4@example.com,,,True,,
3365f98d-2baf-4b7f-9102-3d421501e609,AN-46ENQ29I,REC-JZHFZRQ0,Chalet,Chalet à rafraîchir à Nantes,Nantes,44000,1781240650,151363,97,3,,39 rue Pasteur,,,,,0226963067,,,1,,"Chalet charmant de 97 m² situé à Nantes. Cave et parking inclus. Proche de toutes commodités, transports et écoles. À visiter sans tarder.",,,,False,,E,,,,,True,True,
895262dc-d1b9-49c3-9c3d-fab831bdbedf,AN-W200Q33P,REC-JZHFZRQ0,Chalet,Chalet lumineux à Nantes,Nantes,44000,14 février 2026,208018,149,4,True,48 allée des Platanes,47.217052,-1.535753,,Julie Roche,0390056347,,,1,,"Chalet à rafraîchir de 149 m² situé à Nantes. Cave et parking inclus. Proche de toutes commodités, transports et écoles. À visiter sans tarder.",,,,True,,,,,,,True,True,
0b1f2bfb-474f-4c5e-ac3e-5ed2a8282fb6,AN-H06BVSRA,REC-JZHFZRQ0,Chalet,Chalet avec vue dégagée à Nantes,Nantes,44000,2024-12-01,181252,,5,True,,,,,Ahmed Fontaine,,,,5,,"Chalet charmant de 74 m² situé à Nantes. Proche de toutes commodités, transports et écoles. À visiter sans tarder.",,,,False,,,,ahmed.fontaine43@example.com,74,,,,
28b9b873-b400-4661-8204-a64ee126de68,AN-KIL1Q4E4,REC-JZHFZRQ0,Chalet,Chalet avec vue dégagée à Nantes,Nantes,44000,2025-01-13T04:49:10,198133,122,3,,181 impasse des Lilas,,,,Nadia Bernard,,,,5,,"Chalet rénové de 122 m² situé à Nantes. Proche de toutes commodités, transports et écoles. À visiter sans tarder.",,,,,,D,1976,,,,True,True,
23a8fb29-6e44-410c-9144-c85f56498a11,AN-XAQ9VYF9,REC-JZHFZRQ0,Chalet,Chalet à rafraîchir à Nantes,Nantes,44000,10 septembre 2024,124982,127,1,,,47.182673,-1.519331,,Karim Roche,0677536172,True,,,,"Chalet atypique de 127 m² situé à Nantes. Proche de toutes commodités, transports et écoles. À visiter sans tarder.",,,,,,,,karim.roche30@example.com,,,True,True,
cf5dcf7b-b639-43c9-8652-5ff6844eb8a4,AN-Y31LSYRP,REC-JZHFZRQ0,Chalet,Chalet avec vue dégagée à Nantes,Nantes,44000,05-09-2025,194274,88,1,,181 impasse des Lilas,,,,Ahmed Roche,0880123568,,,2,0,"Chalet lumineux de 88 m² situé à Nantes. Cave et parking inclus. Proche de toutes commodités, transports et écoles. À visiter sans tarder.",,,,False,,,,ahmed.roche96@example.com,,,True,,
c6f295df-7c12-4cc3-810a-93543f2ce5d0,AN-HCGDOQSC,REC-JZHFZRQ0,Chalet,Chalet spacieux à Nantes,Nantes,44000,2024-10-28,135403,,1,,108 rue de la République,47.24917,-1.574888,,Claire Martin,0678104151,,262.67,4,RDC,"Chalet au calme de 135 m² situé à Nantes. Proche de toutes commodités, transports et écoles. À visiter sans tarder.",,,,,,,1858,claire.martin56@example.com,135,,True,True,
d71b1369-d44e-43af-a8b3-d067c37a7c09,AN-53WPKKVN,REC-JZHFZRQ0,Chalet,Chalet à rafraîchir à Nantes,Nantes,44000,1746405250,216985,194,5,False,,47.233262,-1.575863,,Marc Roche,,,,3,5,,,,Century Habitat,,https://exemple-images.test/AN-53WPKKVN/1.jpg; https://exemple-images.test/AN-53WPKKVN/2.jpg,,,,,,True,True,
7475a759-8b37-422d-a5d7-d6e074472610,AN-3D5KKHCE,REC-JZHFZRQ0,Chalet,Chalet avec vue dégagée à Nantes,Nantes,44000,10-09-2024,220943,123,2,,,47.240772,-1.600972,,Claire Roche,0037614316,True,395.16,0,dernier étage,,,,Nid Doré,,,,,,,,,True,
f2f92d27-8653-4a7f-b4b0-f8edd835f2d4,AN-EYUQOQI6,REC-JZHFZRQ0,Chalet,Chalet spacieux à Nantes,Nantes,44000,1734228310,224570,194,2,,42 rue Jean Jaurès,47.249162,-1.555051,,Marc Fontaine,0160189939,,,,dernier étage,,,,,False,https://exemple-images.test/AN-EYUQOQI6/1.jpg; https://exemple-images.test/AN-EYUQOQI6/2.jpg; https://exemple-images.test/AN-EYUQOQI6/3.jpg,A,,marc.fontaine28@example.com,,,,True,
141dbc77-af95-4bfe-959e-334c54a11079,AN-BKJVXOQT,REC-JZHFZRQ0,Chalet,Chalet à rafraîchir à Nantes,Nantes,44000,2025-06-22T14:44:10,156060,155,5,,101 avenue des Champs,,,,,0345505470,True,,0,,"Chalet à rafraîchir de 155 m² situé à Nantes. Cave et parking inclus. Proche de toutes commodités, transports et écoles. À visiter sans tarder.",,,,,,G,1972,,,,True,True,
25547db3-413f-4e19-bf76-b833e3b81db7,AN-XI70F1LX,REC-JZHFZRQ0,Chalet,Chalet de standing à Nantes,Nantes,44000,1781405530,222238,144,4,,,47.258977,-1.535872,,,0455117319,,,4,,"Chalet lumineux de 144 m² situé à Nantes. Proche de toutes commodités, transports et écoles. À visiter sans tarder.",,,Toit & Vous,False,,,,,,,,True,
4f146f47-9d12-4ebd-bde1-76680c762484,AN-9ILD7JVB,REC-JZHFZRQ0,Chalet,Chalet atypique à Nantes,Nantes,44000,24 janvier 2025,174450 €,123,5,,22 boulevard Gambetta,,,,Nadia Lefevre,0021146760,,,,,"Chalet charmant de 123 m² situé à Nantes. Proche de toutes commodités, transports et écoles. À visiter sans tarder. Travaux à prévoir.",,,Clé en Main Immo,False,,,1884,,,,True,True,
8b60ee62-83ee-4582-a15e-75db7340906b,AN-S5KSUH5Y,REC-JZHFZRQ0,Chalet,Chalet charmant à Nantes,Nantes,44000,07-03-2026,197223,,5,False,149 impasse des Lilas,47.236277,-1.58829,,,0867952757,,,3,,"Chalet rénové de 105 m² situé à Nantes. Proche de toutes commodités, transports et écoles. À visiter sans tarder.",,,,True,,,,contact64@example.com,105,,True,,
0f0c1ad2-6435-42e6-81f5-bbd73da82d63,AN-QOUOI87D,REC-JZHFZRQ0,Chalet,Chalet au calme à Nantes,Nantes,44000,1784302150,213875,86,2,True,67 allée des Platanes,,,,,,,,3,0,"Chalet à rafraîchir de 86 m² situé à Nantes. Proche de toutes commodités, transports et écoles. À visiter sans tarder.",,,Nid Doré,False,https://exemple-images.test/AN-QOUOI87D/1.jpg; https://exemple-images.test/AN-QOUOI87D/2.jpg; https://exemple-images.test/AN-QOUOI87D/3.jpg,,,contact18@example.com,,,True,True,
7aadef5a-fe81-49be-98d0-c6225a816b3d,AN-R0YX2EQ4,REC-JZHFZRQ0,Chalet,Chalet en excellent état à Nantes,Nantes,44000,04-06-2025,164284,144,1,,143 allée des Platanes,,,,Sophie Girard,0182113007,,,,,"Chalet au calme de 144 m² situé à Nantes. Proche de toutes commodités, transports et écoles. À visiter sans tarder. Travaux à prévoir.",,,,True,https://exemple-images.test/AN-R0YX2EQ4/1.jpg,,,sophie.girard13@example.com,,,True,True,
37a90028-9e63-4059-9f5c-01a28c4cf2bb,AN-HOVJULOD,REC-JZHFZRQ0,Chalet,Chalet de standing à Nantes,Nantes,44000,14 juillet 2026,241585,175,4,False,,,,,,0558707950,,,5,,"Chalet spacieux de 175 m² situé à Nantes. Proche de toutes commodités, transports et écoles. À visiter sans tarder.",,,,False,,,2022,contact6@example.com,,,True,True,
5079f280-8e8c-4777-bff4-1b78e63a1160,AN-DB0W1RYR,REC-JZHFZRQ0,Chalet,Chalet spacieux à Nantes,Nantes,44000,2026-04-30T08:51:10,194370,215,1,,29 rue de la République,47.232868,-1.511252,,Marc Lefevre,0737405498,,,4,RDC,"Chalet en excellent état de 215 m² situé à Nantes. Proche de toutes commodités, transports et écoles. À visiter sans tarder. Travaux à prévoir.",,,Toit & Vous,,,,1918,,,,True,True,
aa2a5a44-584b-4457-b36b-ad91f9566ee5,AN-CDNDMQPU,REC-JZHFZRQ0,Chalet,Chalet rénové à Nantes,Nantes,44000,2026-01-07T01:32:10,202813,88,4,True,121 allée des Platanes,,,,,0360275247,,365.47,,,,,,Provence Immobilier,True,,A,2017,contact72@example.com,,,True,True,
d03f8965-bfaf-4315-a048-9f6a0f8e4789,AN-ZWORH0HB,REC-JZHFZRQ0,Chalet,Chalet avec vue dégagée à Nantes,Nantes,44000,1751222470,173079 €,174,5,True,,,,,Ahmed Bernard,0765998369,,,,,"Chalet au calme de 174 m² situé à Nantes. Proche de toutes commodités, transports et écoles. À visiter sans tarder.",,,Toit & Vous,,,,1878,,,,True,True,
6d6ee763-1923-490d-a159-d58a91e18a37,AN-DSGVG7UV,REC-JZHFZRQ0,Chalet,Chalet charmant à Nantes,Nantes,44000,08/01/2025,124649,155,2,,56 rue de la République,47.181329,-1.524888,,,0226432304,,238.0,4,RDC,"Chalet lumineux de 155 m² situé à Nantes. Cave et parking inclus. Proche de toutes commodités, transports et écoles. À visiter sans tarder.",,,,,https://exemple-images.test/AN-DSGVG7UV/1.jpg; https://exemple-images.test/AN-DSGVG7UV/2.jpg; https://exemple-images.test/AN-DSGVG7UV/3.jpg; https://exemple-images.test/AN-DSGVG7UV/4.jpg; https://exemple-images.test/AN-DSGVG7UV/5.jpg,,,contact46@example.com,,,True,True,
f1b97814-a894-4f97-86ab-875e02458128,AN-RG12US8C,REC-JZHFZRQ0,Chalet,Chalet charmant à Nantes,Nantes,44000,24 avril 2026,200345 €,163,5,True,45 quai de la Loire,47.250942,-1.558372,,,0268043738,,,1,,"Chalet au calme de 163 m² situé à Nantes. Proche de toutes commodités, transports et écoles. À visiter sans tarder. Travaux à prévoir.",,,Nid Doré,False,,C,1908,contact27@example.com,,,True,True,
18b3b2dc-6265-4f2d-b7f5-cece8d19143f,AN-65KHII9O,REC-JZHFZRQ0,Chalet,Chalet atypique à Nantes,Nantes,44000,12-08-2024,126807,,5,True,,,,,Nadia Roche,,,288.32,2,RDC,,,,,True,,,,nadia.roche98@example.com,154,,True,,
8c8672d9-2e5c-4f7a-b3ff-2b2a044c15a0,AN-0FKDKA9J,REC-JZHFZRQ0,Chalet,Chalet lumineux à Nantes,Nantes,44000,18/08/2026,178349,96,5,,194 place de la Mairie,47.205663,-1.513645,,,0716881365,,,,,"Chalet spacieux de 96 m² situé à Nantes. Cave et parking inclus. Proche de toutes commodités, transports et écoles. À visiter sans tarder.",,,Century Habitat,,,,,,,,True,True,
b68cfb9e-bd63-4ec3-8dc7-d3f8fad70b1a,AN-IGHOL1MH,REC-JZHFZRQ0,Chalet,Chalet au calme à Nantes,Nantes,44000,14 mars 2025,229722,94,1,,,47.267142,-1.6002,,Jean Dubois,,,,,,"Chalet en excellent état de 94 m² situé à Nantes. Proche de toutes commodités, transports et écoles. À visiter sans tarder.",,,,,,,,jean.dubois31@example.com,,,True,True,
4c0d24c7-8649-40e3-a4fe-8c377aab4e88,AN-6XA3ZHF3,REC-JZHFZRQ0,Chalet,Chalet à rafraîchir à Nantes,Nantes,44000,02-01-2025,228427,191,4,False,48 chemin des Vignes,47.182848,-1.505105,,Marc Fontaine,0028638555,,,2,2,,,,Nid Doré,True,,,,,,,True,True,
598cf3d1-79df-45e9-b30f-0d4c71772469,AN-9N6NEZRO,REC-JZHFZRQ0,Chalet,Chalet de standing à Nantes,Nantes,44000,2024-11-27,154033,214,4,,26 rue du Commerce,47.176294,-1.592816,,Luc Moreau,0452641899,,,,RDC,"Chalet de standing de 214 m² situé à Nantes. Proche de toutes commodités, transports et écoles. À visiter sans tarder. Travaux à prévoir.",,,Provence Immobilier,False,https://exemple-images.test/AN-9N6NEZRO/1.jpg; https://exemple-images.test/AN-9N6NEZRO/2.jpg,,,luc.moreau63@example.com,,,True,,
d9dc3219-6b35-411d-9f1a-a84a22d2f178,AN-4OCHCXAX,REC-JZHFZRQ0,Chalet,Chalet lumineux à Nantes,Nantes,44000,2026-06-19,204939,117,5,,106 impasse des Lilas,47.256029,-1.584973,,Luc Faure,0069229155,,,1,,"Chalet lumineux de 117 m² situé à Nantes. Cave et parking inclus. Proche de toutes commodités, transports et écoles. À visiter sans tarder.",,,Provence Immobilier,,,,2018,,,,True,True,
f1e414bd-6ed1-467e-817c-f750a975a4c5,AN-CY8OREML,REC-JZHFZRQ0,Chalet,Chalet avec vue dégagée à Nantes,Nantes,44000,2025-07-10T20:26:10,160125,,2,,162 place de la Mairie,47.20236,-1.597367,,Marc Bernard,0089797703,,,,dernier étage,"Chalet rénové de 83 m² situé à Nantes. Proche de toutes commodités, transports et écoles. À visiter sans tarder.",,,,,,G,1953,,83,,True,True,
94d8b1e7-0004-4661-aa6c-9e9aa25ec5ea,AN-U6MLTQBK,REC-JZHFZRQ0,Chalet,Chalet au calme à Nantes,Nantes,44000,17 juin 2026,232411,,4,,104 rue Jean Jaurès,,,,Karim Roche,0708278549,,,,,"Chalet au calme de 142 m² situé à Nantes. Cave et parking inclus. Proche de toutes commodités, transports et écoles. À visiter sans tarder. Travaux à prévoir.",,,ImmoPlus,,,G,,,142,,,,
53e5cce4-a500-4b1b-af10-5e4f25e943a3,AN-CL8VMAO1,REC-JZHFZRQ0,Chalet,Chalet au calme à Nantes,Nantes,44000,10/01/2025,239839,158,5,,171 impasse des Lilas,47.181374,-1.566032,,Luc Faure,,,,3,1,"Chalet rénové de 158 m² situé à Nantes. Proche de toutes commodités, transports et écoles. À visiter sans tarder.",,,,False,,,,luc.faure80@example.com,,,True,True,
c283d49a-ad53-432f-a415-e710d44b1753,AN-37SMDB6Y,REC-JZHFZRQ0,Chalet,Chalet lumineux à Nantes,Nantes,44000,07-06-2025,174524,86,4,,,,,,,0998824617,,58.33,,1,"Chalet de standing de 86 m² situé à Nantes. Proche de toutes commodités, transports et écoles. À visiter sans tarder.",,,Century Habitat,True,,,,,,,True,True,
603c4913-2557-45c6-9d10-f7284dc0a0a1,AN-GZQGZQ3M,REC-JZHFZRQ0,Chalet,Chalet en excellent état à Nantes,Nantes,44000,11-20-2024,237170,206,3,,,47.256695,-1.554941,,Karim Girard,0939929053,,,2,,"Chalet à rafraîchir de 206 m² situé à Nantes. Proche de toutes commodités, transports et écoles. À visiter sans tarder.",,,,,,,,karim.girard10@example.com,,,True,True,
0c362b3d-82ea-4083-ad0b-70595c23b649,AN-999RFRES,REC-JZHFZRQ0,Chalet,Chalet spacieux à Nantes,Nantes,44000,2025-04-24T06:31:10,134614,,5,,,,,,Luc Roche,0623250438,,,,3,"Chalet spacieux de 178 m² situé à Nantes. Proche de toutes commodités, transports et écoles. À visiter sans tarder.",,,,,,A,1863,,178,,True,True,
f2381f85-72b1-4673-8fbb-e866b45fd68b,AN-XIL7D364,REC-JZHFZRQ0,Chalet,Chalet charmant à Nantes,Nantes,44000,27/07/2025,180020,,4,,69 impasse des Lilas,47.193778,-1.532097,,Ahmed Perrin,0546483328,,135.13,,,"Chalet spacieux de 138 m² situé à Nantes. Cave et parking inclus. Proche de toutes commodités, transports et écoles. À visiter sans tarder.",,,Toit & Vous,,,,,ahmed.perrin48@example.com,138,,True,True,
86b10289-6977-4b8e-b549-2231e105543f,AN-BD3W91HY,REC-JZHFZRQ0,Chalet,Chalet charmant à Nantes,Nantes,44000,6 juillet 2026,206880,218,5,True,135 rue Pasteur,47.190425,-1.59136,,Ahmed Perrin,0201776611,,,,5,"Chalet en excellent état de 218 m² situé à Nantes. Proche de toutes commodités, transports et écoles. À visiter sans tarder. Travaux à prévoir.",,,ImmoPlus,,,,,,,,,True,
1c9973f2-6417-405b-979a-d35ec1e608ae,AN-62WXBIDX,REC-JZHFZRQ0,Chalet,Chalet en excellent état à Nantes,Nantes,44000,10-18-2025,218540,191,3,True,,,,,Sophie Fontaine,0443287569,,61.85,1,RDC,"Chalet rénové de 191 m² situé à Nantes. Proche de toutes commodités, transports et écoles. À visiter sans tarder.",,,Provence Immobilier,True,https://exemple-images.test/AN-62WXBIDX/1.jpg; https://exemple-images.test/AN-62WXBIDX/2.jpg; https://exemple-images.test/AN-62WXBIDX/3.jpg,,,,,,,True,
32485c03-6f81-4d8c-bc5d-ac4936a2f5e4,AN-P72DFFA8,REC-JZHFZRQ0,Chalet,Chalet de standing à Nantes,Nantes,44000,21 décembre 2025,189818 €,106,5,,,,,,Luc Martin,,,,4,,"Chalet de standing de 106 m² situé à Nantes. Proche de toutes commodités, transports et écoles. À visiter sans tarder.",,,,,,C,1929,,,,True,,
9be29797-2223-4649-80f2-e197d034281e,AN-H6WDZNKT,REC-JZHFZRQ0,Chalet,Chalet rénové à Nantes,Nantes,44000,13/04/2025,204463,139,3,False,,,,,Sophie Roche,,True,,,2,"Chalet de standing de 139 m² situé à Nantes. Cave et parking inclus. Proche de toutes commodités, transports et écoles. À visiter sans tarder. Travaux à prévoir.",,,Clé en Main Immo,,https://exemple-images.test/AN-H6WDZNKT/1.jpg; https://exemple-images.test/AN-H6WDZNKT/2.jpg; https://exemple-images.test/AN-H6WDZNKT/3.jpg,,,sophie.roche55@example.com,,,True,,
ef4c537d-02df-4388-827a-9cfc803c3495,AN-HAM2BQG3,REC-JZHFZRQ0,Chalet,Chalet à rafraîchir à Nantes,Nantes,44000,10-06-2025,197744,201,2,False,104 rue de la République,47.217709,-1.514679,,Marc Lefevre,,,,3,,"Chalet spacieux de 201 m² situé à Nantes. Cave et parking inclus. Proche de toutes commodités, transports et écoles. À visiter sans tarder.",,,,True,,F,,,,,True,True,
d6f0ca4a-b555-4294-b62f-71d29466ee8c,AN-7O15HN3U,REC-JZHFZRQ0,Chalet,Chalet rénové à Nantes,Nantes,44000,12 septembre 2025,156510,,5,,39 allée des Platanes,47.174846,-1.585358,,Karim Perrin,0802673985,,,,,"Chalet atypique de 212 m² situé à Nantes. Proche de toutes commodités, transports et écoles. À visiter sans tarder.",,,,False,https://exemple-images.test/AN-7O15HN3U/1.jpg; https://exemple-images.test/AN-7O15HN3U/2.jpg; https://exemple-images.test/AN-7O15HN3U/3.jpg; https://exemple-images.test/AN-7O15HN3U/4.jpg; https://exemple-images.test/AN-7O15HN3U/5.jpg,,,,212,,True,,
b25db1bf-2263-4332-b90b-65751328ea8a,AN-N96N9PII,REC-JZHFZRQ0,Chalet,Chalet spacieux à Nantes,Nantes,44000,1760421850,173977,218,3,,103 allée des Platanes,47.191055,-1.595766,,,0182627275,,,1,,"Chalet atypique de 218 m² situé à Nantes. Proche de toutes commodités, transports et écoles. À visiter sans tarder. Travaux à prévoir.",,,,,,,,,,,True,True,
773b3d06-1e13-4453-a371-5a81cd23ba03,AN-AO68DBGT,REC-JZHFZRQ0,Chalet,Chalet spacieux à Nantes,Nantes,44000,10-20-2025,221483,79,1,,179 boulevard Gambetta,47.217103,-1.526928,,,0445241684,,,,2,"Chalet spacieux de 79 m² situé à Nantes. Proche de toutes commodités, transports et écoles. À visiter sans tarder.",,,Century Habitat,,https://exemple-images.test/AN-AO68DBGT/1.jpg; https://exemple-images.test/AN-AO68DBGT/2.jpg; https://exemple-images.test/AN-AO68DBGT/3.jpg,,1863,,,,,True,
8f94c35b-3f00-4a3a-ac7a-92c18e01a1fb,AN-79RHEX8I,REC-JZHFZRQ0,Chalet,Chalet spacieux à Nantes,Nantes,44000,2025-09-25T15:13:10,199595,95,2,,,,,,,,,380.32,,4,"Chalet charmant de 95 m² situé à Nantes. Proche de toutes commodités, transports et écoles. À visiter sans tarder.",,,,False,,,,,,,True,True,
5d385c78-e7b0-46b3-af1d-566dfc866a07,AN-31SR1Y1A,REC-JZHFZRQ0,Chalet,Chalet atypique à Nantes,Nantes,44000,1768158790,125519 €,154,4,False,121 rue de la République,47.220638,-1.563778,,,0142692646,,259.75,,3,,,,Nid Doré,,,,1956,,,,True,True,
bcbcc0fb-1b73-487c-a6e9-38e25911522e,AN-6Z8W0Q9F,REC-JZHFZRQ0,Chalet,Chalet de standing à Nantes,Nantes,44000,15/01/2026,236594,78,2,,169 boulevard Gambetta,47.198482,-1.558063,,,0007338052,,,,,,,,,True,,,,,,,True,True,
be013c5d-b0a4-4339-9fa7-d4c9b8c31bed,AN-YU0P3Y7M,REC-JZHFZRQ0,Chalet,Chalet avec vue dégagée à Nantes,Nantes,44000,2026-05-09,222117,96,2,,,47.172272,-1.526306,,Marc Lefevre,,,,2,3,"Chalet en excellent état de 96 m² situé à Nantes. Proche de toutes commodités, transports et écoles. À visiter sans tarder.",,,,,,,,,,,True,True,
35aedaec-c92d-4abd-966c-50904da14d92,AN-K00N9MYF,REC-JZHFZRQ0,Chalet,Chalet spacieux à Nantes,Nantes,44000,1745206930,153552,158,5,,83 rue Pasteur,47.18945,-1.578457,,,0249334452,,,,,"Chalet au calme de 158 m² situé à Nantes. Proche de toutes commodités, transports et écoles. À visiter sans tarder. Travaux à prévoir.",,,Century Habitat,,,,1965,contact22@example.com,,,True,True,
36eeb714-d470-431e-8011-a2e17675d563,AN-5CJZFU78,REC-JZHFZRQ0,Chalet,Chalet spacieux à Nantes,Nantes,44000,11-23-2025,240488 €,200,4,,,47.255585,-1.571059,,Ahmed Lefevre,0650073704,,348.94,1,,"Chalet spacieux de 200 m² situé à Nantes. Cave et parking inclus. Proche de toutes commodités, transports et écoles. À visiter sans tarder.",,,ImmoPlus,True,,,,ahmed.lefevre56@example.com,,,True,True,
a497058a-fb2a-4ee3-8385-c5487e007aac,AN-U08XFZ56,REC-JZHFZRQ0,Chalet,Chalet en excellent état à Nantes,Nantes,44000,2026-07-04T17:44:10,235311,216,2,True,13 quai de la Loire,,,,Karim Martin,0115788397,,356.29,2,,"Chalet lumineux de 216 m² situé à Nantes. Proche de toutes commodités, transports et écoles. À visiter sans tarder.",,,Century Habitat,,,,,karim.martin60@example.com,,,True,True,
101e0931-4373-4168-9e19-aed5fb068442,AN-TEQEPC56,REC-JZHFZRQ0,Chalet,Chalet charmant à Nantes,Nantes,44000,2025-05-11T15:22:10,169442 €,154,4,,167 allée des Platanes,,,,,,,395.92,3,,"Chalet avec vue dégagée de 154 m² situé à Nantes. Proche de toutes commodités, transports et écoles. À visiter sans tarder.",,,,,,,,,,,True,True,
b3a13d94-acfb-4498-9b3d-ebd397f2a8c0,AN-T4XNMZ88,REC-JZHFZRQ0,Chalet,Chalet spacieux à Nantes,Nantes,44000,10-25-2025,218369,181,4,,11 boulevard Gambetta,47.176118,-1.51739,,,,,187.43,,,"Chalet spacieux de 181 m² situé à Nantes. Proche de toutes commodités, transports et écoles. À visiter sans tarder. Travaux à prévoir.",,,Century Habitat,True,https://exemple-images.test/AN-T4XNMZ88/1.jpg; https://exemple-images.test/AN-T4XNMZ88/2.jpg; https://exemple-images.test/AN-T4XNMZ88/3.jpg; https://exemple-images.test/AN-T4XNMZ88/4.jpg; https://exemple-images.test/AN-T4XNMZ88/5.jpg,,,contact23@example.com,,,,True,
24c6ba24-74d4-42dd-953a-2a92563ddf1a,AN-FAZLPARK,REC-JZHFZRQ0,Chalet,Chalet avec vue dégagée à Nantes,Nantes,44000,11-20-2024,195210,70,2,,,,,,,,,242.0,2,RDC,"Chalet rénové de 70 m² situé à Nantes. Proche de toutes commodités, transports et écoles. À visiter sans tarder.",,,Century Habitat,,,,,contact84@example.com,,,True,True,
cb56680d-ad84-4403-9d7f-98e2d12d98d4,AN-AXC45DMC,REC-JZHFZRQ0,Chalet,Chalet avec vue dégagée à Nantes,Nantes,44000,27/05/2026,124924 €,189,1,,95 boulevard Gambetta,,,,Julie Dubois,,True,,2,4,"Chalet spacieux de 189 m² situé à Nantes. Proche de toutes commodités, transports et écoles. À visiter sans tarder.",,,Toit & Vous,,,D,1945,,,,True,True,
c6d1f1ef-0d8c-4b8f-81ab-760dfdfb9e2e,AN-SHNY2UD8,REC-JZHFZRQ0,Chalet,Chalet à rafraîchir à Nantes,Nantes,44000,2024-12-05,153261,,5,,175 impasse des Lilas,47.261908,-1.555611,,,,,,3,,"Chalet au calme de 148 m² situé à Nantes. Cave et parking inclus. Proche de toutes commodités, transports et écoles. À visiter sans tarder.",,,,False,https://exemple-images.test/AN-SHNY2UD8/1.jpg; https://exemple-images.test/AN-SHNY2UD8/2.jpg; https://exemple-images.test/AN-SHNY2UD8/3.jpg; https://exemple-images.test/AN-SHNY2UD8/4.jpg,,,,148,,True,True,
a56ae0c6-9219-425a-9346-0cc20c819f59,AN-Z17ZKIEN,REC-JZHFZRQ0,Chalet,Chalet en excellent état à Nantes,Nantes,44000,1766604670,188147,166,4,False,176 chemin des Vignes,,,,Sophie Martin,0651565541,,,,,"Chalet au calme de 166 m² situé à Nantes. Proche de toutes commodités, transports et écoles. À visiter sans tarder.",,,,False,,C,,,,,True,True,
3182e59c-467c-4ab1-87a6-60a6f23af1f3,AN-2Z4GBSKZ,REC-JZHFZRQ0,Chalet,Chalet avec vue dégagée à Nantes,Nantes,44000,7 mai 2025,153894 €,111,4,False,172 boulevard Gambetta,47.2331,-1.560002,,Julie Bernard,0368394292,,,,,"Chalet à rafraîchir de 111 m² situé à Nantes. Proche de toutes commodités, transports et écoles. À visiter sans tarder.",,,Century Habitat,,,,,,,,True,True,
996254d9-a4ab-4151-a598-5e731d28966d,AN-CKKDD4W6,REC-JZHFZRQ0,Chalet,Chalet atypique à Nantes,Nantes,44000,12 juillet 2025,182465,196,3,True,,47.196319,-1.521777,,Luc Roche,,,,,2,"Chalet atypique de 196 m² situé à Nantes. Proche de toutes commodités, transports et écoles. À visiter sans tarder.",,,,,https://exemple-images.test/AN-CKKDD4W6/1.jpg; https://exemple-images.test/AN-CKKDD4W6/2.jpg; https://exemple-images.test/AN-CKKDD4W6/3.jpg; https://exemple-images.test/AN-CKKDD4W6/4.jpg,D,,luc.roche66@example.com,,,True,True,
87b80619-f1b8-455a-9aa2-294ddcfe96fc,AN-5FJ0Q013,REC-JZHFZRQ0,Chalet,Chalet de standing à Nantes,Nantes,44000,2025-01-08T04:25:10,173461 €,129,4,,,47.222837,-1.600922,,,0629118691,,,3,,"Chalet rénové de 129 m² situé à Nantes. Proche de toutes commodités, transports et écoles. À visiter sans tarder. Travaux à prévoir.",,,,True,https://exemple-images.test/AN-5FJ0Q013/1.jpg; https://exemple-images.test/AN-5FJ0Q013/2.jpg; https://exemple-images.test/AN-5FJ0Q013/3.jpg; https://exemple-images.test/AN-5FJ0Q013/4.jpg; https://exemple-images.test/AN-5FJ0Q013/5.jpg,A,,contact60@example.com,,,,True,
0a1876ed-0954-4070-a4ec-de4c46806bf6,AN-6OVT1QA3,REC-JZHFZRQ0,Chalet,Chalet de standing à Nantes,Nantes,44000,2026-02-02T21:11:10,170653,96,4,False,87 rue du Commerce,47.240059,-1.535934,,Claire Faure,0957703353,,,,,,,,,,https://exemple-images.test/AN-6OVT1QA3/1.jpg; https://exemple-images.test/AN-6OVT1QA3/2.jpg; https://exemple-images.test/AN-6OVT1QA3/3.jpg; https://exemple-images.test/AN-6OVT1QA3/4.jpg; https://exemple-images.test/AN-6OVT1QA3/5.jpg,,,,,,,True,
c37ca96f-8527-49bf-8adb-71589d85cacb,AN-B5NST0G2,REC-JZHFZRQ0,Chalet,Chalet lumineux à Nantes,Nantes,44000,1754604130,225486,159,2,,138 rue Victor Hugo,47.265491,-1.50594,,,,,,1,4,"Chalet de standing de 159 m² situé à Nantes. Proche de toutes commodités, transports et écoles. À visiter sans tarder.",,,Century Habitat,,,D,,,,,True,True,
591451dd-5164-49ff-8a95-7c19fab46604,AN-NQG404G7,REC-JZHFZRQ0,Chalet,Chalet au calme à Nantes,Nantes,44000,21/01/2025,166305,213,1,,102 allée des Platanes,,,,Nadia Faure,0096570405,,140.39,0,5,"Chalet atypique de 213 m² situé à Nantes. Cave et parking inclus. Proche de toutes commodités, transports et écoles. À visiter sans tarder.",,,,False,https://exemple-images.test/AN-NQG404G7/1.jpg; https://exemple-images.test/AN-NQG404G7/2.jpg; https://exemple-images.test/AN-NQG404G7/3.jpg; https://exemple-images.test/AN-NQG404G7/4.jpg; https://exemple-images.test/AN-NQG404G7/5.jpg,,,nadia.faure66@example.com,,,True,True,
4f122ece-fbb3-4629-a593-451e4eb70226,AN-US9T5G8F,REC-JZHFZRQ0,Chalet,Chalet charmant à Nantes,Nantes,44000,2025-03-21T22:17:10,152986,71,4,True,,47.180591,-1.513947,,Luc Girard,0582425445,,,4,2,"Chalet au calme de 71 m² situé à Nantes. Cave et parking inclus. Proche de toutes commodités, transports et écoles. À visiter sans tarder.",,,,,,,,luc.girard62@example.com,,,True,,
4a5f0537-6924-4cbb-82c6-86e20310cc3d,AN-WM6FAZ6T,REC-JZHFZRQ0,Chalet,Chalet de standing à Nantes,Nantes,44000,2026-03-31T11:27:10,175637,70,5,True,56 rue du Commerce,47.175452,-1.57528,,,0778665577,,,,4,"Chalet de standing de 70 m² situé à Nantes. Proche de toutes commodités, transports et écoles. À visiter sans tarder.",,,Century Habitat,,,,,,,,True,True,
38dddbdf-9128-4ea3-b7bf-0f4950aee85d,AN-ZUR5QGKI,REC-JZHFZRQ0,Chalet,Chalet en excellent état à Nantes,Nantes,44000,2026-08-20T01:15:10,159887,186,4,False,,,,,Karim Perrin,0881094721,,,2,,"Chalet en excellent état de 186 m² situé à Nantes. Proche de toutes commodités, transports et écoles. À visiter sans tarder.",,,Toit & Vous,,https://exemple-images.test/AN-ZUR5QGKI/1.jpg; https://exemple-images.test/AN-ZUR5QGKI/2.jpg; https://exemple-images.test/AN-ZUR5QGKI/3.jpg; https://exemple-images.test/AN-ZUR5QGKI/4.jpg,,1893,,,,True,True,
b7242fe4-6645-43f1-8f85-aa57564d0980,AN-UENM4FW3,REC-JZHFZRQ0,Chalet,Chalet rénové à Nantes,Nantes,44000,2025-08-18T19:40:10,192181,130,4,True,,,,,,0804388568,,,3,,,,,,True,,,,,,,True,True,
f02eb928-d695-4d27-b67f-b09a0b808d3f,AN-I7DXYNV2,REC-JZHFZRQ0,Chalet,Chalet charmant à Nantes,Nantes,44000,2024-12-11T13:22:10,232054,94,3,True,,47.214075,-1.565091,,,0753910340,,,2,3,"Chalet à rafraîchir de 94 m² situé à Nantes. Cave et parking inclus. Proche de toutes commodités, transports et écoles. À visiter sans tarder.",,,,False,https://exemple-images.test/AN-I7DXYNV2/1.jpg; https://exemple-images.test/AN-I7DXYNV2/2.jpg; https://exemple-images.test/AN-I7DXYNV2/3.jpg,G,,contact31@example.com,,,True,True,
6632b0ad-ef88-4729-8961-9838290daf1b,AN-XBT7W5JO,REC-JZHFZRQ0,Chalet,Chalet charmant à Nantes,Nantes,44000,26 septembre 2025,125090,98,5,,32 rue Jean Jaurès,47.232874,-1.540043,,Ahmed Bernard,0712157986,,,3,,"Chalet lumineux de 98 m² situé à Nantes. Proche de toutes commodités, transports et écoles. À visiter sans tarder.",,,Provence Immobilier,False,,F,1959,ahmed.bernard14@example.com,,,True,True,
d2712902-185c-4fa7-9542-63abec80b883,AN-D5WC4Q4P,REC-JZHFZRQ0,Chalet,Chalet en excellent état à Nantes,Nantes,44000,2025-01-30,197246,,3,,,47.210722,-1.513393,,Claire Fontaine,,,,2,,"Chalet à rafraîchir de 151 m² situé à Nantes. Proche de toutes commodités, transports et écoles. À visiter sans tarder.",,,,,https://exemple-images.test/AN-D5WC4Q4P/1.jpg; https://exemple-images.test/AN-D5WC4Q4P/2.jpg,,1893,,151,,True,True,
6066e8c2-2e54-44c7-95dc-f04bbf4cb718,AN-Y0940I4B,REC-JZHFZRQ0,Chalet,Chalet de standing à Nantes,Nantes,44000,1772636350,186360,,4,True,149 rue Jean Jaurès,47.235549,-1.601581,,Marie Martin,0808183285,,,5,,,,,Toit & Vous,False,,F,,,161,,,True,
93f2b4f6-c719-4652-8551-7adb3294dd33,AN-58P0SLVO,REC-JZHFZRQ0,Chalet,Chalet charmant à Nantes,Nantes,44000,28/01/2025,126333,,1,,,,,,,,,,3,1,"Chalet charmant de 171 m² situé à Nantes. Proche de toutes commodités, transports et écoles. À visiter sans tarder.",,,Provence Immobilier,False,,,,contact76@example.com,171,,True,True,
42180236-ef7c-439d-a3eb-ade32db3466f,AN-TP0YN0IQ,REC-JZHFZRQ0,Chalet,Chalet charmant à Nantes,Nantes,44000,2025-11-10,209752 €,180,5,,,,,,Karim Lefevre,0734695657,,,,0,"Chalet lumineux de 180 m² situé à Nantes. Proche de toutes commodités, transports et écoles. À visiter sans tarder. Travaux à prévoir.",,,,False,,G,,karim.lefevre91@example.com,,,True,True,
d0484a2a-7e47-49d3-b718-895260b5600e,AN-AZYWBGFR,REC-JZHFZRQ0,Chalet,Chalet au calme à Nantes,Nantes,44000,10-10-2025,213544,150,1,,22 rue Victor Hugo,47.177178,-1.5517,,,0724832032,,253.8,5,2,"Chalet spacieux de 150 m² situé à Nantes. Proche de toutes commodités, transports et écoles. À visiter sans tarder.",,,Toit & Vous,,,,1979,,,,True,True,
a5b4800b-642a-4fd9-8e68-c383f40c10ee,AN-BJX9OMT3,REC-JZHFZRQ0,Chalet,Chalet rénové à Nantes,Nantes,44000,2025-04-09,170714,154,2,,73 rue Victor Hugo,47.196791,-1.542024,,Luc Roche,,,386.87,3,,"Chalet en excellent état de 154 m² situé à Nantes. Cave et parking inclus. Proche de toutes commodités, transports et écoles. À visiter sans tarder.",,,,False,,D,2000,,,,True,,
33e07353-0f1e-4109-83f7-ca96b0a226bb,AN-KVIQLKP3,REC-JZHFZRQ0,Chalet,Chalet charmant à Nantes,Nantes,44000,03-03-2026,243135,180,1,,,,,,,0341582282,,,5,,"Chalet de standing de 180 m² situé à Nantes. Proche de toutes commodités, transports et écoles. À visiter sans tarder.",,,Nid Doré,False,,,,contact36@example.com,,,,True,
fe0b924f-3b39-4242-bd75-5db5a9b8cc85,AN-FBNWT2AM,REC-JZHFZRQ0,Chalet,Chalet spacieux à Nantes,Nantes,44000,04/01/2026,197860,119,3,,,47.175909,-1.594357,,Marie Lefevre,0965403781,,246.85,4,,,,,Century Habitat,True,,,1965,,,,True,True,
1c465742-6291-46fc-864b-c1f15171306c,AN-BKUTPYHG,REC-JZHFZRQ0,Chalet,Chalet charmant à Nantes,Nantes,44000,1770628150,176099,,1,,,,,,,,,,,,,,,,True,,C,2024,contact1@example.com,128,,True,,
7076976f-3906-40e4-b736-c23e607a78bb,AN-L8W3Q1OB,REC-JZHFZRQ0,Chalet,Chalet au calme à Nantes,Nantes,44000,2025-01-07,163897 €,155,4,False,,47.218219,-1.524197,,Marie Girard,0131552168,,,,,,,,,,,,,marie.girard73@example.com,,,True,True,
bd733032-fa07-4aee-be00-964d1fac03f5,AN-3DFXUQIG,REC-JZHFZRQ0,Chalet,Chalet rénové à Nantes,Nantes,44000,1734850570,127974,99,5,,82 impasse des Lilas,,,,Karim Perrin,0237035039,,,,4,"Chalet rénové de 99 m² situé à Nantes. Proche de toutes commodités, transports et écoles. À visiter sans tarder. Travaux à prévoir.",,,Toit & Vous,,,A,,,,,,True,
044b5b74-b9f2-4866-b8f6-281b73e088bd,AN-KQ58CU27,REC-JZHFZRQ0,Chalet,Chalet lumineux à Nantes,Nantes,44000,2026-03-28,214413,120,5,,,47.182287,-1.540874,,,0442577653,True,,5,,,,,,,https://exemple-images.test/AN-KQ58CU27/1.jpg; https://exemple-images.test/AN-KQ58CU27/2.jpg,C,,contact90@example.com,,,True,True,
841491df-5d94-4bb9-a2d4-db3d4853d056,AN-JQCV4YZG,REC-JZHFZRQ0,Chalet,Chalet au calme à Nantes,Nantes,44000,1760828590,129710,147,4,True,32 impasse des Lilas,,,,Karim Faure,,,,4,,,,,,True,,,1940,,,,,True,
57a35abf-7a02-4a10-bc84-fe23c455f267,AN-LFN8NVSP,REC-JZHFZRQ0,Chalet,Chalet spacieux à Nantes,Nantes,44000,2025-03-05T15:57:10,135441 €,,2,False,61 avenue des Champs,47.191723,-1.509124,,Claire Moreau,,,304.54,,,"Chalet rénové de 122 m² situé à Nantes. Cave et parking inclus. Proche de toutes commodités, transports et écoles. À visiter sans tarder.",,,,,,,,claire.moreau87@example.com,122,,True,True,
25f21f7f-ca2e-422f-af8e-e3fb27fcec51,AN-IA3A0UAR,REC-JZHFZRQ0,Chalet,Chalet avec vue dégagée à Nantes,Nantes,44000,2024-09-23T22:02:10,229443,,5,True,25 impasse des Lilas,,,,Jean Fontaine,,,,3,0,"Chalet charmant de 112 m² situé à Nantes. Proche de toutes commodités, transports et écoles. À visiter sans tarder.",,,,,https://exemple-images.test/AN-IA3A0UAR/1.jpg; https://exemple-images.test/AN-IA3A0UAR/2.jpg; https://exemple-images.test/AN-IA3A0UAR/3.jpg,C,,,112,,True,True,
f3ba0df4-7cd4-488e-805a-722ff01d0302,AN-EKUIV0UG,REC-JZHFZRQ0,Chalet,Chalet charmant à Nantes,Nantes,44000,2025-07-11T11:35:10,228623,,4,True,,,,,,0741538239,,,,,"Chalet lumineux de 165 m² situé à Nantes. Proche de toutes commodités, transports et écoles. À visiter sans tarder.",,,,,https://exemple-images.test/AN-EKUIV0UG/1.jpg; https://exemple-images.test/AN-EKUIV0UG/2.jpg; https://exemple-images.test/AN-EKUIV0UG/3.jpg,,,contact51@example.com,165,,True,True,
09ec70a1-14c0-436c-a8a8-5d00c2efbe78,AN-ZCTLUOWL,REC-JZHFZRQ0,Chalet,Chalet à rafraîchir à Nantes,Nantes,44000,2025-02-17T12:10:10,135064,123,3,,37 rue du Commerce,,,,Marie Roche,,,,4,,"Chalet charmant de 123 m² situé à Nantes. Proche de toutes commodités, transports et écoles. À visiter sans tarder.",,,,,,,,marie.roche85@example.com,,,,True,
5e1356fa-a4bc-4245-bb53-971c102fe282,AN-L9LZDC80,REC-JZHFZRQ0,Chalet,Chalet rénové à Nantes,Nantes,44000,13/02/2025,175264,98,1,,,47.205835,-1.570355,,,0005884403,,,,,"Chalet rénové de 98 m² situé à Nantes. Proche de toutes commodités, transports et écoles. À visiter sans tarder.",,,,False,,,,contact88@example.com,,,True,True,
bf8784fd-b3a4-4eaa-8cd8-49496e164f21,AN-EV7W7LAZ,REC-JZHFZRQ0,Chalet,Chalet spacieux à Nantes,Nantes,44000,08-28-2024,236770,140,2,False,167 rue du Commerce,,,,Julie Dubois,0339853558,,,,3,"Chalet avec vue dégagée de 140 m² situé à Nantes. Proche de toutes commodités, transports et écoles. À visiter sans tarder.",,,,,,,2019,julie.dubois74@example.com,,,True,True,
5a7997e6-942a-42e8-a8fa-4d2127e77866,AN-ZPL60PVQ,REC-JZHFZRQ0,Chalet,Chalet rénové à Nantes,Nantes,44000,1783045810,200847,209,4,False,118 impasse des Lilas,47.190864,-1.53612,,,0117110077,,281.16,,RDC,"Chalet en excellent état de 209 m² situé à Nantes. Proche de toutes commodités, transports et écoles. À visiter sans tarder.",,,,True,,,1888,contact37@example.com,,,,True,
8ef22359-8da3-4bbf-a729-c8d199514dd5,AN-H08FOBAK,REC-JZHFZRQ0,Chalet,Chalet atypique à Nantes,Nantes,44000,05-09-2026,246896,78,1,False,,47.264369,-1.527378,,,0893684703,,,,,,,,Nid Doré,False,,,,,,,True,True,
39d9f135-da5a-464c-969d-b93abdae382d,AN-0UBHO070,REC-JZHFZRQ0,Chalet,Chalet rénové à Nantes,Nantes,44000,16/11/2025,233161,,3,,,,,,Marc Dubois,0196518956,,,0,,"Chalet charmant de 161 m² situé à Nantes. Proche de toutes commodités, transports et écoles. À visiter sans tarder.",,,Toit & Vous,,https://exemple-images.test/AN-0UBHO070/1.jpg; https://exemple-images.test/AN-0UBHO070/2.jpg; https://exemple-images.test/AN-0UBHO070/3.jpg; https://exemple-images.test/AN-0UBHO070/4.jpg,E,,marc.dubois73@example.com,161,,True,True,
97f6850a-11fc-4fc5-b8ed-afbb71ffb259,AN-RGRL5BMW,REC-JZHFZRQ0,Chalet,Chalet lumineux à Nantes,Nantes,44000,1786596970,174397 €,194,5,,,,,,Jean Moreau,,,,1,4,"Chalet spacieux de 194 m² situé à Nantes. Cave et parking inclus. Proche de toutes commodités, transports et écoles. À visiter sans tarder.",,,Toit & Vous,,https://exemple-images.test/AN-RGRL5BMW/1.jpg; https://exemple-images.test/AN-RGRL5BMW/2.jpg; https://exemple-images.test/AN-RGRL5BMW/3.jpg,,,jean.moreau6@example.com,,,True,True,
43239de7-db00-4111-ba91-627437ee9b47,AN-48CI4DEV,REC-JZHFZRQ0,Chalet,Chalet de standing à Nantes,Nantes,44000,05/10/2025,136145 €,182,2,,86 rue Pasteur,,,,Jean Girard,0429930564,,,,,"Chalet charmant de 182 m² situé à Nantes. Proche de toutes commodités, transports et écoles. À visiter sans tarder.",,,,False,,,,jean.girard34@example.com,,,True,,
3d2a4e88-e2d5-436d-aaeb-56b383d037c4,AN-8EYWZDQV,REC-JZHFZRQ0,Chalet,Chalet en excellent état à Nantes,Nantes,44000,24 octobre 2024,181715 €,152,5,,50 rue Victor Hugo,,,,Claire Martin,0030415621,True,,,,"Chalet lumineux de 152 m² situé à Nantes. Proche de toutes commodités, transports et écoles. À visiter sans tarder.",,,,,,,,claire.martin71@example.com,,,True,True,
011401cb-e21b-4fe4-bc97-2c53d1bf62f3,AN-B9P3MJVH,REC-JZHFZRQ0,Chalet,Chalet en excellent état à Nantes,Nantes,44000,03-15-2025,168259 €,111,2,,6 chemin des Vignes,47.223901,-1.529795,,,,,,1,,"Chalet lumineux de 111 m² situé à Nantes. Proche de toutes commodités, transports et écoles. À visiter sans tarder.",,,,False,https://exemple-images.test/AN-B9P3MJVH/1.jpg; https://exemple-images.test/AN-B9P3MJVH/2.jpg; https://exemple-images.test/AN-B9P3MJVH/3.jpg,A,1884,,,,True,True,
82cddec0-770c-4cd2-8ba6-ad57f621b53e,AN-CYJKJ7P9,REC-JZHFZRQ0,Chalet,Chalet à rafraîchir à Nantes,Nantes,44000,04-16-2025,242627,211,3,,55 rue du Commerce,,,,Ahmed Moreau,0683808185,,289.08,2,0,"Chalet spacieux de 211 m² situé à Nantes. Proche de toutes commodités, transports et écoles. À visiter sans tarder.",,,,,https://exemple-images.test/AN-CYJKJ7P9/1.jpg; https://exemple-images.test/AN-CYJKJ7P9/2.jpg; https://exemple-images.test/AN-CYJKJ7P9/3.jpg; https://exemple-images.test/AN-CYJKJ7P9/4.jpg,,,,,,True,True,
66b4e599-6436-493d-b152-96ceb57cd7ec,AN-9V22TQ14,REC-JZHFZRQ0,Chalet,Chalet au calme à Nantes,Nantes,44000,05-11-2025,232735,137,5,,,,,,Julie Perrin,0200318401,,,5,1,"Chalet en excellent état de 137 m² situé à Nantes. Proche de toutes commodités, transports et écoles. À visiter sans tarder.",,,Century Habitat,True,,,1945,,,,True,True,
f93f7c45-ffc7-4686-bcb5-62e475b6d66c,AN-MCM55VCY,REC-JZHFZRQ0,Chalet,Chalet spacieux à Nantes,Nantes,44000,08-30-2024,154771 €,,1,,,47.215487,-1.505316,,,0218798036,,,4,RDC,"Chalet au calme de 155 m² situé à Nantes. Cave et parking inclus. Proche de toutes commodités, transports et écoles. À visiter sans tarder. Travaux à prévoir.",,,,True,,,,contact29@example.com,155,,True,True,
7e25ba1f-5220-4cae-b037-c0c8d4d525cb,AN-BQN54G8P,REC-JZHFZRQ0,Chalet,Chalet charmant à Nantes,Nantes,44000,19 juin 2025,187939,105,3,,,47.266834,-1.572235,,Jean Bernard,,,,1,,"Chalet spacieux de 105 m² situé à Nantes. Proche de toutes commodités, transports et écoles. À visiter sans tarder.",,,,,,,,,,,True,True,
1f458812-f203-4803-8709-e0feab602b92,AN-WVYA71KD,REC-JZHFZRQ0,Chalet,Chalet rénové à Nantes,Nantes,44000,2025-02-26,182939,118,4,,,,,,Luc Fontaine,,,,4,,"Chalet lumineux de 118 m² situé à Nantes. Cave et parking inclus. Proche de toutes commodités, transports et écoles. À visiter sans tarder.",,,,False,,,,luc.fontaine44@example.com,,,True,True,
525ffbe4-a119-469f-9ebc-cc30ba22f283,AN-TTZ2OXC5,REC-JZHFZRQ0,Chalet,Chalet de standing à Nantes,Nantes,44000,30/01/2026,167848,160,5,False,,47.1838,-1.528278,,Karim Perrin,0333863544,,,,,"Chalet rénové de 160 m² situé à Nantes. Cave et parking inclus. Proche de toutes commodités, transports et écoles. À visiter sans tarder.",,,,False,,F,,,,,True,True,
a1014a5d-4299-4025-bea7-3849ae78d5bc,AN-NFQ6CHJZ,REC-JZHFZRQ0,Chalet,Chalet avec vue dégagée à Nantes,Nantes,44000,2025-11-17T01:16:10,240763,78,5,True,140 rue Victor Hugo,47.242766,-1.589057,,,0365573286,,,5,dernier étage,"Chalet de standing de 78 m² situé à Nantes. Proche de toutes commodités, transports et écoles. À visiter sans tarder.",,,Nid Doré,True,,,,,,,True,True,
8110c7aa-d16a-4007-b2ef-4a58122f5ec9,AN-HHCEZ9N9,REC-JZHFZRQ0,Chalet,Chalet en excellent état à Nantes,Nantes,44000,1768446190,192016,139,4,,107 quai de la Loire,,,,Marc Lefevre,,,,,,"Chalet avec vue dégagée de 139 m² situé à Nantes. Proche de toutes commodités, transports et écoles. À visiter sans tarder.",,,Century Habitat,,,,,marc.lefevre13@example.com,,,True,,
989a9da2-86da-4de8-9746-57a702c65a51,AN-IIDFUGVH,REC-JZHFZRQ0,Chalet,Chalet de standing à Nantes,Nantes,44000,2024-11-09,170135,210,3,True,,,,,,0306674135,,,,4,"Chalet rénové de 210 m² situé à Nantes. Cave et parking inclus. Proche de toutes commodités, transports et écoles. À visiter sans tarder.",,,Century Habitat,False,,,,,,,True,True,
0e5b7c5e-dd1d-4411-aeba-8529c005aaa0,AN-IZ1DEJNM,REC-JZHFZRQ0,Chalet,Chalet rénové à Nantes,Nantes,44000,2025-06-24,132464,189,2,True,,47.242758,-1.567013,,Karim Lefevre,0132035705,True,,3,,"Chalet au calme de 189 m² situé à Nantes. Proche de toutes commodités, transports et écoles. À visiter sans tarder.",,,,,,E,,,,,True,True,
8d66231f-1474-4ae5-8ba8-f74e010b1430,AN-HI0KDIT7,REC-JZHFZRQ0,Chalet,Chalet en excellent état à Nantes,Nantes,44000,01-01-2025,149389 €,203,3,,,,,,Ahmed Dubois,0546082366,,,4,,"Chalet en excellent état de 203 m² situé à Nantes. Proche de toutes commodités, transports et écoles. À visiter sans tarder.",,,Toit & Vous,,https://exemple-images.test/AN-HI0KDIT7/1.jpg; https://exemple-images.test/AN-HI0KDIT7/2.jpg; https://exemple-images.test/AN-HI0KDIT7/3.jpg; https://exemple-images.test/AN-HI0KDIT7/4.jpg,,,,,,True,True,
daaabdae-9e34-4a87-a80d-7f38628ceb79,AN-LUTK8764,REC-JZHFZRQ0,Chalet,Chalet atypique à Nantes,Nantes,44000,04/01/2026,143285,153,3,False,,47.212538,-1.55899,,Jean Dubois,,,,,,"Chalet charmant de 153 m² situé à Nantes. Proche de toutes commodités, transports et écoles. À visiter sans tarder.",,,Provence Immobilier,False,,,,,,,True,True,
bafdc589-2db5-4675-8d42-7ccf98548736,AN-T4UH6J0M,REC-JZHFZRQ0,Chalet,Chalet en excellent état à Nantes,Nantes,44000,2024-11-14T22:05:10,168656,209,3,,104 rue du Commerce,,,,,0760969986,True,,5,4,"Chalet atypique de 209 m² situé à Nantes. Cave et parking inclus. Proche de toutes commodités, transports et écoles. À visiter sans tarder.",,,Clé en Main Immo,,,,,contact6@example.com,,,True,True,
b1b48d13-4edf-40f1-ad47-62b83232c9c6,AN-U46ZNSHB,REC-JZHFZRQ0,Chalet,Chalet avec vue dégagée à Nantes,Nantes,44000,2025-03-08,145194,,1,True,45 rue Victor Hugo,47.20649,-1.592818,,Karim Faure,0416677901,,,,,"Chalet charmant de 216 m² situé à Nantes. Proche de toutes commodités, transports et écoles. À visiter sans tarder. Travaux à prévoir.",,,,,,,1857,,216,,True,True,
f8b86503-f557-48b5-84ee-2825a71e1d59,AN-AZR4Y5X2,REC-JZHFZRQ0,Chalet,Chalet à rafraîchir à Nantes,Nantes,44000,2026-02-26T14:59:10,153128 €,168,3,True,188 avenue des Champs,,,,Marc Moreau,0599604761,,,5,,,,,,False,,,1885,,,,True,True,
d4dc0ac9-9427-4d0f-9ad9-5402d2ced258,AN-2R7A6JVH,REC-JZHFZRQ0,Chalet,Chalet atypique à Nantes,Nantes,44000,12/03/2026,176957 €,72,3,,71 impasse des Lilas,47.267796,-1.531159,,,,,,,,,,,Provence Immobilier,,,,,contact69@example.com,,,True,True,
fe60b512-6491-4c34-bc11-92397ad17ea6,AN-UYL8A8L4,REC-JZHFZRQ0,Chalet,Chalet atypique à Nantes,Nantes,44000,22 juin 2025,141627,164,4,,,47.236559,-1.559187,,Luc Moreau,0975327836,,,,,"Chalet de standing de 164 m² situé à Nantes. Proche de toutes commodités, transports et écoles. À visiter sans tarder.",,,,,,G,1851,luc.moreau50@example.com,,,True,True,
726477b5-e931-4720-ac75-1e7ed91d36d8,AN-FVB01BLQ,REC-JZHFZRQ0,Chalet,Chalet au calme à Nantes,Nantes,44000,20 janvier 2025,131267 €,189,1,,55 chemin des Vignes,,,,Julie Faure,0848373020,,,,,"Chalet lumineux de 189 m² situé à Nantes. Proche de toutes commodités, transports et écoles. À visiter sans tarder. Travaux à prévoir.",,,,,,B,,julie.faure10@example.com,,,True,True,
b26c6b0f-7cdb-4c1a-808f-97d8d0744dcc,AN-6U4DJ3PJ,REC-JZHFZRQ0,Chalet,Chalet de standing à Nantes,Nantes,44000,2025-09-29T23:58:10,241625,104,4,,89 rue du Commerce,,,,Luc Girard,0895568947,,,1,,"Chalet lumineux de 104 m² situé à Nantes. Proche de toutes commodités, transports et écoles. À visiter sans tarder. Travaux à prévoir.",,,,False,,,1899,,,,True,True,
3de429f0-5701-4974-8f71-27880087b00e,AN-7MYX0XXJ,REC-JZHFZRQ0,Chalet,Chalet avec vue dégagée à Nantes,Nantes,44000,2026-08-21,183816,187,4,True,,47.181662,-1.512173,,Julie Roche,0364676861,,,0,4,"Chalet charmant de 187 m² situé à Nantes. Cave et parking inclus. Proche de toutes commodités, transports et écoles. À visiter sans tarder.",,,,False,,D,1982,julie.roche7@example.com,,,,,
19fb627a-766e-481e-921f-11ee71aea0cf,AN-0S2240UD,REC-JZHFZRQ0,Chalet,Chalet en excellent état à Nantes,Nantes,44000,2025-08-20,132020,82,5,,,47.258589,-1.603288,,Ahmed Moreau,0067390114,,,0,2,,,,Nid Doré,,https://exemple-images.test/AN-0S2240UD/1.jpg; https://exemple-images.test/AN-0S2240UD/2.jpg; https://exemple-images.test/AN-0S2240UD/3.jpg,,,ahmed.moreau6@example.com,,,,True,
b5c58fbf-13a7-45da-94e9-ecf5e7554fee,AN-AWSQG2KR,REC-JZHFZRQ0,Chalet,Chalet au calme à Nantes,Nantes,44000,1770137770,140094 €,85,4,,64 chemin des Vignes,,,,Claire Fontaine,,,,,4,,,,,,,,,,,,True,True,
6905a50d-d1f3-46df-8f21-e85042bd550e,AN-EAB4K59X,REC-JZHFZRQ0,Chalet,Chalet lumineux à Nantes,Nantes,44000,1729816630,240156,140,2,,,,,,Julie Moreau,0053855187,,,4,,"Chalet de standing de 140 m² situé à Nantes. Proche de toutes commodités, transports et écoles. À visiter sans tarder.",,,,,https://exemple-images.test/AN-EAB4K59X/1.jpg; https://exemple-images.test/AN-EAB4K59X/2.jpg,C,,,,,,True,
295eb707-2c45-4ebc-b61d-cfc4f8811183,AN-6F40DT6X,REC-JZHFZRQ0,Chalet,Chalet charmant à Nantes,Nantes,44000,2024-09-12,203425,181,5,,,,,,,0806752193,True,,3,,"Chalet à rafraîchir de 181 m² situé à Nantes. Proche de toutes commodités, transports et écoles. À visiter sans tarder.",,,Century Habitat,,,C,,contact32@example.com,,,True,True,
e672edbf-1245-4c44-be12-fd5ebe02534f,AN-BVQ2JMTG,REC-JZHFZRQ0,Chalet,Chalet au calme à Nantes,Nantes,44000,2025-01-25T01:51:10,200746,72,5,,52 rue de la République,,,,,,,,0,,,,,,,https://exemple-images.test/AN-BVQ2JMTG/1.jpg,,,,,,True,True,
ccde9c34-683e-4eaf-bc41-bbf4aa76ba33,AN-20193M4V,REC-JZHFZRQ0,Chalet,Chalet charmant à Nantes,Nantes,44000,24 mai 2026,134600 €,189,2,,121 rue de la République,47.173755,-1.532994,,Karim Martin,0121749555,,,1,,"Chalet en excellent état de 189 m² situé à Nantes. Proche de toutes commodités, transports et écoles. À visiter sans tarder. Travaux à prévoir.",,,Provence Immobilier,,,,,,,,,True,
54c78acd-c935-4800-abbf-b913582cabaa,AN-PTQHBMZH,REC-JZHFZRQ0,Chalet,Chalet de standing à Nantes,Nantes,44000,2026-02-02,127425,202,1,,54 rue Jean Jaurès,47.203798,-1.601104,,Jean Girard,0756317571,,,0,,,,,Century Habitat,,,F,,jean.girard78@example.com,,,True,True,
6d0c3ff9-1120-492e-b08b-038c221f3956,AN-PLZTO295,REC-JZHFZRQ0,Chalet,Chalet spacieux à Nantes,Nantes,44000,30 avril 2026,200195,99,3,,,47.211399,-1.539889,,Jean Bernard,0764550023,True,156.81,,,"Chalet atypique de 99 m² situé à Nantes. Proche de toutes commodités, transports et écoles. À visiter sans tarder.",,,,,https://exemple-images.test/AN-PLZTO295/1.jpg; https://exemple-images.test/AN-PLZTO295/2.jpg; https://exemple-images.test/AN-PLZTO295/3.jpg,,,jean.bernard43@example.com,,,True,True,
9809278a-8064-432e-9de1-dbdb642f5e07,AN-DZPPECHE,REC-JZHFZRQ0,Chalet,Chalet à rafraîchir à Nantes,Nantes,44000,12/07/2025,144064,179,1,,139 rue de la République,,,,Nadia Moreau,,,,2,,"Chalet à rafraîchir de 179 m² situé à Nantes. Proche de toutes commodités, transports et écoles. À visiter sans tarder.",,,,,https://exemple-images.test/AN-DZPPECHE/1.jpg; https://exemple-images.test/AN-DZPPECHE/2.jpg; https://exemple-images.test/AN-DZPPECHE/3.jpg; https://exemple-images.test/AN-DZPPECHE/4.jpg; https://exemple-images.test/AN-DZPPECHE/5.jpg,A,,,,,True,True,
8dbf3ad7-7ddb-4714-9d5f-f0fa44ec722e,AN-8R69WXDV,REC-JZHFZRQ0,Chalet,Chalet de standing à Nantes,Nantes,44000,04-16-2026,225567,118,2,True,,47.257353,-1.532571,,,0635991704,,,,RDC,,,,,,https://exemple-images.test/AN-8R69WXDV/1.jpg; https://exemple-images.test/AN-8R69WXDV/2.jpg; https://exemple-images.test/AN-8R69WXDV/3.jpg; https://exemple-images.test/AN-8R69WXDV/4.jpg,,1984,contact35@example.com,,,True,True,
39712b07-3626-4d10-8108-12b3e58ea54a,AN-1WWE6VS7,REC-JZHFZRQ0,Chalet,Chalet au calme à Nantes,Nantes,44000,1754041330,233840,121,2,True,,,,,,0046227646,,,,,"Chalet en excellent état de 121 m² situé à Nantes. Proche de toutes commodités, transports et écoles. À visiter sans tarder.",,,Nid Doré,False,,,,contact15@example.com,,,True,True,
a6aa7cde-a2f7-47e0-ab3d-ce734b2fd6ec,AN-1GWI2KQY,REC-JZHFZRQ0,Chalet,Chalet charmant à Nantes,Nantes,44000,2026-01-23,202009,116,3,,132 rue de la République,47.240472,-1.520296,,,0824072307,,,,2,"Chalet à rafraîchir de 116 m² situé à Nantes. Proche de toutes commodités, transports et écoles. À visiter sans tarder.",,,Provence Immobilier,True,https://exemple-images.test/AN-1GWI2KQY/1.jpg,,,contact57@example.com,,,,True,
a542db20-e674-4f3b-8714-42f562854252,AN-LOXSZH2D,REC-JZHFZRQ0,Chalet,Chalet avec vue dégagée à Nantes,Nantes,44000,2026-03-14,199312,137,3,,,47.177275,-1.586991,,Julie Girard,0694730573,,134.58,,,"Chalet charmant de 137 m² situé à Nantes. Cave et parking inclus. Proche de toutes commodités, transports et écoles. À visiter sans tarder.",,,Century Habitat,False,https://exemple-images.test/AN-LOXSZH2D/1.jpg; https://exemple-images.test/AN-LOXSZH2D/2.jpg; https://exemple-images.test/AN-LOXSZH2D/3.jpg; https://exemple-images.test/AN-LOXSZH2D/4.jpg; https://exemple-images.test/AN-LOXSZH2D/5.jpg,,,julie.girard41@example.com,,,,True,
b1b42221-9465-465c-91ff-433b391bfda2,AN-ES5FB72N,REC-JZHFZRQ0,Chalet,Chalet spacieux à Nantes,Nantes,44000,1758473170,191350,82,1,,187 boulevard Gambetta,,,,,0255863171,,,,,"Chalet lumineux de 82 m² situé à Nantes. Cave et parking inclus. Proche de toutes commodités, transports et écoles. À visiter sans tarder. Travaux à prévoir.",,,Clé en Main Immo,False,,A,,,,,True,True,
9e8e2179-6620-4c51-abd6-b80da4158a43,AN-LOQ9XW4B,REC-JZHFZRQ0,Chalet,Chalet à rafraîchir à Nantes,Nantes,44000,06/07/2026,237803 €,173,1,True,,47.250185,-1.58915,,,0270807968,,326.96,,,"Chalet de standing de 173 m² situé à Nantes. Cave et parking inclus. Proche de toutes commodités, transports et écoles. À visiter sans tarder. Travaux à prévoir.",,,Nid Doré,,https://exemple-images.test/AN-LOQ9XW4B/1.jpg; https://exemple-images.test/AN-LOQ9XW4B/2.jpg; https://exemple-images.test/AN-LOQ9XW4B/3.jpg; https://exemple-images.test/AN-LOQ9XW4B/4.jpg; https://exemple-images.test/AN-LOQ9XW4B/5.jpg,,,contact81@example.com,,,,True,
f799ac6f-517a-47d5-a0c1-233388a3f6bd,AN-BW7VUBNN,REC-JZHFZRQ0,Chalet,Chalet charmant à Nantes,Nantes,44000,2025-10-21T04:38:10,126333 €,142,1,False,,,,,,0999762553,,,0,,"Chalet avec vue dégagée de 142 m² situé à Nantes. Cave et parking inclus. Proche de toutes commodités, transports et écoles. À visiter sans tarder.",,,ImmoPlus,True,,,,contact9@example.com,,,True,True,
49bfa311-e05c-4096-968d-e98b3171ff50,AN-KTBW6ESX,REC-JZHFZRQ0,Chalet,Chalet à rafraîchir à Nantes,Nantes,44000,9 décembre 2025,213675 €,104,4,,,47.221795,-1.561715,,Marc Bernard,,,,,4,"Chalet rénové de 104 m² situé à Nantes. Proche de toutes commodités, transports et écoles. À visiter sans tarder.",,,,True,,,,,,,True,,
ec694f76-fc7e-4357-b030-f7c188a180bd,AN-D46FONIC,REC-JZHFZRQ0,Chalet,Chalet au calme à Nantes,Nantes,44000,2026-03-01T17:10:10,202662,220,3,,,47.173016,-1.56049,,Marie Bernard,0105641458,,,,,"Chalet au calme de 220 m² situé à Nantes. Proche de toutes commodités, transports et écoles. À visiter sans tarder.",,,Provence Immobilier,False,,,,marie.bernard72@example.com,,,True,True,
95e3034f-62b6-43ad-88ce-1a261d96346a,AN-V3SB9R6U,REC-JZHFZRQ0,Chalet,Chalet charmant à Nantes,Nantes,44000,30/08/2025,236098,201,5,,,47.209747,-1.548518,,Luc Girard,0139652656,,,,,"Chalet à rafraîchir de 201 m² situé à Nantes. Proche de toutes commodités, transports et écoles. À visiter sans tarder.",,,,True,https://exemple-images.test/AN-V3SB9R6U/1.jpg,,1928,luc.girard43@example.com,,,True,True,
4facbffb-360b-4b02-b1c2-a03112ca50c6,AN-GSMVGIM4,REC-JZHFZRQ0,Chalet,Chalet de standing à Nantes,Nantes,44000,5 février 2025,236236,166,2,,,,,,,0165688256,,,,,"Chalet au calme de 166 m² situé à Nantes. Proche de toutes commodités, transports et écoles. À visiter sans tarder. Travaux à prévoir.",,,,False,https://exemple-images.test/AN-GSMVGIM4/1.jpg; https://exemple-images.test/AN-GSMVGIM4/2.jpg; https://exemple-images.test/AN-GSMVGIM4/3.jpg,A,,,,,True,True,
ac448c26-797d-4890-b925-3bce488290fc,AN-D0A3SVME,REC-JZHFZRQ0,Chalet,Chalet au calme à Nantes,Nantes,44000,2026-01-22,241694 €,119,4,False,,47.205071,-1.567337,,Marie Girard,,,,,3,"Chalet atypique de 119 m² situé à Nantes. Proche de toutes commodités, transports et écoles. À visiter sans tarder.",,,Century Habitat,True,,,1946,,,,True,True,
618c1042-b288-4db7-ab5b-6f49b5bf9856,AN-ZQJXF9Z5,REC-JZHFZRQ0,Chalet,Chalet avec vue dégagée à Nantes,Nantes,44000,02-13-2026,164963,151,4,,,47.175762,-1.519814,,,0163763623,,,,,"Chalet spacieux de 151 m² situé à Nantes. Cave et parking inclus. Proche de toutes commodités, transports et écoles. À visiter sans tarder.",,,,True,,,,,,,True,True,
c8b7c416-6217-4fd4-a15d-52d324eefc78,AN-RQVVY42D,REC-JZHFZRQ0,Chalet,Chalet en excellent état à Nantes,Nantes,44000,24/05/2026,202251,81,2,,29 place de la Mairie,47.206764,-1.588103,,,0032829910,,,,,"Chalet spacieux de 81 m² situé à Nantes. Proche de toutes commodités, transports et écoles. À visiter sans tarder.",,,Toit & Vous,,,F,,,,,True,True,
bfdb6d08-decd-4aa9-995d-640fb49c634c,AN-FAMV79GS,REC-JZHFZRQ0,Chalet,Chalet atypique à Nantes,Nantes,44000,23 juillet 2026,246855,163,5,True,,,,,,0700942315,,237.15,2,,"Chalet charmant de 163 m² situé à Nantes. Cave et parking inclus. Proche de toutes commodités, transports et écoles. À visiter sans tarder.",,,,,,,,contact99@example.com,,,True,True,
76057453-58d6-4855-a5d2-1b46ec22e225,AN-ML4LYO1U,REC-JZHFZRQ0,Chalet,Chalet de standing à Nantes,Nantes,44000,2026-08-07T11:14:10,238695,179,1,,,,,,Ahmed Girard,0064179920,,,,0,"Chalet au calme de 179 m² situé à Nantes. Cave et parking inclus. Proche de toutes commodités, transports et écoles. À visiter sans tarder.",,,Century Habitat,,,,,ahmed.girard19@example.com,,,True,,
a5783e2c-4a91-43de-9b74-302aa20d0fee,AN-A1AJW9M6,REC-JZHFZRQ0,Chalet,Chalet charmant à Nantes,Nantes,44000,1735358770,214508,158,1,,118 allée des Platanes,,,,Ahmed Moreau,,,,,4,"Chalet atypique de 158 m² situé à Nantes. Cave et parking inclus. Proche de toutes commodités, transports et écoles. À visiter sans tarder.",,,,,,,,,,,True,,
a61df1e6-70ba-4526-8fb6-054712588648,AN-UWGM3H3E,REC-JZHFZRQ0,Chalet,Chalet lumineux à Nantes,Nantes,44000,1777519330,210984 €,123,2,,59 place de la Mairie,47.181655,-1.510694,,,0319169248,True,268.58,,,,,,,,,,,,,,True,True,
40f6b285-1d48-48f2-8288-e0ac4b3e1224,AN-IWPTRSVQ,REC-JZHFZRQ0,Chalet,Chalet au calme à Nantes,Nantes,44000,08-05-2025,192016,159,4,False,,,,,Luc Girard,0390678451,,,2,RDC,"Chalet en excellent état de 159 m² situé à Nantes. Cave et parking inclus. Proche de toutes commodités, transports et écoles. À visiter sans tarder.",,,,True,,,,,,,True,True,
d94e0b83-9fae-44c1-b2f5-25ec437ea7a5,AN-OQEL7RQD,REC-JZHFZRQ0,Chalet,Chalet au calme à Nantes,Nantes,44000,1729695250,145936,220,3,,,,,,,0249144075,True,,4,,"Chalet de standing de 220 m² situé à Nantes. Cave et parking inclus. Proche de toutes commodités, transports et écoles. À visiter sans tarder. Travaux à prévoir.",,,Clé en Main Immo,,,F,2017,contact50@example.com,,,True,True,
e9b03be5-59ff-41b9-ab6d-2353b07e9fa5,AN-U9XGJAVZ,REC-JZHFZRQ0,Chalet,Chalet spacieux à Nantes,Nantes,44000,03/03/2025,194793,217,1,,,47.257712,-1.599221,,,0144530576,,,,3,,,,,True,,,,contact86@example.com,,,True,True,
8653dbc9-11ca-4275-956a-23955831aa20,AN-GSFCVPX1,REC-JZHFZRQ0,Chalet,Chalet spacieux à Nantes,Nantes,44000,2026-07-04,233014,215,3,False,79 boulevard Gambetta,,,,,,,,3,,"Chalet lumineux de 215 m² situé à Nantes. Proche de toutes commodités, transports et écoles. À visiter sans tarder.",,,Provence Immobilier,,,,2017,,,,True,True,
7a24212b-f75d-44e3-9900-1ff9ca757b73,AN-D1Y6ON4B,REC-JZHFZRQ0,Chalet,Chalet charmant à Nantes,Nantes,44000,12 janvier 2026,240078,142,5,False,107 impasse des Lilas,47.254547,-1.597945,,Jean Dubois,0671533455,,,,,"Chalet avec vue dégagée de 142 m² situé à Nantes. Proche de toutes commodités, transports et écoles. À visiter sans tarder.",,,,,,D,1863,,,,True,True,
8ca85175-d4d1-4162-8439-f51cab4b9f2d,AN-MR38TY2Y,REC-JZHFZRQ0,Chalet,Chalet atypique à Nantes,Nantes,44000,08-03-2026,165029,184,2,,,,,,Luc Fontaine,0417458878,,,0,,,,,Provence Immobilier,True,,,1851,luc.fontaine66@example.com,,,True,True,
fd33a1f1-b6d0-46de-a5c3-5a852dd40953,AN-M378938D,REC-JZHFZRQ0,Chalet,Chalet charmant à Nantes,Nantes,44000,2026-04-25T08:19:10,228079,127,3,,167 rue Victor Hugo,,,,,0857716378,,,2,,,,,ImmoPlus,False,,,,contact79@example.com,,,True,True,
dd4ea2a3-2dac-444e-adcb-d941aba40c12,AN-S005O5VY,REC-JZHFZRQ0,Chalet,Chalet en excellent état à Nantes,Nantes,44000,25/01/2025,173697,171,3,,9 rue Victor Hugo,47.245913,-1.518175,,,0328966913,True,,5,,"Chalet à rafraîchir de 171 m² situé à Nantes. Proche de toutes commodités, transports et écoles. À visiter sans tarder.",,,,,,,,,,,True,True,
2200d869-8642-4026-b05b-8e8adfd2d6f1,AN-JIQQH7DO,REC-JZHFZRQ0,Chalet,Chalet rénové à Nantes,Nantes,44000,24 janvier 2025,131468,101,3,,109 rue Pasteur,47.215246,-1.591741,,Luc Moreau,0869177769,,,2,,"Chalet lumineux de 101 m² situé à Nantes. Cave et parking inclus. Proche de toutes commodités, transports et écoles. À visiter sans tarder.",,,,,,,,,,,True,True,
71aacd3b-3b5e-400f-887d-259c3e8642a7,AN-PVEX0NS1,REC-JZHFZRQ0,Chalet,Chalet spacieux à Nantes,Nantes,44000,31/05/2026,193524,77,1,False,61 allée des Platanes,,,,Marie Fontaine,0453478822,,,5,,"Chalet au calme de 77 m² situé à Nantes. Proche de toutes commodités, transports et écoles. À visiter sans tarder.",,,,False,,D,,marie.fontaine50@example.com,,,True,True,
e2e15ab3-1d0b-4a5c-87f7-2b569c6ad7c8,AN-GS80CE52,REC-JZHFZRQ0,Chalet,Chalet au calme à Nantes,Nantes,44000,10-19-2025,192812,137,1,,34 quai de la Loire,,,,Marie Bernard,0668230448,,,,,"Chalet rénové de 137 m² situé à Nantes. Cave et parking inclus. Proche de toutes commodités, transports et écoles. À visiter sans tarder.",,,Century Habitat,,,,,marie.bernard65@example.com,,,True,,
f5f3433a-1803-4d00-8ee9-c6abf90b2edb,AN-KFKWK0XO,REC-JZHFZRQ0,Chalet,Chalet lumineux à Nantes,Nantes,44000,2025-11-17T13:55:10,151843,161,5,False,10 avenue des Champs,,,,Nadia Perrin,0905850399,,,0,,"Chalet de standing de 161 m² situé à Nantes. Proche de toutes commodités, transports et écoles. À visiter sans tarder.",,,Provence Immobilier,False,,,,,,,True,True,
b8cbb1fe-4957-422e-bce5-7164749ae634,AN-QFUOFMOE,REC-JZHFZRQ0,Chalet,Chalet lumineux à Nantes,Nantes,44000,17 mai 2026,165514,81,1,False,154 rue Jean Jaurès,,,,,,True,,,1,"Chalet à rafraîchir de 81 m² situé à Nantes. Proche de toutes commodités, transports et écoles. À visiter sans tarder.",,,Clé en Main Immo,,,,,contact41@example.com,,,True,True,
1190c415-d5de-474e-969d-658ef3c9da18,AN-3IX07VKO,REC-JZHFZRQ0,Chalet,Chalet atypique à Nantes,Nantes,44000,2026-06-30T01:51:10,155062,184,2,,109 boulevard Gambetta,47.233784,-1.572495,,Marie Girard,,,,2,,"Chalet spacieux de 184 m² situé à Nantes. Proche de toutes commodités, transports et écoles. À visiter sans tarder. Travaux à prévoir.",,,,False,,,,,,,True,True,
ab8f5e63-8583-48fb-95b9-83bf9a4beb70,AN-CI8V0AD8,REC-JZHFZRQ0,Chalet,Chalet à rafraîchir à Nantes,Nantes,44000,14 juin 2025,194682,100,4,,161 rue du Commerce,,,,Marc Moreau,0135715376,,,,dernier étage,"Chalet au calme de 100 m² situé à Nantes. Proche de toutes commodités, transports et écoles. À visiter sans tarder.",,,,,,,1910,marc.moreau46@example.com,,,True,,
5c08ac58-daa1-4e7b-8b46-2c90e93cd1c0,AN-WIXN0RS5,REC-JZHFZRQ0,Chalet,Chalet de standing à Nantes,Nantes,44000,03-23-2026,173953,197,5,True,,47.248836,-1.569123,,Marc Fontaine,,True,,3,,,,,,,,,,,,,True,True,
2759bfd0-0b66-4352-aab3-9ecb18d668fb,AN-5QEX6AGK,REC-JZHFZRQ0,Chalet,Chalet lumineux à Nantes,Nantes,44000,26 juin 2026,206456 €,160,4,,142 rue du Commerce,,,,Jean Moreau,0770941281,,59.67,,,"Chalet atypique de 160 m² situé à Nantes. Proche de toutes commodités, transports et écoles. À visiter sans tarder. Travaux à prévoir.",,,Provence Immobilier,,,,,jean.moreau89@example.com,,,True,True,
d139cee5-ad7f-4e8b-87b6-560a0f435daf,AN-O6IU7QX1,REC-JZHFZRQ0,Chalet,Chalet de standing à Nantes,Nantes,44000,21/04/2025,188759 €,,4,,101 rue Jean Jaurès,47.247734,-1.57436,,,0267340882,,188.44,,,"Chalet avec vue dégagée de 108 m² situé à Nantes. Proche de toutes commodités, transports et écoles. À visiter sans tarder.",,,Clé en Main Immo,False,https://exemple-images.test/AN-O6IU7QX1/1.jpg,,,,108,,True,True,
ced77d35-57f1-442d-9f5f-e96f57b79917,AN-ZY1VORB1,REC-JZHFZRQ0,Chalet,Chalet avec vue dégagée à Nantes,Nantes,44000,14/05/2025,231760,145,5,,,,,,Luc Faure,,,,1,,,,,,,,B,,,,,True,True,
231e0f9d-e00b-4957-9605-12e9483efbff,AN-2GBV08HU,REC-JZHFZRQ0,Chalet,Chalet en excellent état à Nantes,Nantes,44000,07-03-2026,163780,124,4,,44 chemin des Vignes,47.243204,-1.505505,,,0114889896,,157.44,,,"Chalet atypique de 124 m² situé à Nantes. Proche de toutes commodités, transports et écoles. À visiter sans tarder.",,,Toit & Vous,,https://exemple-images.test/AN-2GBV08HU/1.jpg; https://exemple-images.test/AN-2GBV08HU/2.jpg,,1874,,,,True,,
9a09c6d8-9841-4444-931a-3c47795b72f6,AN-T6285A9Q,REC-JZHFZRQ0,Chalet,Chalet lumineux à Nantes,Nantes,44000,06-29-2026,134999,118,2,,175 chemin des Vignes,,,,Ahmed Faure,0369236506,,183.76,3,,"Chalet de standing de 118 m² situé à Nantes. Proche de toutes commodités, transports et écoles. À visiter sans tarder.",,,,False,,,1935,ahmed.faure62@example.com,,,,True,
358ac807-0963-4f96-9fc3-b314fe75555a,AN-B1Y4F30K,REC-JZHFZRQ0,Chalet,Chalet charmant à Nantes,Nantes,44000,1761898390,186096,166,1,,,,,,Nadia Perrin,0451706146,,281.07,1,,"Chalet de standing de 166 m² situé à Nantes. Proche de toutes commodités, transports et écoles. À visiter sans tarder. Travaux à prévoir.",,,,,,,1918,nadia.perrin79@example.com,,,True,True,
20f0f45d-9bad-469b-8845-555cc4b1e662,AN-342EAQHV,REC-JZHFZRQ0,Chalet,Chalet spacieux à Nantes,Nantes,44000,8 novembre 2025,157038,159,1,,,47.228065,-1.562858,,Jean Lefevre,,,233.92,4,5,,,,,True,,,,jean.lefevre52@example.com,,,True,True,
2c0fdc39-9e4d-4e7b-9096-88c7d6777a06,AN-YBVGG38V,REC-JZHFZRQ0,Chalet,Chalet spacieux à Nantes,Nantes,44000,11 septembre 2024,173467,98,5,,111 boulevard Gambetta,47.259695,-1.52727,,,0622282881,,,4,,,,,Century Habitat,,,,,contact82@example.com,,,True,True,
349f5db7-413f-487e-a19a-78b94d1b6599,AN-CII35YMN,REC-JZHFZRQ0,Chalet,Chalet atypique à Nantes,Nantes,44000,19/05/2026,190408,184,4,,174 impasse des Lilas,47.178153,-1.551541,,Luc Moreau,0393281205,,,1,RDC,"Chalet avec vue dégagée de 184 m² situé à Nantes. Cave et parking inclus. Proche de toutes commodités, transports et écoles. À visiter sans tarder.",,,,,https://exemple-images.test/AN-CII35YMN/1.jpg,G,,luc.moreau42@example.com,,,True,True,
17ae9b79-8c31-4da9-a287-537b4ac3df1d,AN-7HLFV2U9,REC-JZHFZRQ0,Chalet,Chalet rénové à Nantes,Nantes,44000,2025-03-01,152442 €,205,3,True,127 avenue des Champs,,,,,0664756083,,,,,,,,Century Habitat,False,https://exemple-images.test/AN-7HLFV2U9/1.jpg; https://exemple-images.test/AN-7HLFV2U9/2.jpg; https://exemple-images.test/AN-7HLFV2U9/3.jpg; https://exemple-images.test/AN-7HLFV2U9/4.jpg; https://exemple-images.test/AN-7HLFV2U9/5.jpg,G,,,,,True,True,
dc920322-2909-4107-ae03-cc19ac6230ae,AN-UHSJV3AX,REC-JZHFZRQ0,Chalet,Chalet atypique à Nantes,Nantes,44000,16/01/2025,203214,204,5,,,,,,,,,,3,,,,,Toit & Vous,,,,,contact53@example.com,,,True,True,
8a12582a-0bb0-4ac1-a4b5-6b658dd093b2,AN-SZVKLTEF,REC-JZHFZRQ0,Chalet,Chalet de standing à Nantes,Nantes,44000,2025-10-26,132975 €,188,2,,121 boulevard Gambetta,47.248712,-1.532894,,Luc Roche,0704205647,,,,5,"Chalet spacieux de 188 m² situé à Nantes. Proche de toutes commodités, transports et écoles. À visiter sans tarder.",,,,False,,D,,luc.roche45@example.com,,,,True,
454729b7-d3fb-4e40-b9e9-02ad9e4f00c4,AN-2HBXHXKD,REC-JZHFZRQ0,Chalet,Chalet avec vue dégagée à Nantes,Nantes,44000,10-09-2025,171816,145,1,,,,,,Julie Faure,0555449720,,,3,,"Chalet de standing de 145 m² situé à Nantes. Proche de toutes commodités, transports et écoles. À visiter sans tarder.",,,,True,,G,,,,,True,True,
1a95cfba-f756-4325-9ab7-211e732ead40,AN-NUP7ECL5,REC-JZHFZRQ0,Chalet,Chalet lumineux à Nantes,Nantes,44000,1780473010,147175,,4,,,47.20343,-1.592144,,Nadia Lefevre,0826540373,True,,,,"Chalet avec vue dégagée de 87 m² situé à Nantes. Cave et parking inclus. Proche de toutes commodités, transports et écoles. À visiter sans tarder.",,,,,,,,nadia.lefevre43@example.com,87,,True,True,
568b2a23-629f-48ca-a61d-2870bff22eb9,AN-PPIIHTK9,REC-JZHFZRQ0,Chalet,Chalet atypique à Nantes,Nantes,44000,2026-03-30T07:16:10,153334,163,3,True,64 boulevard Gambetta,,,,Claire Bernard,0676845890,,,0,,"Chalet spacieux de 163 m² situé à Nantes. Cave et parking inclus. Proche de toutes commodités, transports et écoles. À visiter sans tarder. Travaux à prévoir.",,,,,,,1960,claire.bernard82@example.com,,,True,True,
c2b670a5-875e-4a1b-9948-868388708174,AN-9TFQ7NS3,REC-JZHFZRQ0,Chalet,Chalet spacieux à Nantes,Nantes,44000,2026-01-05T07:35:10,233664,188,2,True,157 rue Pasteur,,,,,,,,,4,"Chalet en excellent état de 188 m² situé à Nantes. Proche de toutes commodités, transports et écoles. À visiter sans tarder.",,,Nid Doré,False,,C,1956,contact58@example.com,,,,,
d752c822-fd78-4074-b87e-714bad703bcd,AN-8HYNY484,REC-JZHFZRQ0,Chalet,Chalet atypique à Nantes,Nantes,44000,2026-08-19,129750,165,4,,23 rue de la République,47.264071,-1.577017,,Julie Perrin,0437300701,,,,,"Chalet avec vue dégagée de 165 m² situé à Nantes. Cave et parking inclus. Proche de toutes commodités, transports et écoles. À visiter sans tarder.",,,Provence Immobilier,False,,,1872,,,,True,True,
d3c9441d-cb62-4ce9-95cc-528fb412b12b,AN-DM4MUKJ4,REC-JZHFZRQ0,Chalet,Chalet au calme à Nantes,Nantes,44000,05-13-2025,162420,219,3,,128 chemin des Vignes,,,,Nadia Fontaine,,True,,,RDC,"Chalet charmant de 219 m² situé à Nantes. Proche de toutes commodités, transports et écoles. À visiter sans tarder. Travaux à prévoir.",,,,,,,,nadia.fontaine98@example.com,,,True,True,
047b20d9-77d0-4941-a018-d173e537ceb7,AN-ER1OD1TW,REC-JZHFZRQ0,Chalet,Chalet au calme à Nantes,Nantes,44000,2025-02-14T16:45:10,231489,190,5,False,,47.177831,-1.547322,,,0324865518,,,,,,,,Toit & Vous,,https://exemple-images.test/AN-ER1OD1TW/1.jpg,,,,,,,True,
435b4f2a-b15c-45b5-83e4-51bf643d92b0,AN-SIIQ3AT8,REC-JZHFZRQ0,Chalet,Chalet avec vue dégagée à Nantes,Nantes,44000,2026-01-03T03:06:10,178303,135,4,,,,,,Nadia Martin,0788236865,,,,,"Chalet atypique de 135 m² situé à Nantes. Proche de toutes commodités, transports et écoles. À visiter sans tarder.",,,ImmoPlus,False,,,,,,,True,True,
9b291bb3-a33b-4391-82a8-f2e1cdfa270a,AN-ZMX53T1Y,REC-JZHFZRQ0,Chalet,Chalet avec vue dégagée à Nantes,Nantes,44000,1780207450,196943 €,105,2,False,,,,,,,,,,,"Chalet atypique de 105 m² situé à Nantes. Cave et parking inclus. Proche de toutes commodités, transports et écoles. À visiter sans tarder.",,,Nid Doré,False,,,,,,,True,True,
03d85904-493f-4a4c-a3c0-cd1d07fe94e5,AN-BGH6878L,REC-JZHFZRQ0,Chalet,Chalet au calme à Nantes,Nantes,44000,29 mars 2026,154443,73,3,,80 rue Jean Jaurès,47.180904,-1.591733,,Nadia Moreau,0442306455,,,,1,,,,Toit & Vous,,https://exemple-images.test/AN-BGH6878L/1.jpg; https://exemple-images.test/AN-BGH6878L/2.jpg; https://exemple-images.test/AN-BGH6878L/3.jpg; https://exemple-images.test/AN-BGH6878L/4.jpg,,,nadia.moreau51@example.com,,,True,True,
ae9dddc1-7479-4767-9510-4a4de2e4e897,AN-R2H88QLV,REC-JZHFZRQ0,Chalet,Chalet charmant à Nantes,Nantes,44000,4 avril 2025,125862,208,2,,1 chemin des Vignes,,,,,0752613658,True,139.55,2,,"Chalet avec vue dégagée de 208 m² situé à Nantes. Proche de toutes commodités, transports et écoles. À visiter sans tarder.",,,,,,C,1888,,,,,True,
86122039-57a2-436b-b035-2c50e40ce0ef,AN-CX7G6HYI,REC-JZHFZRQ0,Chalet,Chalet avec vue dégagée à Nantes,Nantes,44000,2025-12-20,155755,196,3,,,47.260032,-1.5268,,,0073368018,,,,,"Chalet rénové de 196 m² situé à Nantes. Cave et parking inclus. Proche de toutes commodités, transports et écoles. À visiter sans tarder.",,,Toit & Vous,True,,,,contact52@example.com,,,True,,
8a1283b4-7482-4dca-b199-9747e0e94f65,AN-D1A879CY,REC-JZHFZRQ0,Chalet,Chalet rénové à Nantes,Nantes,44000,05/09/2025,157307,164,2,,94 allée des Platanes,,,,,0490528505,,,,RDC,"Chalet au calme de 164 m² situé à Nantes. Proche de toutes commodités, transports et écoles. À visiter sans tarder.",,,,False,,,,contact40@example.com,,,True,True,
671dc758-4b4c-40d5-925e-b71b002b1b4e,AN-H8JJC6SK,REC-JZHFZRQ0,Chalet,Chalet spacieux à Nantes,Nantes,44000,2024-11-05T19:25:10,124205,184,4,,,,,,Claire Moreau,0909196887,,,1,,"Chalet lumineux de 184 m² situé à Nantes. Cave et parking inclus. Proche de toutes commodités, transports et écoles. À visiter sans tarder.",,,ImmoPlus,False,https://exemple-images.test/AN-H8JJC6SK/1.jpg; https://exemple-images.test/AN-H8JJC6SK/2.jpg; https://exemple-images.test/AN-H8JJC6SK/3.jpg; https://exemple-images.test/AN-H8JJC6SK/4.jpg; https://exemple-images.test/AN-H8JJC6SK/5.jpg,,,,,,True,,
dde8a267-4622-4db1-a50b-c33c35ad94e6,AN-HIJR7F5L,REC-JZHFZRQ0,Chalet,Chalet lumineux à Nantes,Nantes,44000,2025-01-19,215952,177,2,,,,,,Luc Girard,0402902487,,,,,,,,ImmoPlus,,https://exemple-images.test/AN-HIJR7F5L/1.jpg,,,luc.girard82@example.com,,,True,True,
cb9147a4-45bf-4ee2-8639-0d28507bdafb,AN-2VJZ9SUA,REC-JZHFZRQ0,Chalet,Chalet charmant à Nantes,Nantes,44000,2024-11-06T10:54:10,162689,153,2,,,,,,Marc Martin,0079701408,,,5,,"Chalet en excellent état de 153 m² situé à Nantes. Proche de toutes commodités, transports et écoles. À visiter sans tarder.",,,Nid Doré,,https://exemple-images.test/AN-2VJZ9SUA/1.jpg; https://exemple-images.test/AN-2VJZ9SUA/2.jpg,,1997,,,,True,True,
9d8cb11b-ca3e-4589-a408-d6f8d8125ad6,AN-SCC22ZBB,REC-JZHFZRQ0,Chalet,Chalet de standing à Nantes,Nantes,44000,2025-06-10,191511,135,2,True,191 rue Jean Jaurès,,,,Marc Faure,0850797097,,,0,,"Chalet charmant de 135 m² situé à Nantes. Proche de toutes commodités, transports et écoles. À visiter sans tarder.",,,Clé en Main Immo,False,,A,,marc.faure34@example.com,,,True,True,
fb3d72a7-195a-4550-bd8b-5b5dae8d12ee,AN-QKLFMYBY,REC-JZHFZRQ0,Chalet,Chalet atypique à Nantes,Nantes,44000,07-09-2026,147290,165,4,,,47.218929,-1.534644,,,0125992022,True,,4,1,"Chalet atypique de 165 m² situé à Nantes. Cave et parking inclus. Proche de toutes commodités, transports et écoles. À visiter sans tarder.",,,,,,,,contact92@example.com,,,True,True,
6318abd4-5333-4769-bdc8-d00e34aff2f0,AN-VOR2TPZC,REC-JZHFZRQ0,Chalet,Chalet de standing à Nantes,Nantes,44000,04-28-2026,126752,183,5,,,,,,Luc Perrin,,,,,,"Chalet de standing de 183 m² situé à Nantes. Cave et parking inclus. Proche de toutes commodités, transports et écoles. À visiter sans tarder.",,,,False,,,1944,,,,True,,
e0e969bc-dcd5-4981-9a25-aea0f81c343a,AN-QYRCVFC7,REC-JZHFZRQ0,Chalet,Chalet spacieux à Nantes,Nantes,44000,2025-01-23T04:01:10,168011,81,4,,120 avenue des Champs,,,,,0583855709,,231.41,,,"Chalet spacieux de 81 m² situé à Nantes. Proche de toutes commodités, transports et écoles. À visiter sans tarder.",,,,False,https://exemple-images.test/AN-QYRCVFC7/1.jpg,,,,,,True,,
9f75db34-8a3f-4609-8a2a-a5f4d721a8e3,AN-BLBAVSNP,REC-JZHFZRQ0,Chalet,Chalet de standing à Nantes,Nantes,44000,18 février 2025,129595,214,1,,51 rue Victor Hugo,47.227694,-1.593422,,,0240705902,,,3,0,"Chalet à rafraîchir de 214 m² situé à Nantes. Cave et parking inclus. Proche de toutes commodités, transports et écoles. À visiter sans tarder.",,,ImmoPlus,True,,,,contact13@example.com,,,True,True,
e6f9f98e-79ca-46f8-b2b4-3447a25fc631,AN-ZF81JXL7,REC-JZHFZRQ0,Chalet,Chalet avec vue dégagée à Nantes,Nantes,44000,2025-08-14T12:37:10,208579,178,2,,194 impasse des Lilas,,,,,0731327720,,,,,"Chalet charmant de 178 m² situé à Nantes. Proche de toutes commodités, transports et écoles. À visiter sans tarder. Travaux à prévoir.",,,Century Habitat,False,https://exemple-images.test/AN-ZF81JXL7/1.jpg,,,contact22@example.com,,,True,True,
469c75e3-1010-4dd8-872a-b8791ddee26a,AN-UOLOGOUK,REC-JZHFZRQ0,Chalet,Chalet charmant à Nantes,Nantes,44000,2026-05-14,211020,138,5,False,153 place de la Mairie,47.174334,-1.559275,,Jean Faure,,,,,,"Chalet avec vue dégagée de 138 m² situé à Nantes. Proche de toutes commodités, transports et écoles. À visiter sans tarder. Travaux à prévoir.",,,,,https://exemple-images.test/AN-UOLOGOUK/1.jpg,B,,,,,True,,
f365a1fd-1062-43eb-9102-97a389cc9714,AN-TY9OUS27,REC-JZHFZRQ0,Chalet,Chalet avec vue dégagée à Nantes,Nantes,44000,23 mai 2026,164301 €,220,2,,,,,,,0296859669,,,2,,,,,ImmoPlus,,,,,contact12@example.com,,,True,True,
f09707d6-cd2e-4428-a092-d6a074d66a49,AN-TZWR7P63,REC-JZHFZRQ0,Chalet,Chalet charmant à Nantes,Nantes,44000,08-25-2026,153072,220,4,,171 place de la Mairie,,,,Sophie Martin,0149131710,,175.09,2,5,"Chalet atypique de 220 m² situé à Nantes. Cave et parking inclus. Proche de toutes commodités, transports et écoles. À visiter sans tarder. Travaux à prévoir.",,,,,,B,,sophie.martin45@example.com,,,True,,
528868a5-7c37-4f0e-b880-068f633238f9,AN-32HJCY70,REC-JZHFZRQ0,Chalet,Chalet rénové à Nantes,Nantes,44000,2025-12-08,147226,156,2,,47 allée des Platanes,47.260822,-1.522888,,Claire Fontaine,,,,,dernier étage,"Chalet atypique de 156 m² situé à Nantes. Proche de toutes commodités, transports et écoles. À visiter sans tarder.",,,,False,,,,,,,True,,
77385240-c7db-456d-891c-a7b12052e083,AN-WUI4CPDD,REC-JZHFZRQ0,Chalet,Chalet à rafraîchir à Nantes,Nantes,44000,26/11/2025,176897,86,5,,129 rue Victor Hugo,,,,Nadia Bernard,0144144937,,,4,,"Chalet de standing de 86 m² situé à Nantes. Proche de toutes commodités, transports et écoles. À visiter sans tarder. Travaux à prévoir.",,,,,https://exemple-images.test/AN-WUI4CPDD/1.jpg,,,,,,True,,
bfd94108-eb7d-4ae3-91d1-d3c7959700ac,AN-SUAOLNF1,REC-JZHFZRQ0,Chalet,Chalet avec vue dégagée à Nantes,Nantes,44000,2026-06-29T18:23:10,148828,149,4,,20 rue Victor Hugo,,,,Jean Roche,0494231216,,268.14,5,,,,,Toit & Vous,False,,,,,,,True,True,
0d51a053-9637-4d64-9f65-1b6be7a73701,AN-QDFUFJSH,REC-JZHFZRQ0,Chalet,Chalet avec vue dégagée à Nantes,Nantes,44000,1762736230,144384,173,3,,198 quai de la Loire,,,,Marc Roche,,,115.19,5,,"Chalet atypique de 173 m² situé à Nantes. Proche de toutes commodités, transports et écoles. À visiter sans tarder. Travaux à prévoir.",,,ImmoPlus,,,F,,marc.roche14@example.com,,,,True,
1c3fcd16-0cdb-482f-819e-8399605c22d3,AN-AE8OO8A1,REC-JZHFZRQ0,Chalet,Chalet charmant à Nantes,Nantes,44000,2024-09-18,170568 €,81,2,,90 place de la Mairie,,,,Luc Bernard,,,203.08,4,RDC,"Chalet avec vue dégagée de 81 m² situé à Nantes. Cave et parking inclus. Proche de toutes commodités, transports et écoles. À visiter sans tarder.",,,,,,C,1961,luc.bernard94@example.com,,,True,,
5737d130-f442-4647-86a9-7609a0ca7226,AN-CF6MZOUN,REC-JZHFZRQ0,Chalet,Chalet en excellent état à Nantes,Nantes,44000,2025-01-28T23:18:10,217895,157,3,,,47.186867,-1.506929,,Luc Roche,0872207843,,254.3,,3,,,,,True,,A,,luc.roche17@example.com,,,True,True,
eb456777-cf18-4dda-a422-205fd6af90a4,AN-SGIL59BH,REC-JZHFZRQ0,Chalet,Chalet rénové à Nantes,Nantes,44000,1762175230,194883,180,3,True,147 boulevard Gambetta,47.231936,-1.509261,,,,,,0,dernier étage,,,,Century Habitat,True,,F,1922,,,,True,True,
caf03964-c697-41fe-ab49-55cc8896007a,AN-08NN1GKK,REC-JZHFZRQ0,Chalet,Chalet de standing à Nantes,Nantes,44000,1728198610,203036,219,2,False,,,,,Marie Perrin,,,,3,,"Chalet lumineux de 219 m² situé à Nantes. Proche de toutes commodités, transports et écoles. À visiter sans tarder.",,,,True,https://exemple-images.test/AN-08NN1GKK/1.jpg,,,,,,True,True,
87ba35d7-9429-42c9-8af3-b20ad797746c,AN-QK4XVDYY,REC-JZHFZRQ0,Chalet,Chalet avec vue dégagée à Nantes,Nantes,44000,2026-02-05T16:50:10,180245,207,2,,,,,,,,,,,,"Chalet lumineux de 207 m² situé à Nantes. Proche de toutes commodités, transports et écoles. À visiter sans tarder. Travaux à prévoir.",,,,,,,,contact79@example.com,,,,True,
135d9948-fa34-4c57-89fa-e921f9f3c350,AN-0R6UVIQM,REC-JZHFZRQ0,Chalet,Chalet de standing à Nantes,Nantes,44000,02/10/2024,227687,114,2,,174 rue Pasteur,,,,Claire Dubois,0238054004,,,3,,"Chalet avec vue dégagée de 114 m² situé à Nantes. Proche de toutes commodités, transports et écoles. À visiter sans tarder.",,,Provence Immobilier,True,,E,1859,claire.dubois81@example.com,,,True,True,
aff2c705-e045-40b9-880e-91e2ca9ed055,AN-20BOLBFE,REC-JZHFZRQ0,Chalet,Chalet lumineux à Nantes,Nantes,44000,1762848790,156027,127,2,True,63 rue Jean Jaurès,47.226114,-1.566297,,,0705566705,,,0,,"Chalet en excellent état de 127 m² situé à Nantes. Cave et parking inclus. Proche de toutes commodités, transports et écoles. À visiter sans tarder. Travaux à prévoir.",,,,,https://exemple-images.test/AN-20BOLBFE/1.jpg,E,1861,,,,True,True,
ed5bd373-1357-4b05-9015-c3fb5165af7e,AN-6DAACO5L,REC-JZHFZRQ0,Chalet,Chalet atypique à Nantes,Nantes,44000,09-27-2024,244510,155,3,False,,47.229285,-1.586194,,Marc Fontaine,0319265260,,,2,,"Chalet de standing de 155 m² situé à Nantes. Proche de toutes commodités, transports et écoles. À visiter sans tarder.",,,,False,https://exemple-images.test/AN-6DAACO5L/1.jpg; https://exemple-images.test/AN-6DAACO5L/2.jpg; https://exemple-images.test/AN-6DAACO5L/3.jpg; https://exemple-images.test/AN-6DAACO5L/4.jpg,,,marc.fontaine27@example.com,,,,True,
7d3719e0-df20-4b02-b815-d8701d0233e0,AN-NW94TY9C,REC-JZHFZRQ0,Chalet,Chalet en excellent état à Nantes,Nantes,44000,12-11-2024,176851,123,3,,,,,,Marie Roche,,,,5,,,,,,,https://exemple-images.test/AN-NW94TY9C/1.jpg; https://exemple-images.test/AN-NW94TY9C/2.jpg; https://exemple-images.test/AN-NW94TY9C/3.jpg; https://exemple-images.test/AN-NW94TY9C/4.jpg,,1861,,,,True,True,
6433921d-97f0-44b1-a7c2-cddfa4697eb2,AN-0PQ88GLR,REC-JZHFZRQ0,Chalet,Chalet au calme à Nantes,Nantes,44000,2025-03-13,151182,117,4,True,,,,,,0971444516,,,3,,"Chalet atypique de 117 m² situé à Nantes. Cave et parking inclus. Proche de toutes commodités, transports et écoles. À visiter sans tarder.",,,Century Habitat,,,E,,,,,True,True,
d8612a2a-1d0e-4e40-b5b9-1ee5409049ac,AN-ZFRSO0OT,REC-JZHFZRQ0,Chalet,Chalet charmant à Nantes,Nantes,44000,2025-02-09,247299,144,5,,49 quai de la Loire,,,,Claire Lefevre,0966143541,,,0,,"Chalet lumineux de 144 m² situé à Nantes. Proche de toutes commodités, transports et écoles. À visiter sans tarder.",,,,,https://exemple-images.test/AN-ZFRSO0OT/1.jpg,E,,claire.lefevre14@example.com,,,True,,
0c67bf35-5f2e-4872-8032-c4e6c9a5c07e,AN-QHPYJNRT,REC-JZHFZRQ0,Chalet,Chalet de standing à Nantes,Nantes,44000,1758579730,182603,,3,,,47.252469,-1.539424,,Nadia Girard,0933535842,,,4,2,"Chalet de standing de 110 m² situé à Nantes. Cave et parking inclus. Proche de toutes commodités, transports et écoles. À visiter sans tarder.",,,,,,,,,110,,True,True,
1838d978-ec38-4cf2-9a8a-e8cba67afcfd,AN-2M54JGM3,REC-JZHFZRQ0,Chalet,Chalet spacieux à Nantes,Nantes,44000,28 octobre 2024,137409,110,3,False,81 rue Pasteur,47.2566,-1.547465,,Claire Girard,0920129352,,195.88,4,0,,,,,,,,,claire.girard30@example.com,,,,True,
f66786de-13b0-4dd7-932a-9684479bd52f,AN-BV2HR0QC,REC-JZHFZRQ0,Chalet,Chalet spacieux à Nantes,Nantes,44000,2025-04-09,146064,,3,,11 boulevard Gambetta,,,,,0989628925,,366.7,3,,"Chalet rénové de 194 m² situé à Nantes. Cave et parking inclus. Proche de toutes commodités, transports et écoles. À visiter sans tarder. Travaux à prévoir.",,,,,,,,,194,,True,True,
2d2eacaf-87f8-4b51-8310-bf3f9a9ce0c1,AN-G1WRFWC4,REC-JZHFZRQ0,Chalet,Chalet atypique à Nantes,Nantes,44000,02-12-2026,170548,,1,True,177 rue Victor Hugo,47.20476,-1.509595,,,0658256507,,,3,RDC,"Chalet de standing de 102 m² situé à Nantes. Proche de toutes commodités, transports et écoles. À visiter sans tarder.",,,,,,,,,102,,True,True,
11575adc-38e7-4528-a08d-7b4a411e647d,AN-ULIU3GRV,REC-JZHFZRQ0,Chalet,Chalet de standing à Nantes,Nantes,44000,2024-08-25T04:54:10,236409,151,4,,71 rue Victor Hugo,47.267253,-1.509765,,,0502917437,,,3,,"Chalet à rafraîchir de 151 m² situé à Nantes. Cave et parking inclus. Proche de toutes commodités, transports et écoles. À visiter sans tarder.",,,,,,C,,,,,,True,
d4dbe17e-2073-4467-9621-bbe54a12edbf,AN-BW3LW67M,REC-JZHFZRQ0,Chalet,Chalet à rafraîchir à Nantes,Nantes,44000,14 février 2026,151969,156,2,False,,47.248498,-1.585587,,,0718793685,,,0,,,,,Nid Doré,,,,1897,,,,True,True,
46c33ebd-8c7d-4749-951e-5389983be07e,AN-NROUFCYZ,REC-JZHFZRQ0,Chalet,Chalet au calme à Nantes,Nantes,44000,2 novembre 2025,194647 €,147,1,False,,47.229225,-1.53989,,Marc Roche,,,,,3,"Chalet avec vue dégagée de 147 m² situé à Nantes. Cave et parking inclus. Proche de toutes commodités, transports et écoles. À visiter sans tarder.",,,Nid Doré,True,,,1957,marc.roche68@example.com,,,True,True,
541f4740-141c-4e18-a940-db18946ab84a,AN-WKVLS6L4,REC-JZHFZRQ0,Chalet,Chalet en excellent état à Nantes,Nantes,44000,2026-08-18T09:20:10,241634,77,4,,,47.170352,-1.531635,,Marie Martin,0559043805,,,4,4,"Chalet lumineux de 77 m² situé à Nantes. Cave et parking inclus. Proche de toutes commodités, transports et écoles. À visiter sans tarder.",,,,,,,,marie.martin84@example.com,,,True,True,
7364e075-fb2e-4335-b8a3-f6f1a22f126b,AN-EKX1M0OQ,REC-JZHFZRQ0,Chalet,Chalet rénové à Nantes,Nantes,44000,03/02/2025,138304,120,3,,188 place de la Mairie,,,,,0896178428,,,5,,"Chalet lumineux de 120 m² situé à Nantes. Cave et parking inclus. Proche de toutes commodités, transports et écoles. À visiter sans tarder.",,,ImmoPlus,,,B,,contact39@example.com,,,True,,
189dc028-d80a-4193-967e-a7e25c3aa979,AN-IH8HC40I,REC-JZHFZRQ0,Chalet,Chalet spacieux à Nantes,Nantes,44000,13 mai 2025,191438 €,143,4,False,,47.2455,-1.564929,,,0028233223,,,,3,"Chalet spacieux de 143 m² situé à Nantes. Proche de toutes commodités, transports et écoles. À visiter sans tarder.",,,Clé en Main Immo,,,F,,,,,True,True,
85f9ad67-abb3-4099-9f6d-4bad2a3b4d97,AN-OLQBNO88,REC-JZHFZRQ0,Chalet,Chalet rénové à Nantes,Nantes,44000,2025-05-23T21:06:10,194872,104,5,,142 boulevard Gambetta,,,,Sophie Perrin,0142449151,,,,,"Chalet avec vue dégagée de 104 m² situé à Nantes. Cave et parking inclus. Proche de toutes commodités, transports et écoles. À visiter sans tarder.",,,,True,,,,,,,True,True,
55e77664-e58f-47a0-9792-ee0d21f38b4e,AN-L1FZPFX8,REC-JZHFZRQ0,Chalet,Chalet spacieux à Nantes,Nantes,44000,1773985210,177083,79,1,False,16 boulevard Gambetta,47.253541,-1.535725,,,0810315339,,,,,"Chalet rénové de 79 m² situé à Nantes. Cave et parking inclus. Proche de toutes commodités, transports et écoles. À visiter sans tarder.",,,Toit & Vous,,,,1920,,,,True,,
28f303bd-2c9a-42c6-98ba-37c2a5a1e6a2,AN-RF6PEXOF,REC-JZHFZRQ0,Chalet,Chalet lumineux à Nantes,Nantes,44000,2026-05-04T13:46:10,141972,111,4,,,47.267184,-1.537919,,Sophie Moreau,,,,,,"Chalet charmant de 111 m² situé à Nantes. Proche de toutes commodités, transports et écoles. À visiter sans tarder.",,,,True,https://exemple-images.test/AN-RF6PEXOF/1.jpg; https://exemple-images.test/AN-RF6PEXOF/2.jpg,G,,sophie.moreau31@example.com,,,,,
2a66efc7-5232-49a6-b1f7-2dbbb663b910,AN-72O58A36,REC-JZHFZRQ0,Chalet,Chalet lumineux à Nantes,Nantes,44000,09-13-2025,183115,83,3,True,185 rue Jean Jaurès,,,,,,,108.2,,,,,,,,https://exemple-images.test/AN-72O58A36/1.jpg; https://exemple-images.test/AN-72O58A36/2.jpg; https://exemple-images.test/AN-72O58A36/3.jpg; https://exemple-images.test/AN-72O58A36/4.jpg; https://exemple-images.test/AN-72O58A36/5.jpg,,1893,,,,True,,
17232b88-b565-42b7-84a8-f32a966287ad,AN-Z07Z34WM,REC-JZHFZRQ0,Chalet,Chalet de standing à Nantes,Nantes,44000,11-03-2025,191816,163,3,,165 chemin des Vignes,,,,Karim Perrin,0058528178,,,,dernier étage,"Chalet à rafraîchir de 163 m² situé à Nantes. Cave et parking inclus. Proche de toutes commodités, transports et écoles. À visiter sans tarder.",,,,,,,2007,,,,True,True,
53279c66-6821-4af6-bd66-e1c27b3fecf8,AN-50D6Z8D5,REC-JZHFZRQ0,Chalet,Chalet de standing à Nantes,Nantes,44000,05-22-2026,233867,197,1,True,181 rue du Commerce,47.234464,-1.547505,,Marie Faure,,,,4,1,"Chalet au calme de 197 m² situé à Nantes. Proche de toutes commodités, transports et écoles. À visiter sans tarder.",,,,True,,C,1851,,,,True,True,
3d6f7398-1930-4487-a18d-72ea7d7ccbb9,AN-PG17L5F1,REC-JZHFZRQ0,Chalet,Chalet rénové à Nantes,Nantes,44000,03-21-2025,179270,,5,,93 quai de la Loire,,,,,0195273729,True,82.02,3,,,,,Nid Doré,,https://exemple-images.test/AN-PG17L5F1/1.jpg; https://exemple-images.test/AN-PG17L5F1/2.jpg; https://exemple-images.test/AN-PG17L5F1/3.jpg; https://exemple-images.test/AN-PG17L5F1/4.jpg; https://exemple-images.test/AN-PG17L5F1/5.jpg,,,contact67@example.com,180,,True,True,
16e1913c-46d8-40ac-9a21-13be2e50e212,AN-2JW2VHDJ,REC-JZHFZRQ0,Chalet,Chalet atypique à Nantes,Nantes,44000,16/04/2025,185329,91,5,,,47.236047,-1.567036,,,0336494808,,198.58,,RDC,"Chalet rénové de 91 m² situé à Nantes. Proche de toutes commodités, transports et écoles. À visiter sans tarder. Travaux à prévoir.",,,,,,,1947,contact71@example.com,,,True,True,
7c392737-41b8-483d-b950-37bf7055cfcd,AN-11ZNJRZ3,REC-JZHFZRQ0,Chalet,Chalet au calme à Nantes,Nantes,44000,1726611190,155883,105,4,,,,,,Luc Martin,0943460459,,,,,,,,Clé en Main Immo,False,,,,luc.martin27@example.com,,,True,True,
7a3c858a-22da-45d8-8af6-d90b20d8bd24,AN-XCRPTLBO,REC-JZHFZRQ0,Chalet,Chalet en excellent état à Nantes,Nantes,44000,1727083090,179456,202,2,True,,,,,Luc Martin,0587291806,True,267.45,,5,"Chalet atypique de 202 m² situé à Nantes. Cave et parking inclus. Proche de toutes commodités, transports et écoles. À visiter sans tarder.",,,,,https://exemple-images.test/AN-XCRPTLBO/1.jpg,,,luc.martin27@example.com,,,True,True,
791efd21-20ed-4436-bedb-0dcdff321fc1,AN-QN1FFQPW,REC-JZHFZRQ0,Chalet,Chalet atypique à Nantes,Nantes,44000,2024-09-11,205183 €,160,4,,,,,,Nadia Perrin,,,,,1,"Chalet spacieux de 160 m² situé à Nantes. Cave et parking inclus. Proche de toutes commodités, transports et écoles. À visiter sans tarder.",,,,False,,C,,nadia.perrin95@example.com,,,True,True,
d9114cff-152e-48d7-bdae-2f9b2b652ad7,AN-SETLYSJK,REC-JZHFZRQ0,Chalet,Chalet atypique à Nantes,Nantes,44000,12-04-2024,154728 €,110,2,False,172 rue de la République,,,,Claire Roche,0216384974,,,,,,,,,False,,F,,claire.roche68@example.com,,,True,True,
1048c2b3-e268-4d53-b91d-2455298cb335,AN-LINSML9X,REC-JZHFZRQ0,Chalet,Chalet à rafraîchir à Nantes,Nantes,44000,16 septembre 2024,210458,192,1,,,,,,,,,,,5,"Chalet de standing de 192 m² situé à Nantes. Cave et parking inclus. Proche de toutes commodités, transports et écoles. À visiter sans tarder.",,,Provence Immobilier,,,,,contact82@example.com,,,True,True,
6ed7a91f-3f52-4e39-aaad-c8827b021636,AN-MR6RAVZN,REC-JZHFZRQ0,Chalet,Chalet spacieux à Nantes,Nantes,44000,1784118130,202957,121,2,False,88 quai de la Loire,47.179903,-1.557694,,,0357835542,,203.99,2,dernier étage,,,,Century Habitat,True,https://exemple-images.test/AN-MR6RAVZN/1.jpg; https://exemple-images.test/AN-MR6RAVZN/2.jpg; https://exemple-images.test/AN-MR6RAVZN/3.jpg,,1920,,,,True,True,
142383a3-46d9-4d66-8a52-527dd1907962,AN-309GXAD9,REC-JZHFZRQ0,Chalet,Chalet spacieux à Nantes,Nantes,44000,09-30-2025,246983,72,1,False,,,,,Julie Girard,0184241753,,,,dernier étage,"Chalet en excellent état de 72 m² situé à Nantes. Proche de toutes commodités, transports et écoles. À visiter sans tarder.",,,,,,,,,,,True,True,
de8f7fec-29c1-46e4-a0c5-83c829635929,AN-QH82Y5JS,REC-JZHFZRQ0,Chalet,Chalet lumineux à Nantes,Nantes,44000,02-19-2025,185771 €,135,3,False,60 rue Victor Hugo,47.212014,-1.596724,,Nadia Bernard,,,,0,,"Chalet charmant de 135 m² situé à Nantes. Cave et parking inclus. Proche de toutes commodités, transports et écoles. À visiter sans tarder.",,,,,https://exemple-images.test/AN-QH82Y5JS/1.jpg; https://exemple-images.test/AN-QH82Y5JS/2.jpg; https://exemple-images.test/AN-QH82Y5JS/3.jpg; https://exemple-images.test/AN-QH82Y5JS/4.jpg; https://exemple-images.test/AN-QH82Y5JS/5.jpg,,,nadia.bernard45@example.com,,,True,True,
5f6870d1-e54d-4cc7-81db-726b6e1729d1,AN-4GKI44QH,REC-JZHFZRQ0,Chalet,Chalet spacieux à Nantes,Nantes,44000,5 juin 2025,208276,208,5,,,47.169603,-1.529264,,Sophie Roche,0153048403,,,,,"Chalet rénové de 208 m² situé à Nantes. Proche de toutes commodités, transports et écoles. À visiter sans tarder.",,,,False,,,,,,,,True,
bf751d49-1ccb-437d-a78d-54d3469687dc,AN-YSVKPDRN,REC-JZHFZRQ0,Chalet,Chalet de standing à Nantes,Nantes,44000,09/08/2026,179166,121,2,,15 avenue des Champs,,,,Marc Bernard,,,,4,RDC,"Chalet spacieux de 121 m² situé à Nantes. Proche de toutes commodités, transports et écoles. À visiter sans tarder. Travaux à prévoir.",,,,True,,D,,marc.bernard28@example.com,,,True,True,
1ae679de-f83a-4b67-8d91-d1fef5cb385b,AN-HSFWLSHA,REC-JZHFZRQ0,Chalet,Chalet lumineux à Nantes,Nantes,44000,26 novembre 2025,150472,99,2,,89 rue Victor Hugo,47.220417,-1.526904,,,0354768553,,,5,5,,,,Century Habitat,,,C,,contact70@example.com,,,True,True,
0e35514e-c63f-4738-8c37-4166475d6869,AN-XIDCE9YU,REC-JZHFZRQ0,Chalet,Chalet spacieux à Nantes,Nantes,44000,2025-10-30,237987,108,3,True,118 impasse des Lilas,,,,Claire Bernard,0751912513,,,3,1,"Chalet rénové de 108 m² situé à Nantes. Proche de toutes commodités, transports et écoles. À visiter sans tarder.",,,,True,,,,,,,,True,
47d0346a-66db-4c7c-924a-9261594d9e58,AN-NGMHKLKZ,REC-JZHFZRQ0,Chalet,Chalet rénové à Nantes,Nantes,44000,2024-12-12,174667,216,5,,92 avenue des Champs,47.225097,-1.511134,,,0800716769,,,,3,"Chalet en excellent état de 216 m² situé à Nantes. Proche de toutes commodités, transports et écoles. À visiter sans tarder.",,,Century Habitat,False,,,,contact49@example.com,,,True,True,
8f09d44f-a89e-4c01-8e57-44b96c66ae4e,AN-8LKEYBU8,REC-JZHFZRQ0,Chalet,Chalet charmant à Nantes,Nantes,44000,2026-07-11T08:20:10,215336,143,2,,52 rue Victor Hugo,,,,Marc Bernard,0059291625,,,,,"Chalet à rafraîchir de 143 m² situé à Nantes. Cave et parking inclus. Proche de toutes commodités, transports et écoles. À visiter sans tarder.",,,,,,,,,,,True,True,
26dc0469-da18-4f6b-ab60-40fa3c269857,AN-3L31CA76,REC-JZHFZRQ0,Chalet,Chalet atypique à Nantes,Nantes,44000,2025-03-28T16:29:10,177430,180,1,,188 avenue des Champs,,,,Sophie Perrin,0686255254,,,,1,"Chalet spacieux de 180 m² situé à Nantes. Proche de toutes commodités, transports et écoles. À visiter sans tarder. Travaux à prévoir.",,,,True,https://exemple-images.test/AN-3L31CA76/1.jpg,,1996,,,,True,True,
6d2e2790-6275-43c8-9e87-f3cae0d1cbed,AN-HOABQXA2,REC-JZHFZRQ0,Chalet,Chalet au calme à Nantes,Nantes,44000,2025-01-06T15:50:10,195632,154,3,,174 chemin des Vignes,,,,,0613393629,,,5,,"Chalet atypique de 154 m² situé à Nantes. Proche de toutes commodités, transports et écoles. À visiter sans tarder.",,,,,,A,1940,,,,True,True,
c603f779-571f-4f4b-9e16-5bf7405fb5d0,AN-3NTKY1GI,REC-JZHFZRQ0,Chalet,Chalet de standing à Nantes,Nantes,44000,2025-02-07T10:06:10,166769,173,4,,,,,,,0231202203,,,1,dernier étage,"Chalet avec vue dégagée de 173 m² situé à Nantes. Proche de toutes commodités, transports et écoles. À visiter sans tarder. Travaux à prévoir.",,,ImmoPlus,,https://exemple-images.test/AN-3NTKY1GI/1.jpg; https://exemple-images.test/AN-3NTKY1GI/2.jpg,,,contact17@example.com,,,True,True,
42b3ed04-a56d-4a5a-b014-d7d9e337747f,AN-FCHKOFQ8,REC-JZHFZRQ0,Chalet,Chalet avec vue dégagée à Nantes,Nantes,44000,15 août 2025,159363,107,5,,108 quai de la Loire,47.260982,-1.55705,,,,True,,3,,"Chalet à rafraîchir de 107 m² situé à Nantes. Proche de toutes commodités, transports et écoles. À visiter sans tarder.",,,Provence Immobilier,,,A,,,,,,True,
7f8f434a-ecec-4f64-823f-5837cab8a754,AN-9L0JDA8W,REC-JZHFZRQ0,Chalet,Chalet lumineux à Nantes,Nantes,44000,2026-07-06T01:27:10,183791 €,116,4,,,,,,Julie Dubois,,,324.84,3,,,,,Century Habitat,,https://exemple-images.test/AN-9L0JDA8W/1.jpg; https://exemple-images.test/AN-9L0JDA8W/2.jpg; https://exemple-images.test/AN-9L0JDA8W/3.jpg; https://exemple-images.test/AN-9L0JDA8W/4.jpg; https://exemple-images.test/AN-9L0JDA8W/5.jpg,,,julie.dubois97@example.com,,,True,True,
c5976758-e611-40dd-91dd-98dc202958f6,AN-R7RM6FUI,REC-JZHFZRQ0,Chalet,Chalet charmant à Nantes,Nantes,44000,24 décembre 2024,186395,96,1,,,47.194383,-1.536994,,,0260666213,,,,RDC,,,,Toit & Vous,False,https://exemple-images.test/AN-R7RM6FUI/1.jpg; https://exemple-images.test/AN-R7RM6FUI/2.jpg,,,contact69@example.com,,,True,,
f0f8498f-c779-4f87-8e38-a628aa41b9fb,AN-S0C81P1S,REC-JZHFZRQ0,Chalet,Chalet au calme à Nantes,Nantes,44000,13/10/2025,215213,179,5,False,70 chemin des Vignes,,,,Ahmed Fontaine,,,,0,,"Chalet charmant de 179 m² situé à Nantes. Proche de toutes commodités, transports et écoles. À visiter sans tarder.",,,Century Habitat,,,C,,,,,True,,
cf42e8db-41de-4550-abd6-735c8cb5e0f6,AN-6N32LL5L,REC-JZHFZRQ0,Chalet,Chalet spacieux à Nantes,Nantes,44000,07-03-2025,146205,96,1,,148 rue de la République,,,,,,True,,1,5,,,,Provence Immobilier,,,,1867,contact14@example.com,,,,True,
492e876a-5cd7-48f2-bb44-e2da3a786851,AN-Y1H65SHC,REC-JZHFZRQ0,Chalet,Chalet de standing à Nantes,Nantes,44000,07-18-2026,127453,212,2,True,100 rue du Commerce,47.183838,-1.532838,,Julie Dubois,0342571048,,53.85,1,,"Chalet avec vue dégagée de 212 m² situé à Nantes. Cave et parking inclus. Proche de toutes commodités, transports et écoles. À visiter sans tarder.",,,,True,https://exemple-images.test/AN-Y1H65SHC/1.jpg; https://exemple-images.test/AN-Y1H65SHC/2.jpg; https://exemple-images.test/AN-Y1H65SHC/3.jpg; https://exemple-images.test/AN-Y1H65SHC/4.jpg; https://exemple-images.test/AN-Y1H65SHC/5.jpg,A,,,,,True,,
6955ba3d-5baa-461a-9a48-38376fa5cb39,AN-W1HL4DN6,REC-JZHFZRQ0,Chalet,Chalet au calme à Nantes,Nantes,44000,08-10-2025,128940,145,4,,47 allée des Platanes,,,,,0751200988,,,,,"Chalet au calme de 145 m² situé à Nantes. Proche de toutes commodités, transports et écoles. À visiter sans tarder. Travaux à prévoir.",,,,,,,,,,,True,,
382775e1-565c-464a-9b32-b743a5acdb1c,AN-AG3NZJ6H,REC-JZHFZRQ0,Chalet,Chalet à rafraîchir à Nantes,Nantes,44000,2024-12-15,162288,158,3,,91 quai de la Loire,,,,,,True,,,,,,,,,,,,contact57@example.com,,,True,True,
d10d696f-7dde-4b17-9c52-e793ef95fa10,AN-YJSX6FKV,REC-JZHFZRQ0,Chalet,Chalet atypique à Nantes,Nantes,44000,26/10/2025,239813 €,79,2,,,47.211043,-1.528834,,Sophie Martin,0662378994,,191.89,5,dernier étage,"Chalet atypique de 79 m² situé à Nantes. Proche de toutes commodités, transports et écoles. À visiter sans tarder.",,,,,https://exemple-images.test/AN-YJSX6FKV/1.jpg; https://exemple-images.test/AN-YJSX6FKV/2.jpg; https://exemple-images.test/AN-YJSX6FKV/3.jpg,D,,,,,True,True,
6f4b417e-fb46-4c3e-9dbe-3275641bb169,AN-96SXE90Z,REC-JZHFZRQ0,Chalet,Chalet au calme à Nantes,Nantes,44000,02/12/2025,156588,123,3,True,98 rue Pasteur,47.188575,-1.537661,,Ahmed Perrin,,True,,5,,"Chalet lumineux de 123 m² situé à Nantes. Proche de toutes commodités, transports et écoles. À visiter sans tarder.",,,,,,,,,,,True,True,
ef1b6626-a5c6-4347-9c4a-8dd03bfbba8a,AN-UZEX1Z5S,REC-JZHFZRQ0,Chalet,Chalet à rafraîchir à Nantes,Nantes,44000,3 juillet 2025,229635,178,2,,155 rue du Commerce,,,,Luc Lefevre,0870453612,,111.05,0,,"Chalet avec vue dégagée de 178 m² situé à Nantes. Cave et parking inclus. Proche de toutes commodités, transports et écoles. À visiter sans tarder.",,,Provence Immobilier,True,,,,,,,True,True,
612c5e6a-2ddd-4904-b450-33e9d0076bbf,AN-RBTTEEAD,REC-JZHFZRQ0,Chalet,Chalet de standing à Nantes,Nantes,44000,1733975290,197658,202,5,,,47.181031,-1.584967,,Luc Faure,,,,1,,,,,Clé en Main Immo,True,,,,,,,True,True,
5aea9854-f221-46d8-b78d-9ce2c7b50875,AN-CRNMYQ1V,REC-JZHFZRQ0,Chalet,Chalet avec vue dégagée à Nantes,Nantes,44000,29 juin 2026,185639,153,1,,120 boulevard Gambetta,47.242472,-1.540344,,Ahmed Bernard,0770492435,,,1,5,"Chalet charmant de 153 m² situé à Nantes. Cave et parking inclus. Proche de toutes commodités, transports et écoles. À visiter sans tarder. Travaux à prévoir.",,,,True,,,,ahmed.bernard6@example.com,,,True,True,
1aa74fcc-da44-40b8-b4ec-3e6a66fbceaf,AN-3JCEN4NT,REC-JZHFZRQ0,Chalet,Chalet à rafraîchir à Nantes,Nantes,44000,2026-07-23,190830 €,129,2,True,,47.224494,-1.582171,,Nadia Roche,0509984474,,,,,"Chalet spacieux de 129 m² situé à Nantes. Cave et parking inclus. Proche de toutes commodités, transports et écoles. À visiter sans tarder.",,,Toit & Vous,,https://exemple-images.test/AN-3JCEN4NT/1.jpg; https://exemple-images.test/AN-3JCEN4NT/2.jpg; https://exemple-images.test/AN-3JCEN4NT/3.jpg; https://exemple-images.test/AN-3JCEN4NT/4.jpg; https://exemple-images.test/AN-3JCEN4NT/5.jpg,D,,nadia.roche17@example.com,,,True,True,
f06614f6-74b5-4024-a7a0-753423ce0871,AN-PD4QD1QT,REC-JZHFZRQ0,Chalet,Chalet atypique à Nantes,Nantes,44000,2025-04-18T05:41:10,232090,,1,False,162 quai de la Loire,,,,Claire Bernard,0300938961,,,,,"Chalet charmant de 93 m² situé à Nantes. Proche de toutes commodités, transports et écoles. À visiter sans tarder. Travaux à prévoir.",,,,True,,,,,93,,True,True,
20b783c3-905f-4912-8091-b7fc4fa0b957,AN-049CBX55,REC-JZHFZRQ0,Chalet,Chalet charmant à Nantes,Nantes,44000,2024-12-17T14:38:10,124303,156,4,,131 rue du Commerce,47.237928,-1.505993,,,0701089769,,233.17,,2,"Chalet de standing de 156 m² situé à Nantes. Proche de toutes commodités, transports et écoles. À visiter sans tarder. Travaux à prévoir.",,,,,,A,,,,,True,True,
af475dc9-8c72-46b6-b9ca-c26a9dcd606d,AN-8AA9ARKK,REC-JZHFZRQ0,Chalet,Chalet spacieux à Nantes,Nantes,44000,11-22-2024,219142 €,157,1,,77 rue Victor Hugo,,,,Marie Faure,0749064966,,203.88,,,"Chalet spacieux de 157 m² situé à Nantes. Proche de toutes commodités, transports et écoles. À visiter sans tarder.",,,,False,,F,,marie.faure94@example.com,,,True,True,
aa7e1831-bba7-44a5-9277-c78dd89d7811,AN-97HBV6C9,REC-JZHFZRQ0,Chalet,Chalet rénové à Nantes,Nantes,44000,10 mars 2026,205749,152,1,,,,,,Marie Lefevre,0414610542,,,,,"Chalet lumineux de 152 m² situé à Nantes. Proche de toutes commodités, transports et écoles. À visiter sans tarder.",,,,True,,E,1966,,,,True,True,
02147568-f7a3-4c91-ba58-24fd2010b21d,AN-S9KG8G04,REC-JZHFZRQ0,Chalet,Chalet de standing à Nantes,Nantes,44000,1733232910,184528,73,4,,52 chemin des Vignes,47.217334,-1.554159,,Karim Moreau,0377912818,True,,,,"Chalet au calme de 73 m² situé à Nantes. Cave et parking inclus. Proche de toutes commodités, transports et écoles. À visiter sans tarder.",,,,,,E,,karim.moreau87@example.com,,,True,True,
a2b3fece-ba88-4a5a-9176-40f8ab333a50,AN-7WHQLI79,REC-JZHFZRQ0,Chalet,Chalet en excellent état à Nantes,Nantes,44000,14 mai 2025,213526,171,2,True,176 avenue des Champs,,,,,0120215735,,,4,dernier étage,,,,Provence Immobilier,True,,,,contact74@example.com,,,True,,
a149bf01-f54e-4f4d-9f29-98128a7b4f6d,AN-TJLDW9O0,REC-JZHFZRQ0,Chalet,Chalet rénové à Nantes,Nantes,44000,11/08/2025,129868,169,5,,,47.233547,-1.528672,,,0798497936,,,,,"Chalet en excellent état de 169 m² situé à Nantes. Cave et parking inclus. Proche de toutes commodités, transports et écoles. À visiter sans tarder.",,,,False,,,,,,,True,True,
fdcb368e-abef-48fa-b05a-a1addd3f3830,AN-QB51FXZH,REC-JZHFZRQ0,Chalet,Chalet lumineux à Nantes,Nantes,44000,04-16-2026,141818,151,3,False,,,,,,0897236030,,,,RDC,"Chalet au calme de 151 m² situé à Nantes. Cave et parking inclus. Proche de toutes commodités, transports et écoles. À visiter sans tarder.",,,,,,F,1976,,,,True,True,
b709bb54-5803-497f-99f4-eccc1d78b0b4,AN-RHHUHTK8,REC-JZHFZRQ0,Chalet,Chalet atypique à Nantes,Nantes,44000,09-10-2025,199696 €,164,4,,,,,,Claire Perrin,,,,,4,"Chalet avec vue dégagée de 164 m² situé à Nantes. Cave et parking inclus. Proche de toutes commodités, transports et écoles. À visiter sans tarder.",,,,,,,,claire.perrin84@example.com,,,True,True,
19849b39-c4b2-47c8-9e2e-e4d430fec8b8,AN-CH6H62CN,REC-JZHFZRQ0,Chalet,Chalet spacieux à Nantes,Nantes,44000,2026-01-11,167108,218,4,,,,,,Claire Martin,0721775553,,,,3,"Chalet atypique de 218 m² situé à Nantes. Proche de toutes commodités, transports et écoles. À visiter sans tarder.",,,,True,,B,1939,,,,True,True,
409dddf7-3065-4819-9ac7-26d3dedd061d,AN-240UQMFQ,REC-JZHFZRQ0,Chalet,Chalet rénové à Nantes,Nantes,44000,22/09/2025,228425 €,,4,,168 quai de la Loire,,,,Marie Moreau,0348364119,,370.53,0,RDC,"Chalet au calme de 190 m² situé à Nantes. Proche de toutes commodités, transports et écoles. À visiter sans tarder.",,,,False,https://exemple-images.test/AN-240UQMFQ/1.jpg; https://exemple-images.test/AN-240UQMFQ/2.jpg; https://exemple-images.test/AN-240UQMFQ/3.jpg; https://exemple-images.test/AN-240UQMFQ/4.jpg,E,1867,marie.moreau36@example.com,190,,True,True,
78a0fc27-e54d-4656-a76a-98587872bd2a,AN-ZZVY0H0J,REC-JZHFZRQ0,Chalet,Chalet rénové à Nantes,Nantes,44000,3 juin 2026,148935,181,2,True,,47.255772,-1.520689,,Nadia Bernard,0658638555,,,4,,,,,,False,,,1967,,,,True,True,
18ea2472-395f-454d-afa7-7daa147c82d4,AN-ITS0OY3A,REC-JZHFZRQ0,Chalet,Chalet avec vue dégagée à Nantes,Nantes,44000,04-01-2026,166175,198,5,,,47.211631,-1.581994,,Sophie Bernard,0463854817,,,,,,,,,True,,F,,sophie.bernard55@example.com,,,True,True,
64f84f85-2087-42a3-ba6c-48664f1d12e4,AN-XI4WUL0L,REC-JZHFZRQ0,Chalet,Chalet spacieux à Nantes,Nantes,44000,2025-01-11T21:40:10,140778,195,3,,68 place de la Mairie,,,,Marie Bernard,,True,,4,,"Chalet spacieux de 195 m² situé à Nantes. Proche de toutes commodités, transports et écoles. À visiter sans tarder.",,,,,,,,marie.bernard40@example.com,,,True,True,
2fd0563c-a5e1-401d-85c8-ee14032aff56,AN-NS22XLGZ,REC-JZHFZRQ0,Chalet,Chalet au calme à Nantes,Nantes,44000,15 avril 2025,229563,87,2,,,,,,Claire Fontaine,0393010187,,,4,,,,,Nid Doré,,https://exemple-images.test/AN-NS22XLGZ/1.jpg; https://exemple-images.test/AN-NS22XLGZ/2.jpg; https://exemple-images.test/AN-NS22XLGZ/3.jpg,,,,,,True,True,
0a1903d3-3790-44e8-8a06-e7798e9b8cc5,AN-30FZ3NYL,REC-JZHFZRQ0,Chalet,Chalet à rafraîchir à Nantes,Nantes,44000,2025-11-16,184701,144,2,False,,,,,Sophie Roche,0241740579,,,,,"Chalet lumineux de 144 m² situé à Nantes. Proche de toutes commodités, transports et écoles. À visiter sans tarder.",,,ImmoPlus,False,,C,,sophie.roche93@example.com,,,,True,
4d7180b3-05d2-4f29-ac8a-3ff5dd491179,AN-TQSA2RFE,REC-JZHFZRQ0,Chalet,Chalet à rafraîchir à Nantes,Nantes,44000,2025-10-15T02:13:10,130242,133,5,False,,47.254119,-1.543384,,Marc Perrin,0001146978,,,2,,"Chalet à rafraîchir de 133 m² situé à Nantes. Proche de toutes commodités, transports et écoles. À visiter sans tarder.",,,,False,,,1942,marc.perrin14@example.com,,,,True,
be13e674-d61b-4452-bc37-1109ee58982d,AN-O36WR1YU,REC-JZHFZRQ0,Chalet,Chalet en excellent état à Nantes,Nantes,44000,23/03/2026,170916,155,4,,167 quai de la Loire,47.169053,-1.504806,,Marc Bernard,,,288.18,0,3,"Chalet rénové de 155 m² situé à Nantes. Cave et parking inclus. Proche de toutes commodités, transports et écoles. À visiter sans tarder. Travaux à prévoir.",,,Toit & Vous,False,,,,marc.bernard71@example.com,,,,True,
f350e0d7-06cf-42f6-bb43-1d8d4100f204,AN-OCLRYUWM,REC-JZHFZRQ0,Chalet,Chalet rénové à Nantes,Nantes,44000,22/02/2025,166608,140,4,,25 avenue des Champs,47.240275,-1.57476,,Marie Martin,0711836766,True,,,,"Chalet avec vue dégagée de 140 m² situé à Nantes. Proche de toutes commodités, transports et écoles. À visiter sans tarder. Travaux à prévoir.",,,,,,,,marie.martin3@example.com,,,True,True,
83967a3a-99ef-493e-8a28-202d3afb06f2,AN-2022KD2T,REC-JZHFZRQ0,Chalet,Chalet de standing à Nantes,Nantes,44000,07/05/2025,214005,167,5,True,179 rue de la République,47.247783,-1.560876,,,0507978210,,,,,,,,,,,A,,,,,True,True,
d7602b06-e8d3-42a5-960b-ce98a236f56f,AN-MVO74MQH,REC-JZHFZRQ0,Chalet,Chalet charmant à Nantes,Nantes,44000,04-30-2025,144164,176,2,,120 place de la Mairie,47.240065,-1.521671,,Luc Lefevre,0376431358,,,3,,"Chalet de standing de 176 m² situé à Nantes. Proche de toutes commodités, transports et écoles. À visiter sans tarder.",,,,,https://exemple-images.test/AN-MVO74MQH/1.jpg; https://exemple-images.test/AN-MVO74MQH/2.jpg,,,luc.lefevre72@example.com,,,True,True,
3dede0cc-fc17-487a-8bd3-3ad0d1468af3,AN-T3QYJXPT,REC-JZHFZRQ0,Chalet,Chalet lumineux à Nantes,Nantes,44000,06-16-2025,186297 €,138,4,True,,,,,,0979726691,,,1,,"Chalet rénové de 138 m² situé à Nantes. Proche de toutes commodités, transports et écoles. À visiter sans tarder. Travaux à prévoir.",,,ImmoPlus,,,,1905,,,,True,True,
2e2719aa-6e29-4d69-8cf2-2ab9b4d68d9b,AN-T2SKJP60,REC-JZHFZRQ0,Chalet,Chalet charmant à Nantes,Nantes,44000,12-11-2024,188598,93,1,,58 rue du Commerce,47.17392,-1.528015,,,0168687538,True,,,4,"Chalet avec vue dégagée de 93 m² situé à Nantes. Proche de toutes commodités, transports et écoles. À visiter sans tarder.",,,,,,,1861,,,,True,True,
a7f465f4-0ecb-4dc4-894b-5cfecb764159,AN-WIWQ9EXA,REC-JZHFZRQ0,Chalet,Chalet rénové à Nantes,Nantes,44000,2025-10-29,134756,183,1,,16 impasse des Lilas,47.250178,-1.518363,,,0857204528,,,,,"Chalet charmant de 183 m² situé à Nantes. Cave et parking inclus. Proche de toutes commodités, transports et écoles. À visiter sans tarder. Travaux à prévoir.",,,,False,,B,,,,,True,True,
f76602cd-0885-4558-bc60-1b142eafa3ec,AN-GMCIOF9J,REC-JZHFZRQ0,Chalet,Chalet charmant à Nantes,Nantes,44000,2024-08-28T09:58:10,172866 €,95,2,,,47.237169,-1.589612,,Nadia Martin,0500043381,,,3,,"Chalet à rafraîchir de 95 m² situé à Nantes. Proche de toutes commodités, transports et écoles. À visiter sans tarder.",,,,,,C,,nadia.martin87@example.com,,,,True,
97e2e9d1-8f8a-4e44-9a9d-a82f8b3e6b41,AN-LPI85IC0,REC-JZHFZRQ0,Chalet,Chalet lumineux à Nantes,Nantes,44000,2025-01-12T10:49:10,154712,138,3,,,,,,Julie Perrin,0739483207,,,,RDC,"Chalet à rafraîchir de 138 m² situé à Nantes. Proche de toutes commodités, transports et écoles. À visiter sans tarder.",,,,,,,,julie.perrin51@example.com,,,,True,
3a6d2748-9699-44c3-b9f1-5a54f5124bfc,AN-SD5W6O1I,REC-JZHFZRQ0,Chalet,Chalet en excellent état à Nantes,Nantes,44000,2024-10-07,241328,148,1,True,,47.25298,-1.512938,,Marie Roche,,True,,,,"Chalet charmant de 148 m² situé à Nantes. Proche de toutes commodités, transports et écoles. À visiter sans tarder.",,,,,,,,marie.roche82@example.com,,,,True,
4494b71e-2c53-46b6-8595-75ed968821fb,AN-RO0CEGZC,REC-JZHFZRQ0,Chalet,Chalet avec vue dégagée à Nantes,Nantes,44000,11-05-2025,209671,91,3,True,,47.174583,-1.535805,,Luc Roche,0806787159,,,,2,"Chalet lumineux de 91 m² situé à Nantes. Proche de toutes commodités, transports et écoles. À visiter sans tarder.",,,,,,F,,luc.roche89@example.com,,,True,True,
6c811882-69ed-4939-84d0-afd33c419620,AN-5W3EAUEE,REC-JZHFZRQ0,Chalet,Chalet atypique à Nantes,Nantes,44000,24/05/2025,212234,98,3,,144 allée des Platanes,,,,,0990911198,,,0,3,"Chalet en excellent état de 98 m² situé à Nantes. Cave et parking inclus. Proche de toutes commodités, transports et écoles. À visiter sans tarder.",,,,,,,,contact4@example.com,,,True,,
82788c75-06c3-451f-95c2-704bc8551bd6,AN-DPX7LI1Z,REC-JZHFZRQ0,Chalet,Chalet à rafraîchir à Nantes,Nantes,44000,06-07-2025,243386,144,5,,,,,,,0102829173,,,3,1,"Chalet à rafraîchir de 144 m² situé à Nantes. Proche de toutes commodités, transports et écoles. À visiter sans tarder.",,,,False,https://exemple-images.test/AN-DPX7LI1Z/1.jpg; https://exemple-images.test/AN-DPX7LI1Z/2.jpg; https://exemple-images.test/AN-DPX7LI1Z/3.jpg; https://exemple-images.test/AN-DPX7LI1Z/4.jpg; https://exemple-images.test/AN-DPX7LI1Z/5.jpg,,1995,contact2@example.com,,,True,True,
ef705de8-b307-4f71-8fe0-e64b65796702,AN-2GFCBGA6,REC-JZHFZRQ0,Chalet,Chalet avec vue dégagée à Nantes,Nantes,44000,7 septembre 2025,192563,,4,,,,,,,0644782350,,,2,,"Chalet de standing de 86 m² situé à Nantes. Cave et parking inclus. Proche de toutes commodités, transports et écoles. À visiter sans tarder. Travaux à prévoir.",,,,False,https://exemple-images.test/AN-2GFCBGA6/1.jpg; https://exemple-images.test/AN-2GFCBGA6/2.jpg,,,,86,,True,True,
f039a29c-b758-46b0-b108-9eff85dd8f07,AN-WZLB5VGQ,REC-JZHFZRQ0,Chalet,Chalet à rafraîchir à Nantes,Nantes,44000,07/04/2025,214750,174,4,True,,,,,Marie Roche,0688727515,,,2,,"Chalet au calme de 174 m² situé à Nantes. Proche de toutes commodités, transports et écoles. À visiter sans tarder.",,,Nid Doré,,,,1894,marie.roche6@example.com,,,True,True,
4d9f3458-013c-47c6-8c95-0f53d6e33c0c,AN-NIU4F40K,REC-JZHFZRQ0,Chalet,Chalet lumineux à Nantes,Nantes,44000,23 décembre 2025,216109,190,4,,36 rue du Commerce,47.211049,-1.555447,,Marie Perrin,,,,3,,,,,,,,,,,,,True,True,
2ca68b9a-6149-4fa5-bf11-5c7acbfa7346,AN-IOEXRLP8,REC-JZHFZRQ0,Chalet,Chalet à rafraîchir à Nantes,Nantes,44000,11-19-2025,210578,107,1,,106 rue de la République,,,,,0855799736,,,,,"Chalet en excellent état de 107 m² situé à Nantes. Proche de toutes commodités, transports et écoles. À visiter sans tarder.",,,,True,https://exemple-images.test/AN-IOEXRLP8/1.jpg; https://exemple-images.test/AN-IOEXRLP8/2.jpg; https://exemple-images.test/AN-IOEXRLP8/3.jpg; https://exemple-images.test/AN-IOEXRLP8/4.jpg,B,,,,,True,True,
ecbc75e6-b5d9-40c1-8dd2-a0d032b6290c,AN-VWS79XSE,REC-JZHFZRQ0,Chalet,Chalet charmant à Nantes,Nantes,44000,05-27-2026,235847,116,1,,24 rue Jean Jaurès,,,,Ahmed Fontaine,,True,,5,,"Chalet avec vue dégagée de 116 m² situé à Nantes. Proche de toutes commodités, transports et écoles. À visiter sans tarder.",,,Nid Doré,,,,,ahmed.fontaine27@example.com,,,True,True,
35e4d803-a8df-45a5-a15f-1e72b7781845,AN-KC9BK6ZW,REC-JZHFZRQ0,Chalet,Chalet avec vue dégagée à Nantes,Nantes,44000,12 septembre 2024,169724,,4,True,28 avenue des Champs,,,,Luc Girard,0111975005,,,3,,,,,Toit & Vous,False,,,,,81,,True,True,
d56c1481-494f-4c36-9cc1-32c519ef55ef,AN-9J72YNWQ,REC-H2W9FTUQ,Chalet,Chalet atypique à Annecy,Annecy,74000,2025-02-18,274106,226,8,,86 rue du Commerce,,,,,0521574966,,,,,"Chalet rénové de 226 m² situé à Annecy. Proche de toutes commodités, transports et écoles. À visiter sans tarder.",,,,,https://exemple-images.test/AN-9J72YNWQ/1.jpg; https://exemple-images.test/AN-9J72YNWQ/2.jpg,,,,,,,,
91cabfd1-1209-4f50-b788-508d198d35eb,AN-7H7XT5TC,REC-H2W9FTUQ,Chalet,Chalet au calme à Annecy,Annecy,74000,2024-12-14T18:43:10,234233 €,300,5,,173 quai de la Loire,,,,Nadia Fontaine,,,,,,,,,ImmoPlus,,,E,,,,,,,
eafe95ee-5618-4376-8dbb-25fc5403911b,AN-22MES7ZS,REC-H2W9FTUQ,Chalet,Chalet spacieux à Annecy,Annecy,74000,4 octobre 2024,307535 €,371,8,,,45.870925,6.165289,,Jean Girard,0478660379,,221.31,,4,"Chalet atypique de 371 m² situé à Annecy. Proche de toutes commodités, transports et écoles. À visiter sans tarder.",,,Nid Doré,True,,A,,,,,,,
62c9f209-9bee-45f5-b0b0-1e18a8cbcc97,AN-BDE340MX,REC-H2W9FTUQ,Chalet,Chalet à rafraîchir à Annecy,Annecy,74000,2026-05-29T08:24:10,283922,343,8,True,179 rue Jean Jaurès,,,,Julie Martin,0095023070,,,,,"Chalet en excellent état de 343 m² situé à Annecy. Proche de toutes commodités, transports et écoles. À visiter sans tarder.",,,Clé en Main Immo,False,,E,,,,,,,
48ea9ec8-e84d-47d3-8a67-6b7b71bda3f4,AN-P699N6DN,REC-H2W9FTUQ,Chalet,Chalet spacieux à Annecy,Annecy,74000,3 juillet 2026,268831,267,3,,,,,,Julie Roche,,,,4,5,"Chalet lumineux de 267 m² situé à Annecy. Proche de toutes commodités, transports et écoles. À visiter sans tarder. Travaux à prévoir.",,,,False,,D,,,,,,,
1954fc63-101f-45e5-a155-3d70b05283c6,AN-TKCIFVVF,REC-H2W9FTUQ,Chalet,Chalet au calme à Annecy,Annecy,74000,1783617070,227174,273,4,False,,45.853617,6.177832,,,,,,,2,"Chalet à rafraîchir de 273 m² situé à Annecy. Proche de toutes commodités, transports et écoles. À visiter sans tarder.",,,,False,https://exemple-images.test/AN-TKCIFVVF/1.jpg; https://exemple-images.test/AN-TKCIFVVF/2.jpg; https://exemple-images.test/AN-TKCIFVVF/3.jpg,,,,,,,,
cf66b679-d0cb-4bbb-b248-1df0ee5101e9,AN-GIF6AY8A,REC-H2W9FTUQ,Chalet,Chalet spacieux à Annecy,Annecy,74000,1 janvier 2025,256877 €,346,,,84 rue de la République,45.898686,6.161905,,Marie Roche,0180350430,,,2,,"Chalet atypique de 346 m² situé à Annecy. Cave et parking inclus. Proche de toutes commodités, transports et écoles. À visiter sans tarder.",,,,False,https://exemple-images.test/AN-GIF6AY8A/1.jpg; https://exemple-images.test/AN-GIF6AY8A/2.jpg; https://exemple-images.test/AN-GIF6AY8A/3.jpg; https://exemple-images.test/AN-GIF6AY8A/4.jpg; https://exemple-images.test/AN-GIF6AY8A/5.jpg,A,1901,,,,,,
1c091c0f-2743-492a-8c7c-be4c0ae8a9ed,AN-C42SZHID,REC-H2W9FTUQ,Chalet,Chalet charmant à Annecy,Annecy,74000,12 mars 2026,236420,235,,,68 rue de la République,,,,Luc Roche,,,,,,"Chalet de standing de 235 m² situé à Annecy. Proche de toutes commodités, transports et écoles. À visiter sans tarder.",,,,,https://exemple-images.test/AN-C42SZHID/1.jpg; https://exemple-images.test/AN-C42SZHID/2.jpg; https://exemple-images.test/AN-C42SZHID/3.jpg,G,,,,,,,
d508b267-da2f-4461-a514-ba11a733547e,AN-CW3G285Y,REC-H2W9FTUQ,Chalet,Chalet en excellent état à Annecy,Annecy,74000,12-31-2025,299804,,3,,,,,,,,,377.05,5,,,,,ImmoPlus,True,,F,1977,contact22@example.com,357,,,,
b8980280-0549-4d75-81e9-9d24880571d9,AN-97IRFSV8,REC-H2W9FTUQ,Chalet,Chalet lumineux à Annecy,Annecy,74000,1774025590,315247,310,1,,,,,,Luc Moreau,,,253.3,3,2,"Chalet charmant de 310 m² situé à Annecy. Cave et parking inclus. Proche de toutes commodités, transports et écoles. À visiter sans tarder. Travaux à prévoir.",,,Clé en Main Immo,True,,A,1909,,,,,,
213bc89a-bde2-4c33-96a2-b4a3f9ea9299,AN-33FRZMWV,REC-H2W9FTUQ,Chalet,Chalet rénové à Annecy,Annecy,74000,1769274490,171613,336,,False,,45.861137,6.140225,,Karim Fontaine,,True,,0,,"Chalet rénové de 336 m² situé à Annecy. Cave et parking inclus. Proche de toutes commodités, transports et écoles. À visiter sans tarder.",,,Century Habitat,,https://exemple-images.test/AN-33FRZMWV/1.jpg; https://exemple-images.test/AN-33FRZMWV/2.jpg; https://exemple-images.test/AN-33FRZMWV/3.jpg; https://exemple-images.test/AN-33FRZMWV/4.jpg,D,,karim.fontaine46@example.com,,,,,
e64b6615-4480-412a-bf0d-b9cd5b2aa0ee,AN-ZKVCVYP6,REC-H2W9FTUQ,Chalet,Chalet spacieux à Annecy,Annecy,74000,07/12/2024,307684,319,2,True,142 rue du Commerce,,,,,,,,3,,"Chalet atypique de 319 m² situé à Annecy. Cave et parking inclus. Proche de toutes commodités, transports et écoles. À visiter sans tarder.",,,Toit & Vous,True,https://exemple-images.test/AN-ZKVCVYP6/1.jpg,D,,,,,,,
32719c87-20fb-42ad-889f-bc75bdca5f48,AN-UO756VV6,REC-H2W9FTUQ,Chalet,Chalet lumineux à Annecy,Annecy,74000,9 janvier 2025,172015,362,1,,,,,,Marie Faure,0622686917,,,,,,,,Clé en Main Immo,,https://exemple-images.test/AN-UO756VV6/1.jpg,B,,,,,,,
ddde54ff-4655-4736-bc75-dbd1022db959,AN-ES550RHR,REC-H2W9FTUQ,Chalet,Chalet de standing à Annecy,Annecy,74000,2024-09-04T00:06:10,299131 €,267,2,True,,,,,Karim Roche,,True,,5,,"Chalet charmant de 267 m² situé à Annecy. Proche de toutes commodités, transports et écoles. À visiter sans tarder.",,,,,,,,,,,,,
a81a8a86-ea23-4850-a934-d97d954eab4a,AN-KNABSX0Q,REC-H2W9FTUQ,Chalet,Chalet avec vue dégagée à Annecy,Annecy,74000,30/05/2025,302595,315,,True,,,,,Ahmed Lefevre,0134975547,,,3,,"Chalet lumineux de 315 m² situé à Annecy. Proche de toutes commodités, transports et écoles. À visiter sans tarder. Travaux à prévoir.",,,,,,G,2017,,,,,,
b1363410-f41d-4aee-b279-930a9ff4a004,AN-MGVAZ0GT,REC-H2W9FTUQ,Chalet,Chalet charmant à Annecy,Annecy,74000,2026-02-22T00:36:10,321672,,,False,131 rue du Commerce,,,,,0318277965,,,,dernier étage,"Chalet au calme de 291 m² situé à Annecy. Proche de toutes commodités, transports et écoles. À visiter sans tarder.",,,,True,https://exemple-images.test/AN-MGVAZ0GT/1.jpg; https://exemple-images.test/AN-MGVAZ0GT/2.jpg; https://exemple-images.test/AN-MGVAZ0GT/3.jpg; https://exemple-images.test/AN-MGVAZ0GT/4.jpg; https://exemple-images.test/AN-MGVAZ0GT/5.jpg,D,,,291,,,,
98d8ac5e-b491-4736-be66-71f49cab156e,AN-TO3VAWVT,REC-H2W9FTUQ,Chalet,Chalet lumineux à Annecy,Annecy,74000,25/11/2025,175293,297,1,,19 avenue des Champs,,,,Ahmed Perrin,0401256040,,,,,"Chalet avec vue dégagée de 297 m² situé à Annecy. Cave et parking inclus. Proche de toutes commodités, transports et écoles. À visiter sans tarder.",,,,True,,A,,ahmed.perrin6@example.com,,,,,
7d8d9c0d-c4f1-4ffb-a6a7-237022a7181d,AN-7VILJEXY,REC-H2W9FTUQ,Chalet,Chalet au calme à Annecy,Annecy,74000,2026-07-02,299045,335,4,False,,,,,,0770387423,,,,,"Chalet charmant de 335 m² situé à Annecy. Proche de toutes commodités, transports et écoles. À visiter sans tarder.",,,Century Habitat,False,https://exemple-images.test/AN-7VILJEXY/1.jpg; https://exemple-images.test/AN-7VILJEXY/2.jpg,G,2003,contact11@example.com,,,,,
924be2ce-7314-4ee2-808f-302d2cc91ed3,AN-TIG6QLBW,REC-H2W9FTUQ,Chalet,Chalet au calme à Annecy,Annecy,74000,1739886910,287502,225,2,,58 place de la Mairie,45.924128,6.16236,,Luc Perrin,,,,,0,"Chalet lumineux de 225 m² situé à Annecy. Cave et parking inclus. Proche de toutes commodités, transports et écoles. À visiter sans tarder. Travaux à prévoir.",,,Nid Doré,False,,G,,,,,,,
31a230bd-6c45-4929-adbc-b826c4cdda16,AN-GEHT9VU3,REC-H2W9FTUQ,Chalet,Chalet au calme à Annecy,Annecy,74000,15/07/2026,321945,334,3,,34 boulevard Gambetta,,,,Marc Girard,,,,,,"Chalet spacieux de 334 m² situé à Annecy. Proche de toutes commodités, transports et écoles. À visiter sans tarder. Travaux à prévoir.",,,ImmoPlus,,,A,,marc.girard75@example.com,,,,,
301a5684-7ac1-459e-ba4f-38861806f937,AN-MHU0FHTW,REC-H2W9FTUQ,Chalet,Chalet rénové à Annecy,Annecy,74000,12 mai 2025,176918,331,6,,194 impasse des Lilas,45.913991,6.131327,,Claire Perrin,0359934680,,53.73,0,,,,,Clé en Main Immo,True,https://exemple-images.test/AN-MHU0FHTW/1.jpg,F,,,,,,,
108653ef-618b-4dc3-a17e-1d834fd9cf4e,AN-MR5ZT8W5,REC-H2W9FTUQ,Chalet,Chalet à rafraîchir à Annecy,Annecy,74000,2025-05-07,231494,303,,True,,,,,,0410979416,,,,,"Chalet rénové de 303 m² situé à Annecy. Proche de toutes commodités, transports et écoles. À visiter sans tarder. Travaux à prévoir.",,,,False,,D,1884,,,,,,
fe8f6591-1c81-476d-b45f-1dbb29af5829,AN-DUDEG3RJ,REC-H2W9FTUQ,Chalet,Chalet en excellent état à Annecy,Annecy,74000,26 décembre 2024,308141 €,242,,,32 rue Victor Hugo,45.893081,6.169082,,,0145086800,,351.78,5,,"Chalet à rafraîchir de 242 m² situé à Annecy. Proche de toutes commodités, transports et écoles. À visiter sans tarder.",,,,True,,F,2015,,,,,,
88996903-b4d7-4c5a-8736-3bf71fc662e9,AN-TEPKU4DK,REC-H2W9FTUQ,Chalet,Chalet avec vue dégagée à Annecy,Annecy,74000,21 novembre 2025,306416 €,,,,26 rue Victor Hugo,45.853403,6.134168,,,,,,,,"Chalet rénové de 226 m² situé à Annecy. Proche de toutes commodités, transports et écoles. À visiter sans tarder.",,,Nid Doré,,https://exemple-images.test/AN-TEPKU4DK/1.jpg; https://exemple-images.test/AN-TEPKU4DK/2.jpg; https://exemple-images.test/AN-TEPKU4DK/3.jpg; https://exemple-images.test/AN-TEPKU4DK/4.jpg; https://exemple-images.test/AN-TEPKU4DK/5.jpg,E,,contact89@example.com,226,,,,
a419fb50-526f-48ea-a2ac-65e87c22441d,AN-9JYZL3MA,REC-H2W9FTUQ,Chalet,Chalet spacieux à Annecy,Annecy,74000,16 septembre 2024,197102,315,4,,,,,,Sophie Martin,,,,,3,"Chalet atypique de 315 m² situé à Annecy. Cave et parking inclus. Proche de toutes commodités, transports et écoles. À visiter sans tarder.",,,,,,E,,sophie.martin90@example.com,,,,,
1e0642cc-0801-4a75-8bcd-95ff25d22065,AN-1QY8RE6M,REC-H2W9FTUQ,Chalet,Chalet à rafraîchir à Annecy,Annecy,74000,08/06/2026,284070,230,,,,,,,Karim Fontaine,0758003204,,,,RDC,"Chalet avec vue dégagée de 230 m² situé à Annecy. Proche de toutes commodités, transports et écoles. À visiter sans tarder.",,,Provence Immobilier,True,https://exemple-images.test/AN-1QY8RE6M/1.jpg; https://exemple-images.test/AN-1QY8RE6M/2.jpg,D,1895,,,,,,
87981974-9af2-4c29-8a32-12ec98bf5134,AN-D2SUXIKZ,REC-H2W9FTUQ,Chalet,Chalet lumineux à Annecy,Annecy,74000,2026-06-09,295966,340,1,,,,,,Nadia Roche,0770884425,True,,5,,"Chalet charmant de 340 m² situé à Annecy. Proche de toutes commodités, transports et écoles. À visiter sans tarder. Travaux à prévoir.",,,Century Habitat,,,D,2010,,,,,,
303972c5-f2b2-43d3-a10b-1d1f37d0d64e,AN-XJE35M8H,REC-H2W9FTUQ,Chalet,Chalet de standing à Annecy,Annecy,74000,29 janvier 2026,254761,,3,,133 boulevard Gambetta,45.927125,6.163817,,,0804527386,,,4,1,,,,,,,B,,contact18@example.com,248,,,,
d740e836-c017-4526-b158-dd29cc2c86f5,AN-QI0T7ZRV,REC-H2W9FTUQ,Chalet,Chalet avec vue dégagée à Annecy,Annecy,74000,2025-04-27T02:14:10,297809,,3,,182 chemin des Vignes,45.883546,6.17737,,,0565900556,,,,,,,,,,,,,,311,,,,
2be8b2a7-9476-480e-a4e4-99e8a4d32f43,AN-RKF20GWI,REC-H2W9FTUQ,Chalet,Chalet à rafraîchir à Annecy,Annecy,74000,2026-07-25,254816,319,,True,12 rue de la République,45.945092,6.165325,,Sophie Girard,0672555564,,,,1,"Chalet charmant de 319 m² situé à Annecy. Cave et parking inclus. Proche de toutes commodités, transports et écoles. À visiter sans tarder.",,,Clé en Main Immo,False,,F,,sophie.girard24@example.com,,,,,
d11b43df-d98b-450e-8bf3-00dec3f081e7,AN-NZBPKA5T,REC-H2W9FTUQ,Chalet,Chalet avec vue dégagée à Annecy,Annecy,74000,08-02-2025,256633,252,3,,,,,,,0292422964,True,261.01,,dernier étage,"Chalet charmant de 252 m² situé à Annecy. Proche de toutes commodités, transports et écoles. À visiter sans tarder. Travaux à prévoir.",,,Toit & Vous,,https://exemple-images.test/AN-NZBPKA5T/1.jpg; https://exemple-images.test/AN-NZBPKA5T/2.jpg; https://exemple-images.test/AN-NZBPKA5T/3.jpg; https://exemple-images.test/AN-NZBPKA5T/4.jpg,G,,contact59@example.com,,,,,
3477d707-5f22-47a8-9dbd-104549fb2fa4,AN-U9293MWL,REC-H2W9FTUQ,Chalet,Chalet en excellent état à Annecy,Annecy,74000,21/12/2024,191189,275,4,,98 chemin des Vignes,45.93782,6.162678,,Sophie Fontaine,0094730573,True,,3,,"Chalet charmant de 275 m² situé à Annecy. Proche de toutes commodités, transports et écoles. À visiter sans tarder.",,,,,,A,,sophie.fontaine45@example.com,,,,,
0f027cf6-0200-4cde-89f5-a30c8b5c1e3f,AN-TJQUWZQ1,REC-H2W9FTUQ,Chalet,Chalet au calme à Annecy,Annecy,74000,06/09/2025,263756,273,2,False,,45.91233,6.094187,,,0078080920,,82.63,1,,,,,ImmoPlus,,,G,,,,,,,
892f465e-6792-4304-9906-cd77e6fd2ac9,AN-AOC0RBS6,REC-H2W9FTUQ,Chalet,Chalet à rafraîchir à Annecy,Annecy,74000,2026-06-06T07:19:10,306013,365,3,,,,,,,,,,1,,"Chalet lumineux de 365 m² situé à Annecy. Proche de toutes commodités, transports et écoles. À visiter sans tarder.",,,,False,,A,1873,,,,,,
e185ef4f-ecd2-4eaa-b3d9-2ec612969110,AN-9KSR53WY,REC-H2W9FTUQ,Chalet,Chalet en excellent état à Annecy,Annecy,74000,05-03-2026,312894,251,7,,,,,,,,,,4,5,,,,Toit & Vous,,https://exemple-images.test/AN-9KSR53WY/1.jpg,D,,contact93@example.com,,,,,
e900ba4b-866a-43f4-bc71-e55816a7ce7b,AN-HZA7Z5D9,REC-H2W9FTUQ,Chalet,Chalet en excellent état à Annecy,Annecy,74000,2025-11-01,299931,287,8,,,45.904276,6.122878,,Sophie Dubois,,,,0,,,,,Clé en Main Immo,,,F,,sophie.dubois44@example.com,,,,,
0a5e6ccd-2780-488e-821b-d0b53e8e56b6,AN-GDIOSMMV,REC-H2W9FTUQ,Chalet,Chalet à rafraîchir à Annecy,Annecy,74000,2026-05-29,283335,301,2,,115 chemin des Vignes,45.877049,6.137698,,Claire Martin,,,,0,,,,,,,,C,1879,claire.martin28@example.com,,,,,
a8126bb4-cc07-4363-985a-13f6a7452924,AN-9KA9LBL3,REC-H2W9FTUQ,Chalet,Chalet au calme à Annecy,Annecy,74000,1 juillet 2025,233113,329,5,,91 place de la Mairie,45.855478,6.171198,,,0812027936,,,,1,"Chalet en excellent état de 329 m² situé à Annecy. Proche de toutes commodités, transports et écoles. À visiter sans tarder.",,,,False,,F,,contact1@example.com,,,,,
eaeeadda-b407-4286-b09f-3516159327fe,AN-JKANVHR8,REC-H2W9FTUQ,Chalet,Chalet rénové à Annecy,Annecy,74000,2026-08-06,201142,307,5,,,45.853206,6.170926,,Nadia Girard,,True,,,,"Chalet spacieux de 307 m² situé à Annecy. Proche de toutes commodités, transports et écoles. À visiter sans tarder. Travaux à prévoir.",,,Provence Immobilier,,,A,,,,,,,
24535729-5007-4895-8c58-52ea28e86891,AN-M6P0TARR,REC-H2W9FTUQ,Chalet,Chalet au calme à Annecy,Annecy,74000,1737080470,166561,300,3,,,45.881703,6.103903,,,0416656218,,,4,,"Chalet atypique de 300 m² situé à Annecy. Proche de toutes commodités, transports et écoles. À visiter sans tarder.",,,,,https://exemple-images.test/AN-M6P0TARR/1.jpg,D,,contact81@example.com,,,,,
e134bf1e-492e-4372-8dc3-cc8f9d053e87,AN-06UYOP9V,REC-H2W9FTUQ,Chalet,Chalet au calme à Annecy,Annecy,74000,08/08/2026,228409,358,5,False,,45.917663,6.131294,,Marc Moreau,0820595444,,369.56,,,"Chalet en excellent état de 358 m² situé à Annecy. Proche de toutes commodités, transports et écoles. À visiter sans tarder.",,,,,,D,,,,,,,
3c0bffea-a19a-4552-9800-a717c1582f25,AN-KYHPQV2X,REC-H2W9FTUQ,Chalet,Chalet de standing à Annecy,Annecy,74000,2025-01-20,302095,305,7,,108 rue Victor Hugo,45.870664,6.15242,,Claire Perrin,0145315556,,143.84,3,,"Chalet de standing de 305 m² situé à Annecy. Cave et parking inclus. Proche de toutes commodités, transports et écoles. À visiter sans tarder. Travaux à prévoir.",,,Century Habitat,True,,B,,,,,,,
84ed5324-7063-468c-9deb-8fb330f93625,AN-7I8JIYZK,REC-H2W9FTUQ,Chalet,Chalet de standing à Annecy,Annecy,74000,1728813730,277443,325,6,,5 place de la Mairie,45.908749,6.156333,,,0791118968,,,1,2,"Chalet rénové de 325 m² situé à Annecy. Cave et parking inclus. Proche de toutes commodités, transports et écoles. À visiter sans tarder.",,,,False,,D,,,,,,,
1e1906e9-75dc-4fbf-999c-85eef17969ef,AN-V2DUW7S7,REC-H2W9FTUQ,Chalet,Chalet spacieux à Annecy,Annecy,74000,2024-11-07T08:24:10,259454,296,,False,92 allée des Platanes,,,,Nadia Moreau,,,391.52,,,"Chalet de standing de 296 m² situé à Annecy. Cave et parking inclus. Proche de toutes commodités, transports et écoles. À visiter sans tarder.",,,Toit & Vous,True,,,,,,,,,
e0558716-52b9-467d-a8cb-fb43669fe76f,AN-G16SB8AN,REC-H2W9FTUQ,Chalet,Chalet atypique à Annecy,Annecy,74000,2025-10-23,272795,287,4,True,53 avenue des Champs,45.863471,6.139578,,Marie Fontaine,,,72.49,,2,,,,Nid Doré,,https://exemple-images.test/AN-G16SB8AN/1.jpg; https://exemple-images.test/AN-G16SB8AN/2.jpg; https://exemple-images.test/AN-G16SB8AN/3.jpg,A,1867,,,,,,
0349daad-06c5-44e9-ae72-446dda8e0735,AN-WGTNE4Z3,REC-H2W9FTUQ,Chalet,Chalet atypique à Annecy,Annecy,74000,2025-12-26T23:16:10,177954 €,222,3,True,11 rue de la République,,,,Jean Bernard,,,,3,,,,,Provence Immobilier,,,F,,jean.bernard97@example.com,,,,,
0c295e36-a543-499a-a8a8-09c6063a3a2e,AN-9Z3AL6JE,REC-H2W9FTUQ,Chalet,Chalet au calme à Annecy,Annecy,74000,2025-10-04T03:33:10,297739,364,2,False,,45.880323,6.115496,,Jean Fontaine,0515567327,,,,,,,,,,,C,,,,,,,
86d7e275-1b16-4716-86ca-d9d9ef935c4e,AN-TZ2RTHDN,REC-H2W9FTUQ,Chalet,Chalet charmant à Annecy,Annecy,74000,5 juillet 2025,294937,330,2,,39 chemin des Vignes,45.90828,6.149493,,Sophie Moreau,,,,0,,"Chalet à rafraîchir de 330 m² situé à Annecy. Cave et parking inclus. Proche de toutes commodités, transports et écoles. À visiter sans tarder.",,,,True,,B,,sophie.moreau40@example.com,,,,,
074debba-2f60-4cca-b296-d0d822caaf3a,AN-QSKKLF1K,REC-H2W9FTUQ,Chalet,Chalet spacieux à Annecy,Annecy,74000,09-27-2025,297210,321,,True,,45.942285,6.174883,,,,,204.83,,,"Chalet au calme de 321 m² situé à Annecy. Cave et parking inclus. Proche de toutes commodités, transports et écoles. À visiter sans tarder.",,,,,,B,,,,,,,
a6b2f3a6-b4b7-4a41-93b8-92f8912f7c12,AN-5OFOS2IO,REC-H2W9FTUQ,Chalet,Chalet de standing à Annecy,Annecy,74000,2026-03-17,225063,259,2,,,45.908415,6.096405,,,0020969423,,174.93,,,"Chalet lumineux de 259 m² situé à Annecy. Proche de toutes commodités, transports et écoles. À visiter sans tarder.",,,Clé en Main Immo,,,E,,,,,,,
c2689155-6e50-43a9-84ef-6e1529b0b299,AN-8W6WUMPS,REC-H2W9FTUQ,Chalet,Chalet lumineux à Annecy,Annecy,74000,1784387050,228992,346,6,,50 place de la Mairie,,,,Julie Dubois,0799026185,,,0,,"Chalet lumineux de 346 m² situé à Annecy. Proche de toutes commodités, transports et écoles. À visiter sans tarder.",,,Provence Immobilier,,,B,,,,,,,
41bdc875-1899-4d91-aafc-47b868f3a8ae,AN-EJF718MT,REC-H2W9FTUQ,Chalet,Chalet de standing à Annecy,Annecy,74000,4 janvier 2026,273268,223,1,,,45.938009,6.16075,,Nadia Roche,0446234307,,,3,,,,,,False,https://exemple-images.test/AN-EJF718MT/1.jpg; https://exemple-images.test/AN-EJF718MT/2.jpg; https://exemple-images.test/AN-EJF718MT/3.jpg,F,,,,,,,
66546ab3-ec71-4bee-b774-5b98a161844d,AN-XA24IZWX,REC-H2W9FTUQ,Chalet,Chalet spacieux à Annecy,Annecy,74000,1760749570,295300 €,355,2,,53 rue de la République,45.867251,6.111538,,Nadia Roche,,True,66.04,5,3,,,,Toit & Vous,,https://exemple-images.test/AN-XA24IZWX/1.jpg; https://exemple-images.test/AN-XA24IZWX/2.jpg; https://exemple-images.test/AN-XA24IZWX/3.jpg; https://exemple-images.test/AN-XA24IZWX/4.jpg,,1939,,,,,,
d2b2f3cc-2269-46f1-a3df-c927dba4eb5b,AN-5NFQJX2M,REC-H2W9FTUQ,Chalet,Chalet rénové à Annecy,Annecy,74000,5 août 2025,307795,267,6,,,45.887449,6.125595,,Julie Moreau,0445038523,,192.12,,5,"Chalet charmant de 267 m² situé à Annecy. Cave et parking inclus. Proche de toutes commodités, transports et écoles. À visiter sans tarder.",,,Nid Doré,False,https://exemple-images.test/AN-5NFQJX2M/1.jpg; https://exemple-images.test/AN-5NFQJX2M/2.jpg; https://exemple-images.test/AN-5NFQJX2M/3.jpg; https://exemple-images.test/AN-5NFQJX2M/4.jpg,F,2013,,,,,,
4b9955d8-64a5-49ee-9941-fa8a9f6a9930,AN-YOBVUT8E,REC-H2W9FTUQ,Chalet,Chalet de standing à Annecy,Annecy,74000,1742573770,185188,262,1,,181 place de la Mairie,45.852394,6.126445,,,0234474735,True,,2,,"Chalet lumineux de 262 m² situé à Annecy. Proche de toutes commodités, transports et écoles. À visiter sans tarder.",,,,,,E,,,,,,,
c16ed213-520c-403a-affc-46882155b1e3,AN-CZ7I2M5B,REC-H2W9FTUQ,Chalet,Chalet à rafraîchir à Annecy,Annecy,74000,24 juin 2026,296843,224,3,,,45.924016,6.097718,,Jean Roche,,,,,,"Chalet en excellent état de 224 m² situé à Annecy. Proche de toutes commodités, transports et écoles. À visiter sans tarder.",,,Toit & Vous,,,G,,,,,,,
efcebf6d-c221-45eb-ac13-82937eddd906,AN-2JHWPF3V,REC-H2W9FTUQ,Chalet,Chalet avec vue dégagée à Annecy,Annecy,74000,2025-06-04,291857,264,7,,,45.864466,6.101165,,Luc Bernard,0338252855,,150.99,4,1,,,,,,,G,1899,,,,,,
7ec582cb-e9e3-4a31-a723-a786e0980816,AN-CIEL3D0G,REC-H2W9FTUQ,Chalet,Chalet lumineux à Annecy,Annecy,74000,2024-08-31,317408 €,,1,,168 chemin des Vignes,,,,Marie Bernard,0917939413,True,,4,,,,,Clé en Main Immo,,,E,,,352,,,,
c6088737-7c0a-4da5-8be4-09d1c86f2e1e,AN-Z2DABBIQ,REC-H2W9FTUQ,Chalet,Chalet atypique à Annecy,Annecy,74000,8 octobre 2025,171716 €,327,4,False,,45.925051,6.16169,,,,,,,,"Chalet lumineux de 327 m² situé à Annecy. Proche de toutes commodités, transports et écoles. À visiter sans tarder.",,,,,,A,,,,,,,
e540ce89-2dfa-4967-b8ab-c26324a3f52d,AN-K8MA6IBH,REC-H2W9FTUQ,Chalet,Chalet atypique à Annecy,Annecy,74000,1756553650,272577,299,4,False,,,,,,,True,,3,2,"Chalet en excellent état de 299 m² situé à Annecy. Cave et parking inclus. Proche de toutes commodités, transports et écoles. À visiter sans tarder.",,,,,,G,,contact29@example.com,,,,,
fe2075cb-e70b-423a-989e-93b2c3290c5f,AN-LMP8VXEA,REC-H2W9FTUQ,Chalet,Chalet spacieux à Annecy,Annecy,74000,2026-04-01,296369,245,2,False,134 allée des Platanes,45.892902,6.163434,,,,,206.92,5,,"Chalet spacieux de 245 m² situé à Annecy. Proche de toutes commodités, transports et écoles. À visiter sans tarder.",,,,True,,A,,,,,,,
a89f4e36-e83b-4e7a-8b7f-f1bc31a67396,AN-NBYAPVX1,REC-H2W9FTUQ,Chalet,Chalet à rafraîchir à Annecy,Annecy,74000,1777608070,169180,,5,False,,,,,Sophie Perrin,0572267058,,238.7,,dernier étage,,,,,,,D,,,296,,,,
2acb634f-8f33-4312-9988-661e7e459a0c,AN-ONTANOFC,REC-H2W9FTUQ,Chalet,Chalet lumineux à Annecy,Annecy,74000,2025-10-10,242807,299,5,False,,45.901225,6.149661,,Ahmed Girard,0556323413,,,,,"Chalet atypique de 299 m² situé à Annecy. Proche de toutes commodités, transports et écoles. À visiter sans tarder.",,,,,,B,,ahmed.girard64@example.com,,,,,
27ec609d-22f5-4e14-aef4-145b1941e442,AN-WPOWJI1W,REC-H2W9FTUQ,Chalet,Chalet spacieux à Annecy,Annecy,74000,2025-05-03T14:48:10,165895,342,6,,8 rue de la République,,,,,0208880811,,144.81,,RDC,"Chalet rénové de 342 m² situé à Annecy. Proche de toutes commodités, transports et écoles. À visiter sans tarder.",,,,,,B,,contact21@example.com,,,,,
2ad19b9d-2c02-4f4d-84b6-791263434fd2,AN-8PAG0VW5,REC-H2W9FTUQ,Chalet,Chalet charmant à Annecy,Annecy,74000,2025-07-04,312095,306,7,,,,,,Claire Fontaine,,True,,3,2,"Chalet à rafraîchir de 306 m² situé à Annecy. Cave et parking inclus. Proche de toutes commodités, transports et écoles. À visiter sans tarder.",,,Toit & Vous,,,E,,,,,,,
b7d31b0b-5f84-413f-8a17-923a719b7eed,AN-ZPD0JA6K,REC-H2W9FTUQ,Chalet,Chalet spacieux à Annecy,Annecy,74000,1771029430,204373,238,,,131 boulevard Gambetta,45.866842,6.150973,,Marie Perrin,0710546243,,65.04,,,"Chalet rénové de 238 m² situé à Annecy. Cave et parking inclus. Proche de toutes commodités, transports et écoles. À visiter sans tarder.",,,,False,,D,,,,,,,
86ca9a54-a25e-406b-b220-61bdd07d6547,AN-W8LFAASM,REC-H2W9FTUQ,Chalet,Chalet au calme à Annecy,Annecy,74000,11 septembre 2025,228619,326,1,,154 boulevard Gambetta,45.87453,6.107065,,,0806246577,,,,,"Chalet atypique de 326 m² situé à Annecy. Proche de toutes commodités, transports et écoles. À visiter sans tarder.",,,,,https://exemple-images.test/AN-W8LFAASM/1.jpg,,,,,,,,
a478efeb-24f1-41c0-a465-d18015319466,AN-8S69STY3,REC-H2W9FTUQ,Chalet,Chalet lumineux à Annecy,Annecy,74000,03-21-2026,198179,274,2,,5 impasse des Lilas,45.936406,6.165491,,Nadia Martin,0047663684,,,4,,,,,,,,D,,,,,,,
a40de46e-299d-4b8c-8c19-7646c8d189b2,AN-Y434XV2U,REC-H2W9FTUQ,Chalet,Chalet atypique à Annecy,Annecy,74000,1758718750,195405,247,4,,148 rue Pasteur,,,,,0876633134,,,3,0,"Chalet atypique de 247 m² situé à Annecy. Cave et parking inclus. Proche de toutes commodités, transports et écoles. À visiter sans tarder. Travaux à prévoir.",,,Century Habitat,,,E,2010,,,,,,
4962cc3f-f523-467c-81a3-89e281423227,AN-91H0KF3F,REC-H2W9FTUQ,Chalet,Chalet spacieux à Annecy,Annecy,74000,1778297950,251717,265,4,True,163 rue Victor Hugo,,,,,0239957210,,,,,"Chalet de standing de 265 m² situé à Annecy. Cave et parking inclus. Proche de toutes commodités, transports et écoles. À visiter sans tarder. Travaux à prévoir.",,,,False,,C,1903,,,,,,
bb20c3a4-b913-4e48-a581-7454cfd9f2ec,AN-RDKC8QCB,REC-H2W9FTUQ,Chalet,Chalet atypique à Annecy,Annecy,74000,15/04/2025,262538,300,,,15 chemin des Vignes,,,,,0002805707,,339.31,,1,,,,Nid Doré,False,,A,,,,,,,
32f2a097-a7b4-4185-a471-6ea2b1ee6e6c,AN-81T05G6M,REC-H2W9FTUQ,Chalet,Chalet à rafraîchir à Annecy,Annecy,74000,2026-02-28,229384,346,8,,131 boulevard Gambetta,45.928026,6.170358,,Julie Girard,,,,,dernier étage,"Chalet lumineux de 346 m² situé à Annecy. Proche de toutes commodités, transports et écoles. À visiter sans tarder.",,,Clé en Main Immo,,,B,,,,,,,
3630eb68-c8dd-40b4-84bf-38f67b0e965f,AN-6NMT4JG1,REC-H2W9FTUQ,Chalet,Chalet avec vue dégagée à Annecy,Annecy,74000,2024-11-26T13:49:10,268303,349,7,,,45.879353,6.158446,,Sophie Lefevre,0853716778,,,0,,"Chalet rénové de 349 m² situé à Annecy. Proche de toutes commodités, transports et écoles. À visiter sans tarder.",,,,,,D,,,,,,,
ab2a4c2a-c831-47c6-95c7-2da14f582303,AN-LKJX4SQ8,REC-H2W9FTUQ,Chalet,Chalet avec vue dégagée à Annecy,Annecy,74000,13 août 2026,215035,366,,,3 rue Jean Jaurès,45.891602,6.136821,,,0639003177,,,,,,,,ImmoPlus,False,,G,,contact76@example.com,,,,,
5dd0eae3-5750-4c91-a903-c54af487f9fd,AN-8BDDXNS5,REC-H2W9FTUQ,Chalet,Chalet avec vue dégagée à Annecy,Annecy,74000,2024-10-24,286210,359,8,,6 boulevard Gambetta,45.882828,6.12756,,Julie Dubois,,,,,4,"Chalet en excellent état de 359 m² situé à Annecy. Proche de toutes commodités, transports et écoles. À visiter sans tarder.",,,,,,D,,,,,,,
bb20f5ff-2fb3-4620-820c-7216b5e4c31a,AN-SQL5OEV9,REC-H2W9FTUQ,Chalet,Chalet charmant à Annecy,Annecy,74000,2025-06-10T15:36:10,282693,311,7,,133 rue Pasteur,45.872208,6.108715,,Julie Dubois,,,,,,"Chalet atypique de 311 m² situé à Annecy. Proche de toutes commodités, transports et écoles. À visiter sans tarder.",,,,,,C,,julie.dubois10@example.com,,,,,
1c8579f2-279b-417f-9f92-02d799b18908,AN-BB5EG07D,REC-H2W9FTUQ,Chalet,Chalet rénové à Annecy,Annecy,74000,1734003970,296776,270,,False,137 place de la Mairie,,,,,0369817097,,,5,,"Chalet en excellent état de 270 m² situé à Annecy. Proche de toutes commodités, transports et écoles. À visiter sans tarder. Travaux à prévoir.",,,Provence Immobilier,,,D,,contact44@example.com,,,,,
e2908784-6955-4c30-9969-444b8e7008d2,AN-1FLPDRE9,REC-H2W9FTUQ,Chalet,Chalet au calme à Annecy,Annecy,74000,1741551190,286782,263,1,False,,,,,,0019190073,,,,,"Chalet avec vue dégagée de 263 m² situé à Annecy. Proche de toutes commodités, transports et écoles. À visiter sans tarder.",,,Toit & Vous,True,,B,,contact97@example.com,,,,,
ceb8d668-9508-4ded-8cb1-3b4f66f3cdbc,AN-1VRZXR19,REC-H2W9FTUQ,Chalet,Chalet charmant à Annecy,Annecy,74000,2026-01-16T05:57:10,246236,278,7,,,45.912346,6.146927,,,,,,3,,"Chalet avec vue dégagée de 278 m² situé à Annecy. Cave et parking inclus. Proche de toutes commodités, transports et écoles. À visiter sans tarder.",,,,False,,B,,contact31@example.com,,,,,
acc08ea6-a069-4791-989e-a14f5bf05997,AN-SRJL0R9V,REC-H2W9FTUQ,Chalet,Chalet rénové à Annecy,Annecy,74000,2026-02-28,189666,316,8,True,,,,,Jean Bernard,0272171160,,,4,,,,,Century Habitat,,,D,,,,,,,
70d15e21-b0e0-4c74-b13a-4d77ebe67f94,AN-9YD8MA2V,REC-H2W9FTUQ,Chalet,Chalet atypique à Annecy,Annecy,74000,10-30-2024,293837,249,5,,,,,,Sophie Martin,0039435844,,,,,"Chalet rénové de 249 m² situé à Annecy. Proche de toutes commodités, transports et écoles. À visiter sans tarder.",,,Provence Immobilier,,,D,,sophie.martin76@example.com,,,,,
d8a38a4b-0744-4d60-bf11-a9e8b121b51d,AN-DYVSB92E,REC-H2W9FTUQ,Chalet,Chalet à rafraîchir à Annecy,Annecy,74000,27 avril 2026,164129,279,,,,45.93223,6.133566,,,0714592323,,,,,"Chalet au calme de 279 m² situé à Annecy. Proche de toutes commodités, transports et écoles. À visiter sans tarder.",,,,,https://exemple-images.test/AN-DYVSB92E/1.jpg; https://exemple-images.test/AN-DYVSB92E/2.jpg; https://exemple-images.test/AN-DYVSB92E/3.jpg,D,,contact73@example.com,,,,,
2330866a-c370-4c9c-81e6-84cea4bb3c5b,AN-K8ATCUWE,REC-H2W9FTUQ,Chalet,Chalet avec vue dégagée à Annecy,Annecy,74000,2025-12-20T16:31:10,320918,236,7,,20 avenue des Champs,,,,,,,353.01,2,3,"Chalet au calme de 236 m² situé à Annecy. Proche de toutes commodités, transports et écoles. À visiter sans tarder.",,,Nid Doré,,,B,,contact85@example.com,,,,,
fa6b64fa-130d-4beb-8bb9-d60cd2c18da8,AN-HTOS43E5,REC-H2W9FTUQ,Chalet,Chalet à rafraîchir à Annecy,Annecy,74000,1752485530,274539,,,True,,45.931372,6.102864,,Ahmed Fontaine,0703655353,,,,,"Chalet avec vue dégagée de 266 m² situé à Annecy. Proche de toutes commodités, transports et écoles. À visiter sans tarder. Travaux à prévoir.",,,,,,A,,ahmed.fontaine22@example.com,266,,,,
ff8846b8-d348-409a-a849-1becf92d5153,AN-USQMJ86H,REC-H2W9FTUQ,Chalet,Chalet charmant à Annecy,Annecy,74000,01-17-2025,210129,302,,,27 quai de la Loire,45.948028,6.081797,,Jean Roche,,True,,2,dernier étage,"Chalet spacieux de 302 m² situé à Annecy. Proche de toutes commodités, transports et écoles. À visiter sans tarder.",,,Toit & Vous,,,C,,,,,,,
030ca74c-ac4a-4b55-893e-2fbadb65db7e,AN-MWPK26JC,REC-H2W9FTUQ,Chalet,Chalet rénové à Annecy,Annecy,74000,23/01/2026,284326 €,298,5,True,,45.893808,6.096184,,Karim Fontaine,0593515790,,,,0,"Chalet avec vue dégagée de 298 m² situé à Annecy. Proche de toutes commodités, transports et écoles. À visiter sans tarder.",,,Nid Doré,,,D,,karim.fontaine5@example.com,,,,,
1ad1a23d-11ca-426f-b23d-3ed206e6eb1c,AN-8OSE9292,REC-H2W9FTUQ,Chalet,Chalet avec vue dégagée à Annecy,Annecy,74000,11-28-2024,284965 €,295,3,,,45.941873,6.116684,,Marie Moreau,0162388410,,,0,,,,,,False,https://exemple-images.test/AN-8OSE9292/1.jpg; https://exemple-images.test/AN-8OSE9292/2.jpg,D,1917,marie.moreau44@example.com,,,,,
16a20e58-528f-4b25-849a-4641c951f511,AN-1DHWAQB8,REC-H2W9FTUQ,Chalet,Chalet atypique à Annecy,Annecy,74000,1730573290,274026,343,,True,,45.894881,6.164897,,,0389451106,,,4,,"Chalet atypique de 343 m² situé à Annecy. Cave et parking inclus. Proche de toutes commodités, transports et écoles. À visiter sans tarder. Travaux à prévoir.",,,,,,D,1873,,,,,,
a61cac46-a63c-4c7c-8b11-9d2f405565e6,AN-KAC8UGEW,REC-H2W9FTUQ,Chalet,Chalet charmant à Annecy,Annecy,74000,20/10/2025,209214 €,,,,,45.910936,6.114167,,,0502581873,,,3,,"Chalet atypique de 246 m² situé à Annecy. Cave et parking inclus. Proche de toutes commodités, transports et écoles. À visiter sans tarder.",,,,,https://exemple-images.test/AN-KAC8UGEW/1.jpg; https://exemple-images.test/AN-KAC8UGEW/2.jpg,,,contact2@example.com,246,,,,
738c9ed1-e621-4f63-979a-4dda598d2704,AN-UESIC8HT,REC-H2W9FTUQ,Chalet,Chalet charmant à Annecy,Annecy,74000,2026-06-15,276291,,,True,38 rue de la République,45.891497,6.174235,,,0740087946,,,2,,"Chalet de standing de 366 m² situé à Annecy. Proche de toutes commodités, transports et écoles. À visiter sans tarder.",,,Century Habitat,,,B,,contact73@example.com,366,,,,
438c0c56-17ce-4149-bd52-20270c387dcb,AN-N7NCAK1P,REC-H2W9FTUQ,Chalet,Chalet de standing à Annecy,Annecy,74000,2025-09-22,309490,294,,False,,,,,Marc Fontaine,0472015534,,,1,,"Chalet atypique de 294 m² situé à Annecy. Proche de toutes commodités, transports et écoles. À visiter sans tarder.",,,Toit & Vous,,,E,,marc.fontaine11@example.com,,,,,
50bf9c76-e60b-4d4b-8f3c-4c540f1ba639,AN-NL3ZEFXK,REC-H2W9FTUQ,Chalet,Chalet de standing à Annecy,Annecy,74000,28 mai 2026,240570 €,315,,,155 avenue des Champs,,,,Marie Fontaine,,,,1,,"Chalet en excellent état de 315 m² situé à Annecy. Cave et parking inclus. Proche de toutes commodités, transports et écoles. À visiter sans tarder.",,,,,,G,,marie.fontaine31@example.com,,,,,
e761ba3b-243a-4cf2-b9cf-e4da2f64a9f1,AN-CWXY712S,REC-H2W9FTUQ,Chalet,Chalet avec vue dégagée à Annecy,Annecy,74000,2024-12-22,283245,,5,,86 rue du Commerce,,,,,,True,,1,5,"Chalet rénové de 314 m² situé à Annecy. Proche de toutes commodités, transports et écoles. À visiter sans tarder.",,,,,,F,1853,,314,,,,
084bb127-38d8-4cd0-992a-fe566084200b,AN-9Z7H9XRB,REC-H2W9FTUQ,Chalet,Chalet avec vue dégagée à Annecy,Annecy,74000,1782689530,306270,290,8,True,3 rue Pasteur,45.938692,6.153572,,Julie Dubois,0705646224,,,,,"Chalet en excellent état de 290 m² situé à Annecy. Proche de toutes commodités, transports et écoles. À visiter sans tarder. Travaux à prévoir.",,,,,,D,,julie.dubois10@example.com,,,,,
bdcd0161-e2b9-4934-bbb3-e341d6900881,AN-IOR740D2,REC-H2W9FTUQ,Chalet,Chalet atypique à Annecy,Annecy,74000,12-20-2024,215274,232,,,,,,,Sophie Girard,,,101.36,3,2,,,,,,,A,,sophie.girard82@example.com,,,,,
ba621ef5-d4b9-4400-8789-3a4ca6ed0b39,AN-25G18BZG,REC-H2W9FTUQ,Chalet,Chalet charmant à Annecy,Annecy,74000,05-24-2026,230616,278,,,,45.924962,6.167802,,Marc Bernard,,,300.62,4,,"Chalet à rafraîchir de 278 m² situé à Annecy. Proche de toutes commodités, transports et écoles. À visiter sans tarder. Travaux à prévoir.",,,,False,,,1956,marc.bernard22@example.com,,,,,
1789b3e8-ac04-4143-8f30-6ff798ddc193,AN-XA124OA3,REC-H2W9FTUQ,Chalet,Chalet atypique à Annecy,Annecy,74000,2025-09-12,226332,335,4,,12 chemin des Vignes,,,,Jean Dubois,0626218498,,,,,"Chalet atypique de 335 m² situé à Annecy. Proche de toutes commodités, transports et écoles. À visiter sans tarder. Travaux à prévoir.",,,Clé en Main Immo,,https://exemple-images.test/AN-XA124OA3/1.jpg,B,,jean.dubois77@example.com,,,,,
f0f94aa4-cdba-46f3-842a-9d1acce1dd13,AN-C68X2X4C,REC-H2W9FTUQ,Chalet,Chalet spacieux à Annecy,Annecy,74000,1741980670,209021,272,,True,,,,,,0790723389,,,,,"Chalet au calme de 272 m² situé à Annecy. Proche de toutes commodités, transports et écoles. À visiter sans tarder.",,,,True,,F,2020,,,,,,
d987dbd0-8658-49b9-8ef3-4aca8c3e9915,AN-MYZPUPLW,REC-H2W9FTUQ,Chalet,Chalet de standing à Annecy,Annecy,74000,1752310210,249186,340,1,True,189 rue Pasteur,45.855883,6.133378,,Karim Bernard,0193915298,,,1,,"Chalet avec vue dégagée de 340 m² situé à Annecy. Proche de toutes commodités, transports et écoles. À visiter sans tarder. Travaux à prévoir.",,,,,,C,1976,karim.bernard85@example.com,,,,,
7ad97281-4567-483e-abed-69ecab99f04a,AN-AVMLUAZQ,REC-H2W9FTUQ,Chalet,Chalet au calme à Annecy,Annecy,74000,1762284370,267959,262,3,,,,,,Karim Moreau,0834866194,,,4,,"Chalet atypique de 262 m² situé à Annecy. Proche de toutes commodités, transports et écoles. À visiter sans tarder.",,,,True,,B,,,,,,,
d9d6af66-3ab6-428d-8e80-502713bfc2ce,AN-E6LBYPL0,REC-H2W9FTUQ,Chalet,Chalet en excellent état à Annecy,Annecy,74000,23/06/2025,194031,239,,,,45.86983,6.086203,,,0569335714,,,5,5,"Chalet de standing de 239 m² situé à Annecy. Cave et parking inclus. Proche de toutes commodités, transports et écoles. À visiter sans tarder.",,,,True,,D,,contact36@example.com,,,,,
5634d002-ff16-4e7b-b864-e1d127f0af2a,AN-A2GBJRJS,REC-H2W9FTUQ,Chalet,Chalet atypique à Annecy,Annecy,74000,2026-05-13,286924,338,5,,4 allée des Platanes,,,,,,,214.22,0,2,"Chalet spacieux de 338 m² situé à Annecy. Proche de toutes commodités, transports et écoles. À visiter sans tarder.",,,,,https://exemple-images.test/AN-A2GBJRJS/1.jpg; https://exemple-images.test/AN-A2GBJRJS/2.jpg; https://exemple-images.test/AN-A2GBJRJS/3.jpg; https://exemple-images.test/AN-A2GBJRJS/4.jpg; https://exemple-images.test/AN-A2GBJRJS/5.jpg,G,,contact16@example.com,,,,,
f786adce-2f20-41a1-a338-5368492a1ddf,AN-K55NBL89,REC-H2W9FTUQ,Chalet,Chalet en excellent état à Annecy,Annecy,74000,2025-06-13T22:18:10,227861,284,,,,45.852179,6.109718,,Nadia Faure,0892668340,,382.26,5,,"Chalet au calme de 284 m² situé à Annecy. Proche de toutes commodités, transports et écoles. À visiter sans tarder.",,,,False,,B,1904,,,,,,
b5c4d975-2f5e-40d3-bf05-91f9da896337,AN-R0IZ7UNA,REC-H2W9FTUQ,Chalet,Chalet au calme à Annecy,Annecy,74000,6 décembre 2025,250477,315,,,,,,,Luc Fontaine,0966211612,,,5,,"Chalet avec vue dégagée de 315 m² situé à Annecy. Proche de toutes commodités, transports et écoles. À visiter sans tarder.",,,,False,,F,,luc.fontaine97@example.com,,,,,
74e56f44-2525-4615-bcf5-05eb7a50a9c9,AN-LUNO440V,REC-H2W9FTUQ,Chalet,Chalet en excellent état à Annecy,Annecy,74000,13 mars 2025,236236,,8,True,,,,,Claire Martin,0371823596,True,,,,"Chalet spacieux de 286 m² situé à Annecy. Proche de toutes commodités, transports et écoles. À visiter sans tarder.",,,Provence Immobilier,,,C,,,286,,,,
45ad19b4-8592-41f0-a4a6-2c2f09cba24e,AN-ZP6LLPHN,REC-H2W9FTUQ,Chalet,Chalet rénové à Annecy,Annecy,74000,2024-10-05T10:26:10,309007,,1,,,,,,Ahmed Dubois,,True,,1,,"Chalet au calme de 259 m² situé à Annecy. Proche de toutes commodités, transports et écoles. À visiter sans tarder.",,,,,https://exemple-images.test/AN-ZP6LLPHN/1.jpg; https://exemple-images.test/AN-ZP6LLPHN/2.jpg,A,,,259,,,,
cbdff6c3-8e88-48ff-bf82-40166f2fa0fe,AN-1LANCEYM,REC-H2W9FTUQ,Chalet,Chalet avec vue dégagée à Annecy,Annecy,74000,2024-10-17,224807,362,6,,103 chemin des Vignes,,,,Sophie Faure,0817214754,True,,0,,"Chalet de standing de 362 m² situé à Annecy. Cave et parking inclus. Proche de toutes commodités, transports et écoles. À visiter sans tarder.",,,,,,E,,sophie.faure24@example.com,,,,,
82df5107-7eb6-4ed8-b9ad-8b6d740653b0,AN-M7J72D4C,REC-H2W9FTUQ,Chalet,Chalet charmant à Annecy,Annecy,74000,2026-07-26,234944,306,,,,,,,Marc Bernard,0520194881,,,2,dernier étage,"Chalet au calme de 306 m² situé à Annecy. Proche de toutes commodités, transports et écoles. À visiter sans tarder. Travaux à prévoir.",,,Nid Doré,False,https://exemple-images.test/AN-M7J72D4C/1.jpg,E,,,,,,,
a8817d86-0337-4886-94fa-75f0762d8a64,AN-5RD34TXT,REC-H2W9FTUQ,Chalet,Chalet spacieux à Annecy,Annecy,74000,8 mars 2025,314176,,3,,,,,,Claire Perrin,0319689643,,83.15,,,"Chalet avec vue dégagée de 236 m² situé à Annecy. Cave et parking inclus. Proche de toutes commodités, transports et écoles. À visiter sans tarder.",,,,,https://exemple-images.test/AN-5RD34TXT/1.jpg; https://exemple-images.test/AN-5RD34TXT/2.jpg; https://exemple-images.test/AN-5RD34TXT/3.jpg,B,,,236,,,,
3b33b4be-1b8e-4a6d-9898-93280b93dbdd,AN-CHHT0IEE,REC-H2W9FTUQ,Chalet,Chalet spacieux à Annecy,Annecy,74000,2024-09-03,205835,,2,,,,,,,0890813497,,,,,"Chalet spacieux de 251 m² situé à Annecy. Proche de toutes commodités, transports et écoles. À visiter sans tarder. Travaux à prévoir.",,,,,,F,,,251,,,,
efcb055a-3003-4b8e-beb9-87b2d6a42dc4,AN-E1JYWO79,REC-H2W9FTUQ,Chalet,Chalet rénové à Annecy,Annecy,74000,05-18-2025,267272,257,8,,,45.915969,6.09386,,,0688487850,True,,,0,"Chalet charmant de 257 m² situé à Annecy. Cave et parking inclus. Proche de toutes commodités, transports et écoles. À visiter sans tarder.",,,,,,G,,contact44@example.com,,,,,
e28c993a-2439-4773-8f88-1297e927c55e,AN-X9OYZ2TB,REC-H2W9FTUQ,Chalet,Chalet atypique à Annecy,Annecy,74000,1786212190,248967 €,287,,,,,,,,0396668388,True,,,,"Chalet avec vue dégagée de 287 m² situé à Annecy. Proche de toutes commodités, transports et écoles. À visiter sans tarder.",,,ImmoPlus,,,,1879,,,,,,
72a563e1-58ec-46f6-adf0-56edfa9504e6,AN-W2CN2T97,REC-H2W9FTUQ,Chalet,Chalet rénové à Annecy,Annecy,74000,19 mars 2025,246558,259,,,70 chemin des Vignes,,,,Claire Faure,0144050702,,,,3,"Chalet charmant de 259 m² situé à Annecy. Proche de toutes commodités, transports et écoles. À visiter sans tarder. Travaux à prévoir.",,,Toit & Vous,,,,,claire.faure54@example.com,,,,,
c340c30e-f209-4f52-b1f2-0abe2b37c076,AN-7STSLHZ7,REC-H2W9FTUQ,Chalet,Chalet au calme à Annecy,Annecy,74000,2024-11-14T18:04:10,214805,309,,False,,45.93143,6.09227,,Karim Moreau,,True,,,3,,,,Century Habitat,,,D,1852,,,,,,
b2065adf-149c-4000-8f1b-ed7008329c90,AN-ARH3XI4Z,REC-H2W9FTUQ,Chalet,Chalet en excellent état à Annecy,Annecy,74000,2026-06-25T10:56:10,261279,371,3,,48 chemin des Vignes,45.879834,6.153462,,Jean Perrin,0090184360,,,,0,"Chalet en excellent état de 371 m² situé à Annecy. Proche de toutes commodités, transports et écoles. À visiter sans tarder.",,,Clé en Main Immo,False,https://exemple-images.test/AN-ARH3XI4Z/1.jpg; https://exemple-images.test/AN-ARH3XI4Z/2.jpg,F,,,,,,,
50abcc8c-66e5-482f-bf95-1dd5eae773fa,AN-DVTS5YG1,REC-H2W9FTUQ,Chalet,Chalet au calme à Annecy,Annecy,74000,2024-12-23,293022 €,264,,False,,,,,,0209228382,,,4,,"Chalet à rafraîchir de 264 m² situé à Annecy. Cave et parking inclus. Proche de toutes commodités, transports et écoles. À visiter sans tarder.",,,,False,https://exemple-images.test/AN-DVTS5YG1/1.jpg; https://exemple-images.test/AN-DVTS5YG1/2.jpg; https://exemple-images.test/AN-DVTS5YG1/3.jpg; https://exemple-images.test/AN-DVTS5YG1/4.jpg,D,,,,,,,
a4061e16-4908-4ead-93a5-b4ea1feded20,AN-DK0NTD4G,REC-H2W9FTUQ,Chalet,Chalet charmant à Annecy,Annecy,74000,10-11-2024,208077,317,7,,,45.90362,6.132777,,Julie Roche,0411493563,,,4,,"Chalet rénové de 317 m² situé à Annecy. Proche de toutes commodités, transports et écoles. À visiter sans tarder.",,,,,,F,,julie.roche76@example.com,,,,,
692c5dc6-109c-4bc8-837a-2c1aa418897b,AN-9SKO196P,REC-H2W9FTUQ,Chalet,Chalet avec vue dégagée à Annecy,Annecy,74000,1786675750,311269,324,2,False,149 place de la Mairie,,,,Claire Bernard,0860541775,,,,,"Chalet avec vue dégagée de 324 m² situé à Annecy. Cave et parking inclus. Proche de toutes commodités, transports et écoles. À visiter sans tarder.",,,Century Habitat,,https://exemple-images.test/AN-9SKO196P/1.jpg; https://exemple-images.test/AN-9SKO196P/2.jpg; https://exemple-images.test/AN-9SKO196P/3.jpg; https://exemple-images.test/AN-9SKO196P/4.jpg,G,,,,,,,
4103ee33-60ec-41cb-a28f-c0c675caec4a,AN-2FIJM33E,REC-H2W9FTUQ,Chalet,Chalet atypique à Annecy,Annecy,74000,2025-04-24,191267,241,4,,5 chemin des Vignes,45.905904,6.14633,,Ahmed Perrin,0514949101,,,0,1,"Chalet charmant de 241 m² situé à Annecy. Proche de toutes commodités, transports et écoles. À visiter sans tarder.",,,Toit & Vous,,,C,,,,,,,
a78b23b1-0ddb-4d7b-aa20-e6bc27ec0762,AN-YOR6CE11,REC-H2W9FTUQ,Chalet,Chalet avec vue dégagée à Annecy,Annecy,74000,2024-11-13T18:46:10,212506,307,4,,,,,,Luc Dubois,0374811424,,,,0,"Chalet au calme de 307 m² situé à Annecy. Proche de toutes commodités, transports et écoles. À visiter sans tarder.",,,ImmoPlus,False,,C,,,,,,,
a795955d-cd77-4108-b2f8-00fac63fce4f,AN-IITS2395,REC-H2W9FTUQ,Chalet,Chalet au calme à Annecy,Annecy,74000,21 juillet 2026,256047,299,,False,155 quai de la Loire,,,,Marie Martin,0705876942,,,5,dernier étage,"Chalet charmant de 299 m² situé à Annecy. Cave et parking inclus. Proche de toutes commodités, transports et écoles. À visiter sans tarder.",,,,,,A,1946,marie.martin22@example.com,,,,,
89a718b1-031d-451f-ae25-15361986a473,AN-K0NSG0JC,REC-H2W9FTUQ,Chalet,Chalet charmant à Annecy,Annecy,74000,03-18-2026,325103,235,3,,,,,,Marie Martin,,,,1,,"Chalet lumineux de 235 m² situé à Annecy. Proche de toutes commodités, transports et écoles. À visiter sans tarder.",,,Century Habitat,False,,B,,marie.martin22@example.com,,,,,
5cf9a595-03e1-4a18-8e17-bda1825f0768,AN-YQSGLX7Y,REC-H2W9FTUQ,Chalet,Chalet lumineux à Annecy,Annecy,74000,2026-02-26,207799,365,6,,111 rue Jean Jaurès,,,,,0814038056,,,,,,,,Toit & Vous,,,E,,contact30@example.com,,,,,
b52a29d4-e99b-409c-a9a3-a7808efc135e,AN-4UBN2S0P,REC-H2W9FTUQ,Chalet,Chalet charmant à Annecy,Annecy,74000,11-04-2025,196332,335,,True,111 rue Pasteur,,,,,,True,,,,"Chalet avec vue dégagée de 335 m² situé à Annecy. Cave et parking inclus. Proche de toutes commodités, transports et écoles. À visiter sans tarder.",,,Toit & Vous,,,G,,contact31@example.com,,,,,
b911678f-c23a-4410-a498-c657378215c8,AN-3KI3GMBS,REC-H2W9FTUQ,Chalet,Chalet atypique à Annecy,Annecy,74000,1771599130,213596,254,6,,,45.89132,6.096501,,,0762528851,,,,RDC,"Chalet au calme de 254 m² situé à Annecy. Cave et parking inclus. Proche de toutes commodités, transports et écoles. À visiter sans tarder.",,,,,,F,,,,,,,
f45387b3-79a2-40b5-8778-b9c555e5512a,AN-80J0P7AG,REC-H2W9FTUQ,Chalet,Chalet spacieux à Annecy,Annecy,74000,2025-03-18T14:58:10,324315,302,7,,200 place de la Mairie,,,,,0293182522,,,3,4,,,,,False,,B,,,,,,,
bb2eabe6-c3e6-4dd5-81db-e7a4e57a95ff,AN-UCL5K59N,REC-H2W9FTUQ,Chalet,Chalet à rafraîchir à Annecy,Annecy,74000,02-10-2025,285357,365,5,,,,,,Luc Roche,,,220.78,2,3,"Chalet lumineux de 365 m² situé à Annecy. Cave et parking inclus. Proche de toutes commodités, transports et écoles. À visiter sans tarder.",,,Clé en Main Immo,,,C,,,,,,,
0c0387c2-213c-43c5-973d-86ba1e371350,AN-WKSD8GH0,REC-H2W9FTUQ,Chalet,Chalet spacieux à Annecy,Annecy,74000,06-09-2025,261457,313,1,False,50 avenue des Champs,45.894726,6.130891,,Marc Lefevre,,,,,,,,,,False,,E,1917,,,,,,
d2fa1459-5c16-4c77-95d3-43f23c9aa716,AN-PT41IC75,REC-H2W9FTUQ,Chalet,Chalet à rafraîchir à Annecy,Annecy,74000,2025-12-26,215824,301,,False,,45.866139,6.081119,,Claire Dubois,0545939511,,256.97,3,,"Chalet à rafraîchir de 301 m² situé à Annecy. Cave et parking inclus. Proche de toutes commodités, transports et écoles. À visiter sans tarder.",,,Toit & Vous,,,G,,,,,,,
e175b52e-d86d-46d8-a2ca-88606e845334,AN-TE4M1ZDZ,REC-H2W9FTUQ,Chalet,Chalet charmant à Annecy,Annecy,74000,1783843330,209977,303,4,False,69 rue Jean Jaurès,45.850755,6.081827,,,,,,,0,"Chalet rénové de 303 m² situé à Annecy. Proche de toutes commodités, transports et écoles. À visiter sans tarder.",,,,,https://exemple-images.test/AN-TE4M1ZDZ/1.jpg; https://exemple-images.test/AN-TE4M1ZDZ/2.jpg; https://exemple-images.test/AN-TE4M1ZDZ/3.jpg; https://exemple-images.test/AN-TE4M1ZDZ/4.jpg; https://exemple-images.test/AN-TE4M1ZDZ/5.jpg,,,,,,,,
205c8541-0a33-4e4f-a7d1-07c20a64af21,AN-X7NGB8GF,REC-H2W9FTUQ,Chalet,Chalet charmant à Annecy,Annecy,74000,26/07/2025,203040 €,314,,,134 impasse des Lilas,45.89839,6.086499,,Ahmed Martin,0602113433,,,4,,"Chalet de standing de 314 m² situé à Annecy. Cave et parking inclus. Proche de toutes commodités, transports et écoles. À visiter sans tarder. Travaux à prévoir.",,,ImmoPlus,False,https://exemple-images.test/AN-X7NGB8GF/1.jpg; https://exemple-images.test/AN-X7NGB8GF/2.jpg; https://exemple-images.test/AN-X7NGB8GF/3.jpg; https://exemple-images.test/AN-X7NGB8GF/4.jpg,,1916,,,,,,
a0d4f016-4bd9-43c9-88f7-007ef7068631,AN-H7UUXJ5K,REC-H2W9FTUQ,Chalet,Chalet rénové à Annecy,Annecy,74000,2025-08-11,240993,361,8,,,,,,,0452577621,,,,,"Chalet de standing de 361 m² situé à Annecy. Proche de toutes commodités, transports et écoles. À visiter sans tarder.",,,ImmoPlus,,https://exemple-images.test/AN-H7UUXJ5K/1.jpg; https://exemple-images.test/AN-H7UUXJ5K/2.jpg; https://exemple-images.test/AN-H7UUXJ5K/3.jpg; https://exemple-images.test/AN-H7UUXJ5K/4.jpg,,,contact27@example.com,,,,,
c9b4834b-ab51-4831-ad8d-9f2b2ea9af1e,AN-PJHZW22Q,REC-H2W9FTUQ,Chalet,Chalet à rafraîchir à Annecy,Annecy,74000,2026-05-11T00:15:10,271124,345,,False,,45.945797,6.169336,,Marc Girard,0426539534,,,,2,"Chalet atypique de 345 m² situé à Annecy. Cave et parking inclus. Proche de toutes commodités, transports et écoles. À visiter sans tarder.",,,Century Habitat,,,F,,,,,,,
ad055fe0-23ca-4832-a6a5-256194cc974c,AN-8WHNUPJ4,REC-H2W9FTUQ,Chalet,Chalet charmant à Annecy,Annecy,74000,30/01/2025,257038 €,255,1,False,,,,,Sophie Dubois,0382184592,,,3,3,"Chalet atypique de 255 m² situé à Annecy. Proche de toutes commodités, transports et écoles. À visiter sans tarder.",,,,,https://exemple-images.test/AN-8WHNUPJ4/1.jpg; https://exemple-images.test/AN-8WHNUPJ4/2.jpg; https://exemple-images.test/AN-8WHNUPJ4/3.jpg; https://exemple-images.test/AN-8WHNUPJ4/4.jpg,A,1863,,,,,,
724b36b9-6a4b-47aa-aaa7-5d22a57d2be9,AN-9C9Z2T6L,REC-H2W9FTUQ,Chalet,Chalet atypique à Annecy,Annecy,74000,1780418710,249844,308,,,,,,,,,True,66.04,,,"Chalet en excellent état de 308 m² situé à Annecy. Cave et parking inclus. Proche de toutes commodités, transports et écoles. À visiter sans tarder.",,,,,,E,,,,,,,
dcf6e5a1-10cb-4d18-bde0-b841f2a38f92,AN-TUHL4Z2S,REC-H2W9FTUQ,Chalet,Chalet rénové à Annecy,Annecy,74000,07-24-2025,173290,232,5,,188 impasse des Lilas,,,,Claire Roche,0083774468,True,,4,,"Chalet en excellent état de 232 m² situé à Annecy. Proche de toutes commodités, transports et écoles. À visiter sans tarder. Travaux à prévoir.",,,,,,B,,,,,,,
ca908a3c-cdbf-4166-9558-90e8693d4003,AN-8N0WNQPA,REC-H2W9FTUQ,Chalet,Chalet en excellent état à Annecy,Annecy,74000,22/10/2024,188372,340,,False,,,,,Julie Martin,0669220217,,,3,,"Chalet en excellent état de 340 m² situé à Annecy. Proche de toutes commodités, transports et écoles. À visiter sans tarder.",,,,,,C,1887,,,,,,
14c8f2ae-df4c-4c6b-a233-1f9810ef1e42,AN-7GRU8JF3,REC-H2W9FTUQ,Chalet,Chalet à rafraîchir à Annecy,Annecy,74000,06-28-2026,217887,244,1,,67 chemin des Vignes,,,,Ahmed Girard,0971217583,,146.54,3,4,"Chalet au calme de 244 m² situé à Annecy. Proche de toutes commodités, transports et écoles. À visiter sans tarder.",,,,False,,B,1973,,,,,,
98be9f5e-f4fd-4b55-a4cd-f75ef0db0199,AN-E8R5KU8B,REC-H2W9FTUQ,Chalet,Chalet lumineux à Annecy,Annecy,74000,10 février 2025,256079 €,365,1,True,,,,,Julie Roche,0123016172,,,2,,,,,,False,,F,1905,julie.roche7@example.com,,,,,
4e0eb92b-0869-41a7-bd3f-13bfb3563dec,AN-6X2YWQG7,REC-H2W9FTUQ,Chalet,Chalet lumineux à Annecy,Annecy,74000,1745579170,260875 €,,7,,156 rue de la République,45.854384,6.160065,,,,,,,,"Chalet en excellent état de 364 m² situé à Annecy. Proche de toutes commodités, transports et écoles. À visiter sans tarder. Travaux à prévoir.",,,Clé en Main Immo,True,,F,1966,,364,,,,
97d26e1c-6bea-4bb2-9875-a06f200952fd,AN-BJ9NUAJJ,REC-H2W9FTUQ,Chalet,Chalet charmant à Annecy,Annecy,74000,15/08/2026,181102,308,5,,,,,,Nadia Dubois,0751364493,,,,3,"Chalet spacieux de 308 m² situé à Annecy. Proche de toutes commodités, transports et écoles. À visiter sans tarder.",,,,True,https://exemple-images.test/AN-BJ9NUAJJ/1.jpg; https://exemple-images.test/AN-BJ9NUAJJ/2.jpg; https://exemple-images.test/AN-BJ9NUAJJ/3.jpg,F,,,,,,,
8182330c-9e9d-4202-8607-b8853f3906b0,AN-8QOCFFU3,REC-H2W9FTUQ,Chalet,Chalet avec vue dégagée à Annecy,Annecy,74000,2024-11-08T21:51:10,276561,235,3,,,45.876253,6.174729,,,0633406417,,182.77,0,0,"Chalet atypique de 235 m² situé à Annecy. Cave et parking inclus. Proche de toutes commodités, transports et écoles. À visiter sans tarder.",,,,,https://exemple-images.test/AN-8QOCFFU3/1.jpg,E,,contact32@example.com,,,,,
c892c5a6-4fd6-4cec-8d00-5b7eacebb275,AN-PRL2M810,REC-H2W9FTUQ,Chalet,Chalet lumineux à Annecy,Annecy,74000,04-25-2026,208070,270,,True,,45.878051,6.141415,,,0731210062,,,,RDC,"Chalet avec vue dégagée de 270 m² situé à Annecy. Proche de toutes commodités, transports et écoles. À visiter sans tarder.",,,Century Habitat,True,,A,,contact19@example.com,,,,,
bc19451e-e3e0-4e52-ac04-88992ab3b6b3,AN-YIUKD7WD,REC-H2W9FTUQ,Chalet,Chalet rénové à Annecy,Annecy,74000,08-07-2025,165560,275,7,,78 allée des Platanes,45.853742,6.118161,,Claire Roche,0970115108,,,5,3,"Chalet en excellent état de 275 m² situé à Annecy. Proche de toutes commodités, transports et écoles. À visiter sans tarder.",,,,,,G,,,,,,,
635dfea7-c8f1-4959-b558-fba966a1b539,AN-NT3XFLYB,REC-H2W9FTUQ,Chalet,Chalet de standing à Annecy,Annecy,74000,05/09/2024,260137,289,3,,5 chemin des Vignes,45.88691,6.109551,,Ahmed Dubois,0836437050,,,,,"Chalet avec vue dégagée de 289 m² situé à Annecy. Proche de toutes commodités, transports et écoles. À visiter sans tarder.",,,,,,B,,,,,,,
8c9e2971-f7e5-44d1-9f99-c4ccbc4ea3ad,AN-TEXSLWI4,REC-H2W9FTUQ,Chalet,Chalet au calme à Annecy,Annecy,74000,1741542610,226795,371,4,False,50 place de la Mairie,,,,,0037351225,,,,,"Chalet spacieux de 371 m² situé à Annecy. Cave et parking inclus. Proche de toutes commodités, transports et écoles. À visiter sans tarder.",,,Toit & Vous,False,,G,,contact54@example.com,,,,,
44e71491-b342-44b8-91eb-53b35021fc2f,AN-U10XMZSX,REC-H2W9FTUQ,Chalet,Chalet charmant à Annecy,Annecy,74000,2024-12-18,290347,293,3,False,11 chemin des Vignes,,,,Julie Bernard,0579977923,,152.59,,0,"Chalet au calme de 293 m² situé à Annecy. Cave et parking inclus. Proche de toutes commodités, transports et écoles. À visiter sans tarder. Travaux à prévoir.",,,,False,,G,,julie.bernard82@example.com,,,,,
868fdfa2-0e91-4d75-b212-06e5eea6281e,AN-99VM4YB1,REC-H2W9FTUQ,Chalet,Chalet spacieux à Annecy,Annecy,74000,01-16-2026,170106,357,4,,,,,,,,,,,,"Chalet au calme de 357 m² situé à Annecy. Cave et parking inclus. Proche de toutes commodités, transports et écoles. À visiter sans tarder.",,,,,,A,,contact95@example.com,,,,,
55751287-113c-48e7-82c2-c00e8fbc2be1,AN-QXV8QOAQ,REC-H2W9FTUQ,Chalet,Chalet charmant à Annecy,Annecy,74000,30 octobre 2024,324015,,2,,,45.879306,6.169373,,,0872227170,,,0,,"Chalet atypique de 228 m² situé à Annecy. Proche de toutes commodités, transports et écoles. À visiter sans tarder. Travaux à prévoir.",,,,,https://exemple-images.test/AN-QXV8QOAQ/1.jpg; https://exemple-images.test/AN-QXV8QOAQ/2.jpg,F,,contact26@example.com,228,,,,
5bac521d-e3a6-4a4a-9cfc-ea9d61a3347c,AN-LGFO3F6V,REC-H2W9FTUQ,Chalet,Chalet à rafraîchir à Annecy,Annecy,74000,2025-08-24,199286,,6,,,,,,,0746126681,True,,5,,,,,,,,A,1942,,250,,,,
c54cedd8-a077-449e-95b4-e9ea113ba6b5,AN-1PMGDMHI,REC-H2W9FTUQ,Chalet,Chalet lumineux à Annecy,Annecy,74000,07/07/2026,164027,309,4,,,45.933923,6.083767,,Sophie Girard,,,,,,"Chalet spacieux de 309 m² situé à Annecy. Cave et parking inclus. Proche de toutes commodités, transports et écoles. À visiter sans tarder.",,,,False,,G,,,,,,,
886b66a7-e67e-40d0-8e53-fcd121f8bb27,AN-EMZYEX5H,REC-H2W9FTUQ,Chalet,Chalet lumineux à Annecy,Annecy,74000,1734232390,184220,328,1,,65 allée des Platanes,,,,,,,,,,"Chalet atypique de 328 m² situé à Annecy. Proche de toutes commodités, transports et écoles. À visiter sans tarder.",,,ImmoPlus,,,F,,contact36@example.com,,,,,
a169fb15-339f-4f7d-8fd3-857872421c55,AN-SZT2SN0B,REC-H2W9FTUQ,Chalet,Chalet rénové à Annecy,Annecy,74000,09-03-2025,258185,308,4,True,159 chemin des Vignes,,,,Claire Lefevre,,,,,0,,,,,False,,D,1872,claire.lefevre19@example.com,,,,,
79590cd1-4fc6-4823-89b7-8795039637e0,AN-612LNWOL,REC-H2W9FTUQ,Chalet,Chalet rénové à Annecy,Annecy,74000,29/11/2024,267640,339,8,,4 chemin des Vignes,45.900885,6.146141,,Claire Faure,0629705112,,,,,"Chalet en excellent état de 339 m² situé à Annecy. Cave et parking inclus. Proche de toutes commodités, transports et écoles. À visiter sans tarder.",,,ImmoPlus,,,C,,claire.faure31@example.com,,,,,
f5be7a96-4c40-4008-9fc1-7f166bb12844,AN-4LAL49B4,REC-H2W9FTUQ,Chalet,Chalet avec vue dégagée à Annecy,Annecy,74000,2024-12-03T06:13:10,294816,364,7,,,,,,,0534144374,,,,,,,,Clé en Main Immo,False,,E,,,,,,,
593795f5-4a9d-4ba9-8135-68e4a15cca1c,AN-7V4NOIYJ,REC-H2W9FTUQ,Chalet,Chalet spacieux à Annecy,Annecy,74000,2026-06-02T05:57:10,228414,339,6,,193 chemin des Vignes,,,,Luc Bernard,0850827320,,246.69,,3,"Chalet spacieux de 339 m² situé à Annecy. Proche de toutes commodités, transports et écoles. À visiter sans tarder.",,,,,,G,,luc.bernard62@example.com,,,,,
1d82d6e1-7460-4cd6-94f2-7b8efa8644bc,AN-ANMPEYA2,REC-H2W9FTUQ,Chalet,Chalet lumineux à Annecy,Annecy,74000,2026-03-26,230677,335,1,False,50 rue Jean Jaurès,,,,Sophie Faure,0717288983,,,,,"Chalet lumineux de 335 m² situé à Annecy. Proche de toutes commodités, transports et écoles. À visiter sans tarder.",,,Toit & Vous,,,B,1860,,,,,,
1e4d0ec8-45dd-4c18-8f28-1302dfc3d474,AN-OUC8XKP7,REC-H2W9FTUQ,Chalet,Chalet rénové à Annecy,Annecy,74000,1773255730,247139,232,2,,188 impasse des Lilas,45.849613,6.116782,,,0175210329,True,,0,,"Chalet à rafraîchir de 232 m² situé à Annecy. Cave et parking inclus. Proche de toutes commodités, transports et écoles. À visiter sans tarder. Travaux à prévoir.",,,,,,A,,contact1@example.com,,,,,
980259f8-16fe-482a-807f-88bfb5dac3d7,AN-RK4I7HMY,REC-H2W9FTUQ,Chalet,Chalet en excellent état à Annecy,Annecy,74000,01/09/2024,256120 €,222,8,True,141 allée des Platanes,45.908139,6.135497,,Jean Moreau,,True,,,,"Chalet charmant de 222 m² situé à Annecy. Proche de toutes commodités, transports et écoles. À visiter sans tarder.",,,,,https://exemple-images.test/AN-RK4I7HMY/1.jpg; https://exemple-images.test/AN-RK4I7HMY/2.jpg,E,,,,,,,
c99570d9-c273-43ca-ac2e-ee6532bc8071,AN-GIZX7CPR,REC-H2W9FTUQ,Chalet,Chalet rénové à Annecy,Annecy,74000,6 janvier 2025,267349 €,347,4,,32 boulevard Gambetta,,,,Nadia Perrin,0457524720,,,,0,"Chalet lumineux de 347 m² situé à Annecy. Proche de toutes commodités, transports et écoles. À visiter sans tarder. Travaux à prévoir.",,,Provence Immobilier,,,B,,nadia.perrin74@example.com,,,,,
1c3a50d3-f00e-4e9e-a0b0-a00a4ede7984,AN-VD2DK95P,REC-H2W9FTUQ,Chalet,Chalet à rafraîchir à Annecy,Annecy,74000,6 décembre 2025,168081 €,356,5,,35 allée des Platanes,,,,Nadia Perrin,,,100.43,0,1,"Chalet avec vue dégagée de 356 m² situé à Annecy. Proche de toutes commodités, transports et écoles. À visiter sans tarder.",,,,,,F,,nadia.perrin85@example.com,,,,,
c501c1ab-84e5-4d33-aef6-0b2627bfbcb3,AN-INRCB0KB,REC-H2W9FTUQ,Chalet,Chalet lumineux à Annecy,Annecy,74000,1756754170,231659,318,,,24 impasse des Lilas,45.94037,6.107558,,,,,,3,,"Chalet rénové de 318 m² situé à Annecy. Proche de toutes commodités, transports et écoles. À visiter sans tarder. Travaux à prévoir.",,,,True,,A,1961,contact59@example.com,,,,,
e2fa5188-0524-4f58-b43c-47ce88d690f1,AN-JOXKIES9,REC-H2W9FTUQ,Chalet,Chalet rénové à Annecy,Annecy,74000,1737619630,308410,262,,,,45.935464,6.083359,,Claire Bernard,,,,2,,"Chalet avec vue dégagée de 262 m² situé à Annecy. Cave et parking inclus. Proche de toutes commodités, transports et écoles. À visiter sans tarder.",,,,,,G,,,,,,,
93980f10-ec75-4442-acfc-fead592b496f,AN-39Y9J6UA,REC-H2W9FTUQ,Chalet,Chalet avec vue dégagée à Annecy,Annecy,74000,1737447310,313629,263,1,,85 rue de la République,,,,Jean Faure,0445981111,,,,,"Chalet avec vue dégagée de 263 m² situé à Annecy. Proche de toutes commodités, transports et écoles. À visiter sans tarder.",,,,,,F,,jean.faure86@example.com,,,,,
022bb7f1-2b1f-4967-a7f8-a3fda411ea1e,AN-BY6LGXZ1,REC-H2W9FTUQ,Chalet,Chalet charmant à Annecy,Annecy,74000,2026-02-01T20:11:10,247372,234,,True,,,,,Julie Bernard,0093307084,,209.37,5,2,,,,,True,,C,,julie.bernard11@example.com,,,,,
7973e5f9-42a9-4f2b-99c0-cca024b09445,AN-0ZHBSIWD,REC-H2W9FTUQ,Chalet,Chalet à rafraîchir à Annecy,Annecy,74000,28 mai 2025,196108,343,4,,,45.947564,6.099173,,,0225498794,,,5,,"Chalet au calme de 343 m² situé à Annecy. Cave et parking inclus. Proche de toutes commodités, transports et écoles. À visiter sans tarder.",,,,False,,A,,contact29@example.com,,,,,
9a7b3bbe-a532-41e5-99af-d650208a5a35,AN-FNR1N7LW,REC-H2W9FTUQ,Chalet,Chalet à rafraîchir à Annecy,Annecy,74000,2025-08-05T07:02:10,292092,230,3,,106 chemin des Vignes,,,,Nadia Perrin,0279598789,,192.7,3,5,,,,,,,E,2008,,,,,,
8ad70e4a-aae5-4ceb-b72f-f03d0092b8ea,AN-W9DXZRLL,REC-H2W9FTUQ,Chalet,Chalet charmant à Annecy,Annecy,74000,2025-02-20T21:56:10,178879,329,6,,27 rue de la République,,,,Nadia Martin,0453770476,,,,4,,,,,,,B,,nadia.martin74@example.com,,,,,
9ca3f354-2463-49eb-afff-73e95e09aaa9,AN-DJHAAVG4,REC-H2W9FTUQ,Chalet,Chalet en excellent état à Annecy,Annecy,74000,15/12/2024,326530 €,368,4,,,45.878335,6.082972,,Claire Roche,0414457522,,,,1,"Chalet lumineux de 368 m² situé à Annecy. Proche de toutes commodités, transports et écoles. À visiter sans tarder.",,,,,,A,,claire.roche1@example.com,,,,,
16ac7b19-2427-4a28-80d7-0c2ea593040a,AN-0KZ3LU99,REC-H2W9FTUQ,Chalet,Chalet à rafraîchir à Annecy,Annecy,74000,2024-10-13,308256,321,4,True,,,,,,,,,,4,,,,ImmoPlus,True,,F,,contact44@example.com,,,,,
35ed80d2-5630-4083-8fca-be79ea89a9ec,AN-5J0G8AYQ,REC-H2W9FTUQ,Chalet,Chalet lumineux à Annecy,Annecy,74000,5 juin 2026,241741,329,5,,,45.861684,6.130611,,Sophie Moreau,,,,,,"Chalet rénové de 329 m² situé à Annecy. Proche de toutes commodités, transports et écoles. À visiter sans tarder.",,,,False,,G,2010,,,,,,
25ebb1d3-6b7c-4140-b05c-2f7e4bd20370,AN-X80DG6CF,REC-H2W9FTUQ,Chalet,Chalet au calme à Annecy,Annecy,74000,1779588670,204346,,2,,,,,,,0599812971,,,,0,,,,,,,A,,contact2@example.com,257,,,,
fba3efe4-622a-45e5-a8ea-28d07465fd4a,AN-WPHFYREP,REC-H2W9FTUQ,Chalet,Chalet rénové à Annecy,Annecy,74000,03-02-2025,252626,347,3,,156 rue Victor Hugo,45.937872,6.1157,,Ahmed Lefevre,0190384613,,,,,,,,,,,D,,,,,,,
3f65edca-eae1-4e5f-92a1-77ad7ee98fbb,AN-JF7E3DSJ,REC-H2W9FTUQ,Chalet,Chalet à rafraîchir à Annecy,Annecy,74000,1725929650,194953,232,6,False,74 rue du Commerce,45.922374,6.168678,,Jean Girard,0814477735,,,,,"Chalet de standing de 232 m² situé à Annecy. Proche de toutes commodités, transports et écoles. À visiter sans tarder.",,,Provence Immobilier,,https://exemple-images.test/AN-JF7E3DSJ/1.jpg,,,jean.girard39@example.com,,,,,
ae14d6d2-587a-4f83-a9b4-2134aa8c8b8c,AN-EP7PNHQK,REC-H2W9FTUQ,Chalet,Chalet avec vue dégagée à Annecy,Annecy,74000,15 avril 2025,207044,242,,,,45.890152,6.085969,,,0814250944,True,,1,,"Chalet rénové de 242 m² situé à Annecy. Cave et parking inclus. Proche de toutes commodités, transports et écoles. À visiter sans tarder.",,,Provence Immobilier,,https://exemple-images.test/AN-EP7PNHQK/1.jpg; https://exemple-images.test/AN-EP7PNHQK/2.jpg; https://exemple-images.test/AN-EP7PNHQK/3.jpg,B,,contact81@example.com,,,,,
289d302a-29a2-4cca-8367-3aa93ab85b35,AN-17EWYIX8,REC-H2W9FTUQ,Chalet,Chalet atypique à Annecy,Annecy,74000,1735655650,173951,298,,,129 rue Jean Jaurès,,,,Ahmed Dubois,,,,4,0,"Chalet lumineux de 298 m² situé à Annecy. Proche de toutes commodités, transports et écoles. À visiter sans tarder.",,,,,,D,,ahmed.dubois15@example.com,,,,,
dd2ffaa8-f851-4dca-ac1c-2cc774adc5e1,AN-J28RLLEG,REC-H2W9FTUQ,Chalet,Chalet lumineux à Annecy,Annecy,74000,1734739690,265997,239,1,,99 rue Victor Hugo,,,,Claire Girard,0116503535,,185.17,3,,"Chalet de standing de 239 m² situé à Annecy. Proche de toutes commodités, transports et écoles. À visiter sans tarder.",,,Toit & Vous,False,https://exemple-images.test/AN-J28RLLEG/1.jpg; https://exemple-images.test/AN-J28RLLEG/2.jpg,D,,claire.girard14@example.com,,,,,
7901f0d1-92f4-45ff-b0ce-c2a6361f7b2d,AN-3LFFZM14,REC-H2W9FTUQ,Chalet,Chalet de standing à Annecy,Annecy,74000,1750914730,306281,295,,,12 rue de la République,45.910913,6.120208,,,,,,1,,"Chalet de standing de 295 m² situé à Annecy. Proche de toutes commodités, transports et écoles. À visiter sans tarder. Travaux à prévoir.",,,,True,,F,,,,,,,
408399a9-57f8-4060-90f7-62e7b38ac6e3,AN-9FIKLQQ3,REC-H2W9FTUQ,Chalet,Chalet à rafraîchir à Annecy,Annecy,74000,1783571290,231191,264,3,True,,45.849898,6.103665,,Marie Roche,0132447321,,285.14,0,,,,,,,https://exemple-images.test/AN-9FIKLQQ3/1.jpg; https://exemple-images.test/AN-9FIKLQQ3/2.jpg; https://exemple-images.test/AN-9FIKLQQ3/3.jpg; https://exemple-images.test/AN-9FIKLQQ3/4.jpg,G,1972,,,,,,
cd98cb48-ab48-49c3-ac48-81f1a796e755,AN-YDLHUMVS,REC-H2W9FTUQ,Chalet,Chalet lumineux à Annecy,Annecy,74000,1733191270,295057,364,,True,170 impasse des Lilas,45.914361,6.140209,,Jean Girard,,,,5,,"Chalet rénové de 364 m² situé à Annecy. Proche de toutes commodités, transports et écoles. À visiter sans tarder. Travaux à prévoir.",,,Toit & Vous,False,,G,1987,,,,,,
87cd9150-668d-4121-ac36-c3f3ae8f2774,AN-4EBJTJAY,REC-H2W9FTUQ,Chalet,Chalet lumineux à Annecy,Annecy,74000,2026-01-01T12:44:10,324008,,,False,,,,,,0119340400,,,,0,"Chalet de standing de 270 m² situé à Annecy. Proche de toutes commodités, transports et écoles. À visiter sans tarder.",,,,False,https://exemple-images.test/AN-4EBJTJAY/1.jpg; https://exemple-images.test/AN-4EBJTJAY/2.jpg; https://exemple-images.test/AN-4EBJTJAY/3.jpg; https://exemple-images.test/AN-4EBJTJAY/4.jpg; https://exemple-images.test/AN-4EBJTJAY/5.jpg,,1988,,270,,,,
024d48d6-ddb8-4412-a7cc-efe82301c9a4,AN-5O2YG634,REC-H2W9FTUQ,Chalet,Chalet rénové à Annecy,Annecy,74000,12 octobre 2024,192812,340,8,True,,,,,Jean Fontaine,0108069772,,323.83,,,"Chalet atypique de 340 m² situé à Annecy. Proche de toutes commodités, transports et écoles. À visiter sans tarder.",,,ImmoPlus,False,,G,,jean.fontaine47@example.com,,,,,
7b14cc89-a27b-4f47-8d21-dbe5a7e5a5d5,AN-S0TESW45,REC-H2W9FTUQ,Chalet,Chalet charmant à Annecy,Annecy,74000,02-19-2026,315567,300,,True,81 rue Victor Hugo,,,,,0196829774,,,,2,"Chalet charmant de 300 m² situé à Annecy. Proche de toutes commodités, transports et écoles. À visiter sans tarder.",,,Century Habitat,False,,G,1915,,,,,,
6d26b408-f826-4639-9e4a-4315f8117c88,AN-5GN7IHCP,REC-H2W9FTUQ,Chalet,Chalet en excellent état à Annecy,Annecy,74000,1780939750,220032,342,6,True,,45.928052,6.153594,,Marc Lefevre,0007353332,,,5,RDC,"Chalet spacieux de 342 m² situé à Annecy. Proche de toutes commodités, transports et écoles. À visiter sans tarder. Travaux à prévoir.",,,,,,A,1852,marc.lefevre11@example.com,,,,,
80840907-c651-485f-89de-355afaeef466,AN-IFK6FCZ1,REC-H2W9FTUQ,Chalet,Chalet à rafraîchir à Annecy,Annecy,74000,06-19-2026,166687,292,8,,176 place de la Mairie,45.896651,6.079596,,Luc Perrin,0796559282,,,2,,"Chalet de standing de 292 m² situé à Annecy. Cave et parking inclus. Proche de toutes commodités, transports et écoles. À visiter sans tarder.",,,,True,,B,,,,,,,
a5925792-ec9b-44e2-ab21-b91380ec53c4,AN-IKPAPXBR,REC-H2W9FTUQ,Chalet,Chalet au calme à Annecy,Annecy,74000,09/05/2025,302828,249,1,True,,,,,,0409733293,,309.76,4,2,"Chalet à rafraîchir de 249 m² situé à Annecy. Cave et parking inclus. Proche de toutes commodités, transports et écoles. À visiter sans tarder.",,,Nid Doré,True,,B,,contact77@example.com,,,,,
73370be6-f82d-4651-ac65-c49fd0608b29,AN-50NYSBUC,REC-H2W9FTUQ,Chalet,Chalet avec vue dégagée à Annecy,Annecy,74000,07-01-2026,250426,242,,True,,,,,Ahmed Faure,0171281489,True,,,,"Chalet au calme de 242 m² situé à Annecy. Cave et parking inclus. Proche de toutes commodités, transports et écoles. À visiter sans tarder. Travaux à prévoir.",,,Toit & Vous,,,D,,,,,,,
f2b0e2f2-d897-45a7-8f43-831e0d9f15bf,AN-BBQH2ZAL,REC-H2W9FTUQ,Chalet,Chalet au calme à Annecy,Annecy,74000,10-09-2025,303228,295,3,,34 rue Pasteur,45.854144,6.178183,,Julie Bernard,,True,,,RDC,"Chalet atypique de 295 m² situé à Annecy. Cave et parking inclus. Proche de toutes commodités, transports et écoles. À visiter sans tarder. Travaux à prévoir.",,,ImmoPlus,,,B,,,,,,,
8d9d1902-3622-4f57-b2e2-a2b90fe21677,AN-E77WYKIA,REC-H2W9FTUQ,Chalet,Chalet de standing à Annecy,Annecy,74000,09-09-2024,199508,323,4,,,,,,Jean Roche,0541180503,True,228.8,2,1,"Chalet à rafraîchir de 323 m² situé à Annecy. Cave et parking inclus. Proche de toutes commodités, transports et écoles. À visiter sans tarder.",,,,,,B,1969,jean.roche47@example.com,,,,,
e9f468c4-1c5e-4fdf-a211-517e2b2fca92,AN-ZGEYQ794,REC-H2W9FTUQ,Chalet,Chalet atypique à Annecy,Annecy,74000,11-11-2024,164676,263,5,,,,,,Sophie Roche,0826951019,,,1,,"Chalet à rafraîchir de 263 m² situé à Annecy. Proche de toutes commodités, transports et écoles. À visiter sans tarder.",,,,False,,C,,sophie.roche38@example.com,,,,,
75a6757a-9713-4cf5-89ab-034b9da9fc0f,AN-AFUAI2K1,REC-H2W9FTUQ,Chalet,Chalet lumineux à Annecy,Annecy,74000,08/10/2024,272862,257,1,,172 avenue des Champs,,,,,,,348.78,,,"Chalet lumineux de 257 m² situé à Annecy. Proche de toutes commodités, transports et écoles. À visiter sans tarder.",,,,True,,B,,contact60@example.com,,,,,
e436f7f7-3ff0-4b83-a6a6-20900a959e34,AN-72UGPKIT,REC-H2W9FTUQ,Chalet,Chalet spacieux à Annecy,Annecy,74000,11-22-2025,181413,242,5,,,45.915532,6.165373,,,0966259128,,,2,,"Chalet avec vue dégagée de 242 m² situé à Annecy. Proche de toutes commodités, transports et écoles. À visiter sans tarder.",,,Clé en Main Immo,,,D,,contact97@example.com,,,,,
6c8b061a-b16c-4a09-bd73-3750e4953553,AN-2HNV9ZB6,REC-H2W9FTUQ,Chalet,Chalet en excellent état à Annecy,Annecy,74000,23 janvier 2026,208494 €,237,7,,101 impasse des Lilas,45.925094,6.164637,,Karim Moreau,0275730078,,,,RDC,"Chalet au calme de 237 m² situé à Annecy. Proche de toutes commodités, transports et écoles. À visiter sans tarder.",,,,,,D,,karim.moreau54@example.com,,,,,
69462188-94d4-4db4-b720-77667c9c6be7,AN-SAD0YUDO,REC-H2W9FTUQ,Chalet,Chalet lumineux à Annecy,Annecy,74000,2024-09-15T06:37:10,223345,236,,,,45.89997,6.135978,,Nadia Perrin,0325576747,,,1,,"Chalet à rafraîchir de 236 m² situé à Annecy. Proche de toutes commodités, transports et écoles. À visiter sans tarder.",,,,,,C,,nadia.perrin62@example.com,,,,,
235ad251-abb1-496c-8e3b-ffdc408c4eb4,AN-0AVO1C20,REC-H2W9FTUQ,Chalet,Chalet au calme à Annecy,Annecy,74000,2025-03-26,238213,221,8,True,,,,,Ahmed Bernard,,,,,4,"Chalet rénové de 221 m² situé à Annecy. Proche de toutes commodités, transports et écoles. À visiter sans tarder.",,,,False,https://exemple-images.test/AN-0AVO1C20/1.jpg,F,1925,ahmed.bernard31@example.com,,,,,
260bc80d-a77f-4d88-a908-bccbfdfd5725,AN-1GJ1WASF,REC-H2W9FTUQ,Chalet,Chalet avec vue dégagée à Annecy,Annecy,74000,13 août 2026,181014,227,8,,,,,,Marc Moreau,0660113195,,,,4,"Chalet charmant de 227 m² situé à Annecy. Proche de toutes commodités, transports et écoles. À visiter sans tarder.",,,Provence Immobilier,,https://exemple-images.test/AN-1GJ1WASF/1.jpg; https://exemple-images.test/AN-1GJ1WASF/2.jpg,D,,,,,,,
c21c42ec-e874-425e-9872-5fbc963af873,AN-1F7XDOOV,REC-H2W9FTUQ,Chalet,Chalet avec vue dégagée à Annecy,Annecy,74000,29 novembre 2024,246612,279,6,,,,,,Marie Perrin,0209900541,,,3,0,"Chalet atypique de 279 m² situé à Annecy. Cave et parking inclus. Proche de toutes commodités, transports et écoles. À visiter sans tarder.",,,,,,G,,,,,,,
376f5e70-de58-4994-98c0-d8663229badc,AN-U8GCTA3B,REC-H2W9FTUQ,Chalet,Chalet spacieux à Annecy,Annecy,74000,07-10-2026,209961,221,5,,14 impasse des Lilas,45.894031,6.092708,,Claire Dubois,,,190.79,,,,,,,False,,G,,,,,,,
f763aee8-3058-400b-9aae-6593c3f4db0b,AN-JTUYC1Y0,REC-H2W9FTUQ,Chalet,Chalet en excellent état à Annecy,Annecy,74000,24/11/2025,273277,308,5,,192 rue Pasteur,45.915472,6.094887,,,,,,,2,,,,Nid Doré,,,D,1936,,,,,,
5a15e7a2-43a0-4179-ae0d-8543281004de,AN-ISY76YID,REC-H2W9FTUQ,Chalet,Chalet au calme à Annecy,Annecy,74000,11 février 2026,199976,281,3,,,,,,Claire Girard,,,,,1,"Chalet en excellent état de 281 m² situé à Annecy. Cave et parking inclus. Proche de toutes commodités, transports et écoles. À visiter sans tarder.",,,,,,G,2014,,,,,,
694f290d-5b3b-472b-ac0b-edc943ed4120,AN-9W5AC4AY,REC-H2W9FTUQ,Chalet,Chalet charmant à Annecy,Annecy,74000,2025-05-04T08:42:10,304168,294,6,True,,45.86624,6.090137,,,0497769656,,,1,,,,,,True,https://exemple-images.test/AN-9W5AC4AY/1.jpg; https://exemple-images.test/AN-9W5AC4AY/2.jpg; https://exemple-images.test/AN-9W5AC4AY/3.jpg; https://exemple-images.test/AN-9W5AC4AY/4.jpg; https://exemple-images.test/AN-9W5AC4AY/5.jpg,F,,,,,,,
d2763460-32a9-41a6-9b6d-dd9f32671d6a,AN-W90G6MIY,REC-H2W9FTUQ,Chalet,Chalet rénové à Annecy,Annecy,74000,2025-08-30,248910,330,8,,125 allée des Platanes,45.893684,6.137771,,Marie Bernard,0640701520,True,,,,,,,Nid Doré,,,C,,marie.bernard99@example.com,,,,,
3072898d-17b5-4075-b470-795029ece360,AN-PCRF8HN9,REC-H2W9FTUQ,Chalet,Chalet atypique à Annecy,Annecy,74000,2025-07-17,234538,244,,,,45.908841,6.162751,,Sophie Girard,0720406395,,,1,,"Chalet atypique de 244 m² situé à Annecy. Proche de toutes commodités, transports et écoles. À visiter sans tarder. Travaux à prévoir.",,,Century Habitat,,https://exemple-images.test/AN-PCRF8HN9/1.jpg; https://exemple-images.test/AN-PCRF8HN9/2.jpg; https://exemple-images.test/AN-PCRF8HN9/3.jpg; https://exemple-images.test/AN-PCRF8HN9/4.jpg; https://exemple-images.test/AN-PCRF8HN9/5.jpg,A,,sophie.girard90@example.com,,,,,
e114b615-6eae-4bb5-948a-370589ff98d7,AN-P6J0U36F,REC-H2W9FTUQ,Chalet,Chalet spacieux à Annecy,Annecy,74000,1752496870,179452,295,5,,,,,,Nadia Bernard,0789866489,,,,dernier étage,"Chalet charmant de 295 m² situé à Annecy. Proche de toutes commodités, transports et écoles. À visiter sans tarder.",,,,True,,B,1966,,,,,,
645faa47-6fbd-41d5-8173-f6d1acb79295,AN-JOAKJZPB,REC-H2W9FTUQ,Chalet,Chalet à rafraîchir à Annecy,Annecy,74000,1769496250,293778,307,,,143 rue Jean Jaurès,45.932644,6.097734,,,0523684960,,388.94,0,,"Chalet atypique de 307 m² situé à Annecy. Proche de toutes commodités, transports et écoles. À visiter sans tarder.",,,,,,F,,,,,,,
4b4224da-f50d-4211-9b61-b4b342f1cdbc,AN-5KGG9OA8,REC-H2W9FTUQ,Chalet,Chalet lumineux à Annecy,Annecy,74000,04/03/2025,235304,348,,,,,,,,0747977286,,,,,"Chalet au calme de 348 m² situé à Annecy. Cave et parking inclus. Proche de toutes commodités, transports et écoles. À visiter sans tarder.",,,Provence Immobilier,,,B,1972,,,,,,
bdeea5bb-14df-4c98-a1a9-01917e6c6eaa,AN-MZXWY7BP,REC-H2W9FTUQ,Chalet,Chalet avec vue dégagée à Annecy,Annecy,74000,30 décembre 2025,260889,257,7,,196 allée des Platanes,45.882127,6.171878,,,0872776857,True,,,2,"Chalet avec vue dégagée de 257 m² situé à Annecy. Proche de toutes commodités, transports et écoles. À visiter sans tarder.",,,,,https://exemple-images.test/AN-MZXWY7BP/1.jpg,B,1994,,,,,,
a805ef06-f21c-4009-bf2f-37bf2ddacefb,AN-5B39MC77,REC-H2W9FTUQ,Chalet,Chalet à rafraîchir à Annecy,Annecy,74000,15 novembre 2025,295433,337,5,False,13 quai de la Loire,,,,,,True,181.52,0,5,"Chalet avec vue dégagée de 337 m² situé à Annecy. Proche de toutes commodités, transports et écoles. À visiter sans tarder.",,,,,https://exemple-images.test/AN-5B39MC77/1.jpg,,,contact29@example.com,,,,,
9988174c-9bd3-4aee-b0be-164f32cc1e26,AN-J606ZV2V,REC-H2W9FTUQ,Chalet,Chalet avec vue dégagée à Annecy,Annecy,74000,2024-11-03T00:10:10,322116 €,282,,,,45.900631,6.130451,,Sophie Perrin,0485495538,True,219.32,,,"Chalet avec vue dégagée de 282 m² situé à Annecy. Proche de toutes commodités, transports et écoles. À visiter sans tarder. Travaux à prévoir.",,,,,,E,,,,,,,
845a5a9f-b2b8-4c13-94ec-d503d8520b7a,AN-LL1AQWE6,REC-H2W9FTUQ,Chalet,Chalet au calme à Annecy,Annecy,74000,1725329530,213780,,2,,,,,,Marie Roche,,,,,3,,,,,,,D,,,239,,,,
6b95ddb8-ad3a-4e8f-910d-c3286c34a171,AN-DDCETBOW,REC-H2W9FTUQ,Chalet,Chalet en excellent état à Annecy,Annecy,74000,12-23-2024,253716,369,,,155 avenue des Champs,45.860562,6.151126,,,0151198770,,187.89,,,"Chalet de standing de 369 m² situé à Annecy. Proche de toutes commodités, transports et écoles. À visiter sans tarder.",,,,,,G,,contact62@example.com,,,,,
802587fe-75da-477a-8fed-a7a5eec8509a,AN-7F2OVFIC,REC-H2W9FTUQ,Chalet,Chalet à rafraîchir à Annecy,Annecy,74000,1745881630,206983,240,,True,,45.9049,6.149464,,Nadia Perrin,0615363084,,384.68,,2,"Chalet en excellent état de 240 m² situé à Annecy. Proche de toutes commodités, transports et écoles. À visiter sans tarder.",,,,,,A,,,,,,,
a7307529-0c4f-4f24-a8a4-009c9947550d,AN-36GRKHBS,REC-H2W9FTUQ,Chalet,Chalet charmant à Annecy,Annecy,74000,2026-03-29,284067,293,4,,,,,,Julie Bernard,0210602064,True,,,2,"Chalet à rafraîchir de 293 m² situé à Annecy. Proche de toutes commodités, transports et écoles. À visiter sans tarder.",,,Provence Immobilier,,,B,1926,julie.bernard61@example.com,,,,,
c5b16bb8-32bd-4998-8354-add1b52fdf4c,AN-L614X8ST,REC-H2W9FTUQ,Chalet,Chalet lumineux à Annecy,Annecy,74000,05/08/2026,237896,367,8,True,,45.912798,6.141739,,,,True,310.5,2,,"Chalet rénové de 367 m² situé à Annecy. Proche de toutes commodités, transports et écoles. À visiter sans tarder.",,,,,,D,,,,,,,
c443713f-af2d-418e-b0f9-abe277298c98,AN-NDYJCKYR,REC-H2W9FTUQ,Chalet,Chalet de standing à Annecy,Annecy,74000,2025-08-25T23:03:10,259579,338,2,,,45.865134,6.121848,,,0190582258,True,291.01,4,RDC,"Chalet avec vue dégagée de 338 m² situé à Annecy. Proche de toutes commodités, transports et écoles. À visiter sans tarder. Travaux à prévoir.",,,Clé en Main Immo,,,D,,contact79@example.com,,,,,
c13f2949-9a8c-4b84-a46a-0dca565bf87c,AN-82FFA1JB,REC-H2W9FTUQ,Chalet,Chalet charmant à Annecy,Annecy,74000,1756017910,209982,313,1,,125 avenue des Champs,,,,Nadia Bernard,,,,0,4,,,,,False,,B,,,,,,,
03a072b4-c55c-421d-a26b-dfbf5123440f,AN-1WQ53L4A,REC-H2W9FTUQ,Chalet,Chalet en excellent état à Annecy,Annecy,74000,04-07-2025,183088 €,293,4,,,45.927698,6.098735,,,,True,,5,,"Chalet en excellent état de 293 m² situé à Annecy. Proche de toutes commodités, transports et écoles. À visiter sans tarder.",,,,,,E,,contact33@example.com,,,,,
f927203c-13e3-4d1e-a7d5-170ca1c4112d,AN-VJ0G8CNY,REC-H2W9FTUQ,Chalet,Chalet avec vue dégagée à Annecy,Annecy,74000,03-04-2025,189778,294,3,,177 rue Pasteur,,,,Luc Fontaine,0815507441,True,,,,"Chalet avec vue dégagée de 294 m² situé à Annecy. Proche de toutes commodités, transports et écoles. À visiter sans tarder.",,,,,,F,,,,,,,
88aa07ce-a86b-4168-b6b4-f897ee9f2541,AN-RR8RKFT3,REC-H2W9FTUQ,Chalet,Chalet spacieux à Annecy,Annecy,74000,2026-02-16T00:12:10,185936,330,2,False,,45.934755,6.150668,,,,,,,,"Chalet au calme de 330 m² situé à Annecy. Proche de toutes commodités, transports et écoles. À visiter sans tarder.",,,,False,https://exemple-images.test/AN-RR8RKFT3/1.jpg; https://exemple-images.test/AN-RR8RKFT3/2.jpg; https://exemple-images.test/AN-RR8RKFT3/3.jpg,B,1896,,,,,,
d0081dc7-f603-4bc6-9633-bbfe0faa7bc3,AN-XB9APBPU,REC-H2W9FTUQ,Chalet,Chalet charmant à Annecy,Annecy,74000,05/08/2026,318149,,,True,14 avenue des Champs,45.934082,6.158464,,Marie Moreau,0322361724,,,,,,,,Provence Immobilier,,,C,,,245,,,,
a222c7a1-fd99-4cc4-a7df-60dfc8b98207,AN-210YO06N,REC-H2W9FTUQ,Chalet,Chalet avec vue dégagée à Annecy,Annecy,74000,06/11/2024,263140,,3,,109 rue de la République,45.866906,6.099874,,,0363574495,,,,4,"Chalet à rafraîchir de 292 m² situé à Annecy. Proche de toutes commodités, transports et écoles. À visiter sans tarder.",,,Clé en Main Immo,,,C,,contact56@example.com,292,,,,
42426610-7476-4fee-b27c-a720adbaf63f,AN-6UOWEYU1,REC-H2W9FTUQ,Chalet,Chalet de standing à Annecy,Annecy,74000,2025-10-16,231594,285,2,,138 rue Pasteur,45.902562,6.125804,,Nadia Moreau,0018117848,,,,,"Chalet rénové de 285 m² situé à Annecy. Proche de toutes commodités, transports et écoles. À visiter sans tarder. Travaux à prévoir.",,,Century Habitat,True,,B,,nadia.moreau92@example.com,,,,,
a6477c27-b2af-4162-93ae-4a3352aa3e58,AN-U9NX2R94,REC-H2W9FTUQ,Chalet,Chalet à rafraîchir à Annecy,Annecy,74000,2025-08-29T04:52:10,266468,266,7,,164 impasse des Lilas,,,,,0282896708,,,3,RDC,"Chalet en excellent état de 266 m² situé à Annecy. Proche de toutes commodités, transports et écoles. À visiter sans tarder.",,,Provence Immobilier,False,,C,,,,,,,
9eaaa18c-7e79-4417-869d-3698eda9395c,AN-E5C0AUF7,REC-H2W9FTUQ,Chalet,Chalet spacieux à Annecy,Annecy,74000,2024-09-27,326837,233,4,,,,,,Nadia Moreau,0320573523,,,4,,"Chalet en excellent état de 233 m² situé à Annecy. Cave et parking inclus. Proche de toutes commodités, transports et écoles. À visiter sans tarder.",,,,,,G,1945,nadia.moreau22@example.com,,,,,
2bd605ef-2eaf-4af1-839c-299b7da9867b,AN-2QVKMHOF,REC-H2W9FTUQ,Chalet,Chalet avec vue dégagée à Annecy,Annecy,74000,2026-05-19T00:33:10,170662,306,,False,19 rue Pasteur,,,,,,,,2,1,"Chalet lumineux de 306 m² situé à Annecy. Proche de toutes commodités, transports et écoles. À visiter sans tarder.",,,,,,G,,,,,,,
e29b8bf6-1276-4667-b6d2-7b4cd51bd2a8,AN-CHWEDOGW,REC-H2W9FTUQ,Chalet,Chalet spacieux à Annecy,Annecy,74000,2024-08-31T20:43:10,268155,336,7,,,45.935626,6.169505,,Claire Girard,0713345633,,,0,dernier étage,"Chalet avec vue dégagée de 336 m² situé à Annecy. Proche de toutes commodités, transports et écoles. À visiter sans tarder.",,,Provence Immobilier,,,B,,,,,,,
572b9cf0-30ac-43a9-9a1d-ef03461c2313,AN-S1G77K3U,REC-H2W9FTUQ,Chalet,Chalet rénové à Annecy,Annecy,74000,2025-08-16T07:00:10,172374,341,5,,121 rue Jean Jaurès,45.923632,6.102965,,Jean Fontaine,0269804489,,326.37,5,,,,,,,,A,,,,,,,
9aea61f7-28ac-4f37-8a91-0dea2240d4b6,AN-XVDQRUGL,REC-H2W9FTUQ,Chalet,Chalet spacieux à Annecy,Annecy,74000,2025-04-12,188094,,4,,,45.942042,6.160166,,Jean Perrin,0238703130,,,4,,"Chalet lumineux de 248 m² situé à Annecy. Proche de toutes commodités, transports et écoles. À visiter sans tarder. Travaux à prévoir.",,,,,https://exemple-images.test/AN-XVDQRUGL/1.jpg; https://exemple-images.test/AN-XVDQRUGL/2.jpg,F,,jean.perrin21@example.com,248,,,,
06a3a791-7b81-4404-9ac6-46c3c709f693,AN-APOE2P64,REC-H2W9FTUQ,Chalet,Chalet à rafraîchir à Annecy,Annecy,74000,2 juillet 2026,227799 €,285,8,,51 rue du Commerce,45.897145,6.10531,,,0589043113,,,0,dernier étage,"Chalet à rafraîchir de 285 m² situé à Annecy. Proche de toutes commodités, transports et écoles. À visiter sans tarder.",,,,True,,D,,,,,,,
4c04afff-937e-47ee-8a85-53e4d90d3579,AN-B6UA8NUP,REC-H2W9FTUQ,Chalet,Chalet charmant à Annecy,Annecy,74000,7 avril 2025,287548,263,1,True,,,,,Julie Faure,,,237.3,,dernier étage,"Chalet de standing de 263 m² situé à Annecy. Proche de toutes commodités, transports et écoles. À visiter sans tarder.",,,,,https://exemple-images.test/AN-B6UA8NUP/1.jpg; https://exemple-images.test/AN-B6UA8NUP/2.jpg; https://exemple-images.test/AN-B6UA8NUP/3.jpg,A,,,,,,,
bd3b8612-40b2-4c3f-a73d-8265fb1b5597,AN-5UHX2L1S,REC-H2W9FTUQ,Chalet,Chalet avec vue dégagée à Annecy,Annecy,74000,05-13-2026,176088,367,,,,45.900387,6.082337,,Nadia Martin,0014517668,True,,,,,,,Toit & Vous,,,E,,,,,,,
be7fa1f2-dba6-4f3e-9164-0e2f87f1a50a,AN-SEA8VENU,REC-H2W9FTUQ,Chalet,Chalet à rafraîchir à Annecy,Annecy,74000,1741870270,166984,266,4,,102 boulevard Gambetta,45.860623,6.14127,,,,,64.98,,0,"Chalet de standing de 266 m² situé à Annecy. Proche de toutes commodités, transports et écoles. À visiter sans tarder.",,,,,,A,,contact35@example.com,,,,,
7091ac0b-2b0b-4da4-bcbc-74227967dc03,AN-BBN8TTOY,REC-H2W9FTUQ,Chalet,Chalet au calme à Annecy,Annecy,74000,2 février 2025,289641 €,,4,True,143 rue Pasteur,,,,,0415587691,,,5,,"Chalet rénové de 275 m² situé à Annecy. Proche de toutes commodités, transports et écoles. À visiter sans tarder.",,,,True,,B,,,275,,,,
ab605a03-dfaa-4ab4-b172-97bb3306c4bc,AN-J3L3R3IF,REC-H2W9FTUQ,Chalet,Chalet charmant à Annecy,Annecy,74000,2026-03-31,240178,315,3,,127 boulevard Gambetta,45.860346,6.16508,,,0580445334,True,233.69,,,"Chalet au calme de 315 m² situé à Annecy. Proche de toutes commodités, transports et écoles. À visiter sans tarder.",,,,,,F,1990,,,,,,
abe5735d-e584-4f78-9179-4f2614d1323f,AN-LG9J5X6O,REC-H2W9FTUQ,Chalet,Chalet au calme à Annecy,Annecy,74000,09/07/2026,226118,226,8,,,45.862437,6.123726,,Julie Fontaine,0552061447,,,,,"Chalet à rafraîchir de 226 m² situé à Annecy. Proche de toutes commodités, transports et écoles. À visiter sans tarder.",,,Century Habitat,True,https://exemple-images.test/AN-LG9J5X6O/1.jpg,C,,julie.fontaine61@example.com,,,,,
7ebbb6a7-fea2-4a6c-8895-2e80f51ab90f,AN-FOHP50Y1,REC-H2W9FTUQ,Chalet,Chalet à rafraîchir à Annecy,Annecy,74000,1769710390,219508,229,3,,15 rue Pasteur,,,,Ahmed Dubois,,,249.31,,,"Chalet au calme de 229 m² situé à Annecy. Proche de toutes commodités, transports et écoles. À visiter sans tarder.",,,,,,C,,,,,,,
e1f61172-d2b3-4a37-b226-e1c638785c9e,AN-SP5LF2E6,REC-H2W9FTUQ,Chalet,Chalet charmant à Annecy,Annecy,74000,2025-03-23T20:18:10,268111,276,3,,,45.856113,6.081701,,,0534769310,,190.11,,4,"Chalet rénové de 276 m² situé à Annecy. Proche de toutes commodités, transports et écoles. À visiter sans tarder.",,,,True,,G,,,,,,,
2479a856-91ef-40dc-8173-7c52bbb4330b,AN-D37L74AF,REC-H2W9FTUQ,Chalet,Chalet de standing à Annecy,Annecy,74000,11/07/2025,217465,237,1,,99 rue Victor Hugo,,,,,,,,5,,"Chalet en excellent état de 237 m² situé à Annecy. Proche de toutes commodités, transports et écoles. À visiter sans tarder. Travaux à prévoir.",,,,,,F,,,,,,,
d0015654-b77a-4686-8b12-f7943e36ba9c,AN-3Y9TWX00,REC-H2W9FTUQ,Chalet,Chalet de standing à Annecy,Annecy,74000,1781680570,171459,262,,False,,45.870003,6.154659,,Karim Perrin,0149495894,True,,2,,,,,ImmoPlus,,,C,1916,karim.perrin89@example.com,,,,,
16c012f8-1b79-47d6-a5cc-a3e0be44a773,AN-V2COT1IL,REC-H2W9FTUQ,Chalet,Chalet spacieux à Annecy,Annecy,74000,2026-03-18,312976,298,,False,33 rue Victor Hugo,45.923444,6.087651,,Claire Moreau,0564276478,,,,4,,,,Provence Immobilier,,,B,,,,,,,
1caad262-9ae4-458b-88b9-bb384ba70bd4,AN-P312QIDA,REC-H2W9FTUQ,Chalet,Chalet atypique à Annecy,Annecy,74000,8 avril 2025,240815,,1,,183 rue de la République,,,,,,,,,,"Chalet spacieux de 287 m² situé à Annecy. Proche de toutes commodités, transports et écoles. À visiter sans tarder.",,,,,https://exemple-images.test/AN-P312QIDA/1.jpg,A,1969,contact51@example.com,287,,,,
03bdeb36-951a-465a-82b6-37be0591f86d,AN-WH6QNDBO,REC-H2W9FTUQ,Chalet,Chalet avec vue dégagée à Annecy,Annecy,74000,1733047210,192165,253,,,148 place de la Mairie,45.939287,6.153456,,Jean Lefevre,0549177199,,272.62,,4,"Chalet rénové de 253 m² situé à Annecy. Proche de toutes commodités, transports et écoles. À visiter sans tarder.",,,,,,D,,jean.lefevre51@example.com,,,,,
4a670c5c-dfaf-470c-ae4a-0ca12ed3b5e4,AN-CXLCXJ07,REC-H2W9FTUQ,Chalet,Chalet lumineux à Annecy,Annecy,74000,6 septembre 2024,267664,308,2,,113 place de la Mairie,45.872132,6.094859,,Karim Girard,,True,,4,RDC,"Chalet rénové de 308 m² situé à Annecy. Proche de toutes commodités, transports et écoles. À visiter sans tarder.",,,,,,F,,,,,,,
ef51140c-d158-4ecc-94cd-878b9f8eb39d,AN-9CMPI3PD,REC-H2W9FTUQ,Chalet,Chalet lumineux à Annecy,Annecy,74000,1738542790,222264,298,,True,,,,,Claire Roche,0972536767,,,4,,,,,Toit & Vous,,,B,,claire.roche61@example.com,,,,,
bae24ec4-e764-4b89-9693-b4bccea049c6,AN-RE1P46B2,REC-H2W9FTUQ,Chalet,Chalet à rafraîchir à Annecy,Annecy,74000,01-19-2026,212309,337,7,False,,,,,Julie Girard,0282909287,,,2,,"Chalet en excellent état de 337 m² situé à Annecy. Proche de toutes commodités, transports et écoles. À visiter sans tarder.",,,ImmoPlus,,,E,,julie.girard38@example.com,,,,,
3a5146ce-d33b-45ab-bcfe-1bb83238d2d6,AN-HCS4NBS1,REC-H2W9FTUQ,Chalet,Chalet à rafraîchir à Annecy,Annecy,74000,1740746770,202673,284,3,True,3 rue de la République,45.880706,6.171592,,Nadia Dubois,,,312.83,,,"Chalet atypique de 284 m² situé à Annecy. Cave et parking inclus. Proche de toutes commodités, transports et écoles. À visiter sans tarder.",,,,True,,E,2018,,,,,,
3558ff1e-b944-4507-8282-61a0000a8e3e,AN-MXUFCWTV,REC-H2W9FTUQ,Chalet,Chalet au calme à Annecy,Annecy,74000,2024-12-15,302785,319,,,118 place de la Mairie,45.9167,6.175452,,Karim Lefevre,,,,,,"Chalet spacieux de 319 m² situé à Annecy. Cave et parking inclus. Proche de toutes commodités, transports et écoles. À visiter sans tarder.",,,,,,D,1856,karim.lefevre41@example.com,,,,,
b117e163-30b8-4a52-b97a-da644623c745,AN-RM3WYMDW,REC-H2W9FTUQ,Chalet,Chalet atypique à Annecy,Annecy,74000,11/02/2026,263134,301,2,,29 place de la Mairie,,,,Jean Roche,,True,,0,,"Chalet atypique de 301 m² situé à Annecy. Proche de toutes commodités, transports et écoles. À visiter sans tarder.",,,Nid Doré,,,B,,,,,,,
363304e7-0c39-421f-a457-b22d8cf7ddd3,AN-XAJHTDOP,REC-H2W9FTUQ,Chalet,Chalet atypique à Annecy,Annecy,74000,2024-10-29T06:33:10,194846,369,,False,36 rue de la République,,,,Sophie Lefevre,0670718027,,155.27,1,,"Chalet rénové de 369 m² situé à Annecy. Proche de toutes commodités, transports et écoles. À visiter sans tarder.",,,Clé en Main Immo,,,,,sophie.lefevre82@example.com,,,,,
bbdde33c-be13-402e-a485-317b6c2b3fd2,AN-LE6539TN,REC-H2W9FTUQ,Chalet,Chalet en excellent état à Annecy,Annecy,74000,1753175470,204320,306,6,,99 quai de la Loire,45.878718,6.156068,,,0866277930,,,3,,"Chalet atypique de 306 m² situé à Annecy. Proche de toutes commodités, transports et écoles. À visiter sans tarder. Travaux à prévoir.",,,Provence Immobilier,False,,C,1906,contact61@example.com,,,,,
9524dee3-88bb-401f-9f71-fbfb2ca39c7d,AN-1VVLFZ7S,REC-H2W9FTUQ,Chalet,Chalet spacieux à Annecy,Annecy,74000,2026-07-19T05:16:10,191156 €,,4,True,,45.90694,6.129547,,,,,,2,,,,,,False,,C,,,233,,,,
0ac8ab37-de3c-43ca-b1d3-590a31bbe666,AN-P3INRB6X,REC-H2W9FTUQ,Chalet,Chalet spacieux à Annecy,Annecy,74000,18/11/2025,165441,244,1,,,45.931276,6.100012,,Marie Fontaine,0298442565,,,1,,"Chalet à rafraîchir de 244 m² situé à Annecy. Proche de toutes commodités, transports et écoles. À visiter sans tarder.",,,,False,,D,,,,,,,
9b00f40a-a6e0-4f18-852e-3f8c8f082886,AN-JBFCN1DN,REC-H2W9FTUQ,Chalet,Chalet de standing à Annecy,Annecy,74000,1777131970,183305,287,6,,,,,,Ahmed Girard,0911369950,,,1,dernier étage,"Chalet au calme de 287 m² situé à Annecy. Proche de toutes commodités, transports et écoles. À visiter sans tarder.",,,ImmoPlus,,https://exemple-images.test/AN-JBFCN1DN/1.jpg,F,,ahmed.girard76@example.com,,,,,
51318691-0ee5-4241-ae90-94d6ab282a39,AN-0VFZSHYC,REC-H2W9FTUQ,Chalet,Chalet spacieux à Annecy,Annecy,74000,2026-06-25T22:37:10,289050 €,230,,,90 quai de la Loire,,,,,0463893252,,,,2,"Chalet spacieux de 230 m² situé à Annecy. Proche de toutes commodités, transports et écoles. À visiter sans tarder.",,,Provence Immobilier,False,https://exemple-images.test/AN-0VFZSHYC/1.jpg; https://exemple-images.test/AN-0VFZSHYC/2.jpg; https://exemple-images.test/AN-0VFZSHYC/3.jpg; https://exemple-images.test/AN-0VFZSHYC/4.jpg,B,1874,contact76@example.com,,,,,
98e8050d-948f-4609-b023-e01821066caf,AN-IHBX60PE,REC-H2W9FTUQ,Chalet,Chalet à rafraîchir à Annecy,Annecy,74000,14/03/2025,325861,323,7,,194 rue de la République,45.942828,6.148166,,Sophie Moreau,0437058797,,,,5,"Chalet à rafraîchir de 323 m² situé à Annecy. Cave et parking inclus. Proche de toutes commodités, transports et écoles. À visiter sans tarder.",,,,,,B,1911,sophie.moreau19@example.com,,,,,
0a8498ec-73e6-4771-8828-3dbaf0f5fc6a,AN-DQMHX4H8,REC-H2W9FTUQ,Chalet,Chalet de standing à Annecy,Annecy,74000,27/10/2025,275769,287,,True,164 chemin des Vignes,45.909329,6.151416,,Jean Dubois,,,145.35,0,,,,,Century Habitat,,,B,,,,,,,
751453a1-beca-46c7-a07a-517490c15109,AN-OG5FYN32,REC-H2W9FTUQ,Chalet,Chalet avec vue dégagée à Annecy,Annecy,74000,26 mai 2025,243510 €,221,2,,,45.891185,6.126226,,,,,,5,RDC,"Chalet atypique de 221 m² situé à Annecy. Proche de toutes commodités, transports et écoles. À visiter sans tarder.",,,Toit & Vous,True,,A,,contact41@example.com,,,,,
7491ac79-2e42-421d-9f8e-8eb019714be7,AN-ID5CZU8M,REC-H2W9FTUQ,Chalet,Chalet rénové à Annecy,Annecy,74000,2026-05-16,319166,254,5,,,,,,,,,,4,0,"Chalet lumineux de 254 m² situé à Annecy. Proche de toutes commodités, transports et écoles. À visiter sans tarder.",,,,,,,1948,,,,,,
6927943e-61cc-4142-addd-1629f3fc8f80,AN-4IAWM8NS,REC-H2W9FTUQ,Chalet,Chalet atypique à Annecy,Annecy,74000,08-29-2024,287110,332,6,,130 rue de la République,45.852221,6.10766,,Ahmed Perrin,0978180105,,,0,4,,,,Clé en Main Immo,True,https://exemple-images.test/AN-4IAWM8NS/1.jpg; https://exemple-images.test/AN-4IAWM8NS/2.jpg; https://exemple-images.test/AN-4IAWM8NS/3.jpg,,1935,,,,,,
4cee5d38-b923-4447-951a-e2932a3240a8,AN-AYJE7K3Q,REC-H2W9FTUQ,Chalet,Chalet avec vue dégagée à Annecy,Annecy,74000,2025-10-26T20:16:10,212069,245,1,,63 boulevard Gambetta,45.878588,6.122194,,Ahmed Bernard,0555076459,,79.0,,,,,,,,,,1864,ahmed.bernard10@example.com,,,,,
c54683c4-9754-496a-9e7e-95540a2ff219,AN-1ZWSSVSM,REC-H2W9FTUQ,Chalet,Chalet spacieux à Annecy,Annecy,74000,1750456870,286494,221,2,False,,,,,,0808915440,,,0,,"Chalet spacieux de 221 m² situé à Annecy. Cave et parking inclus. Proche de toutes commodités, transports et écoles. À visiter sans tarder.",,,,False,https://exemple-images.test/AN-1ZWSSVSM/1.jpg; https://exemple-images.test/AN-1ZWSSVSM/2.jpg; https://exemple-images.test/AN-1ZWSSVSM/3.jpg; https://exemple-images.test/AN-1ZWSSVSM/4.jpg,C,1955,,,,,,
3cf23d6a-a63e-4caa-8117-94d1a6a718b4,AN-JIPKTBWV,REC-H2W9FTUQ,Chalet,Chalet de standing à Annecy,Annecy,74000,03-06-2026,290968,238,,,156 avenue des Champs,,,,Marie Bernard,0310159525,,,,,"Chalet lumineux de 238 m² situé à Annecy. Proche de toutes commodités, transports et écoles. À visiter sans tarder.",,,,,,D,1916,,,,,,
f5407d2a-b842-4363-bac4-7c25a3d1ca95,AN-M0RV3IP7,REC-H2W9FTUQ,Chalet,Chalet au calme à Annecy,Annecy,74000,1747354210,320625,230,,False,137 quai de la Loire,,,,,0604255115,,,,,"Chalet de standing de 230 m² situé à Annecy. Proche de toutes commodités, transports et écoles. À visiter sans tarder. Travaux à prévoir.",,,Provence Immobilier,,,D,,,,,,,
6bfe1460-b44d-4576-802d-b4fe30f9ed30,AN-D623L7QC,REC-H2W9FTUQ,Chalet,Chalet avec vue dégagée à Annecy,Annecy,74000,29 décembre 2024,175665,292,2,False,,,,,Ahmed Perrin,0785179304,,,,,,,,ImmoPlus,True,https://exemple-images.test/AN-D623L7QC/1.jpg; https://exemple-images.test/AN-D623L7QC/2.jpg; https://exemple-images.test/AN-D623L7QC/3.jpg; https://exemple-images.test/AN-D623L7QC/4.jpg; https://exemple-images.test/AN-D623L7QC/5.jpg,C,,ahmed.perrin51@example.com,,,,,
7ab615c5-8c4d-41ce-87da-eb3ff85cf9f4,AN-6V3ZIBQV,REC-H2W9FTUQ,Chalet,Chalet charmant à Annecy,Annecy,74000,2025-10-01T03:31:10,264598,271,3,,,45.93771,6.128871,,Jean Roche,0317790731,,,2,5,,,,,False,,,,jean.roche42@example.com,,,,,
3c9c1675-12b2-4982-bc2c-156179962e5f,AN-BJ5VQBKL,REC-H2W9FTUQ,Chalet,Chalet spacieux à Annecy,Annecy,74000,2025-12-12,265825,240,2,,,,,,,0165193819,,,,0,"Chalet avec vue dégagée de 240 m² situé à Annecy. Proche de toutes commodités, transports et écoles. À visiter sans tarder.",,,,True,,B,1951,,,,,,
a72fbc24-2474-4dbb-8a8b-9c96fe1db508,AN-UTTTDZ72,REC-H2W9FTUQ,Chalet,Chalet au calme à Annecy,Annecy,74000,10/03/2026,247787,259,6,True,124 boulevard Gambetta,45.925002,6.099212,,Claire Lefevre,0697133778,,,,,"Chalet charmant de 259 m² situé à Annecy. Proche de toutes commodités, transports et écoles. À visiter sans tarder. Travaux à prévoir.",,,,,,A,,claire.lefevre31@example.com,,,,,
260a7ece-ee91-4548-8e6b-0978f03f5640,AN-SCZ16Q7N,REC-H2W9FTUQ,Chalet,Chalet avec vue dégagée à Annecy,Annecy,74000,28 juillet 2026,179507,278,4,,,45.850787,6.102199,,,,,,3,,"Chalet rénové de 278 m² situé à Annecy. Proche de toutes commodités, transports et écoles. À visiter sans tarder.",,,,True,,A,,contact59@example.com,,,,,
78a26ee8-bccf-4497-8c60-46ec0dadc78f,AN-K90Q9M5O,REC-H2W9FTUQ,Chalet,Chalet au calme à Annecy,Annecy,74000,2026-07-31T22:52:10,169955,300,5,,158 rue du Commerce,,,,,0737642131,,,,0,"Chalet charmant de 300 m² situé à Annecy. Proche de toutes commodités, transports et écoles. À visiter sans tarder.",,,,,,A,2022,contact96@example.com,,,,,
e9869a5b-bd87-47ce-bb8a-95a0cc4f0aa0,AN-0YGMCX0H,REC-H2W9FTUQ,Chalet,Chalet à rafraîchir à Annecy,Annecy,74000,1774664470,214502,345,,,11 rue de la République,,,,Luc Faure,,,,4,2,,,,Provence Immobilier,True,https://exemple-images.test/AN-0YGMCX0H/1.jpg; https://exemple-images.test/AN-0YGMCX0H/2.jpg; https://exemple-images.test/AN-0YGMCX0H/3.jpg; https://exemple-images.test/AN-0YGMCX0H/4.jpg; https://exemple-images.test/AN-0YGMCX0H/5.jpg,D,,luc.faure92@example.com,,,,,
71647921-630e-489e-92d3-a3a4034e33df,AN-BEJ5AT8U,REC-H2W9FTUQ,Chalet,Chalet en excellent état à Annecy,Annecy,74000,30/03/2026,237111,223,,,198 allée des Platanes,45.933283,6.116685,,Sophie Perrin,0292504337,,,,,,,,,,,C,,,,,,,
e023b85f-7451-4f91-a618-5ea445a69820,AN-EWDSA7F4,REC-H2W9FTUQ,Chalet,Chalet lumineux à Annecy,Annecy,74000,2025-12-29T03:04:10,257104 €,,,True,174 avenue des Champs,,,,,0166866678,,,,1,"Chalet au calme de 286 m² situé à Annecy. Proche de toutes commodités, transports et écoles. À visiter sans tarder.",,,,True,,C,,contact93@example.com,286,,,,
22326759-467f-4c22-ab95-a67aae9be6e2,AN-H6WZ2XCE,REC-H2W9FTUQ,Chalet,Chalet en excellent état à Annecy,Annecy,74000,03/09/2025,241474,316,5,,,45.931096,6.11887,,Claire Moreau,0074865668,,,,5,"Chalet de standing de 316 m² situé à Annecy. Proche de toutes commodités, transports et écoles. À visiter sans tarder.",,,Clé en Main Immo,True,https://exemple-images.test/AN-H6WZ2XCE/1.jpg; https://exemple-images.test/AN-H6WZ2XCE/2.jpg; https://exemple-images.test/AN-H6WZ2XCE/3.jpg; https://exemple-images.test/AN-H6WZ2XCE/4.jpg,A,,claire.moreau9@example.com,,,,,
45325545-8a14-4ab2-ae47-0b7107301b42,AN-68L999E4,REC-H2W9FTUQ,Chalet,Chalet en excellent état à Annecy,Annecy,74000,04-25-2025,306555,235,6,,,,,,Julie Faure,0972906596,,,,3,"Chalet avec vue dégagée de 235 m² situé à Annecy. Proche de toutes commodités, transports et écoles. À visiter sans tarder.",,,,True,https://exemple-images.test/AN-68L999E4/1.jpg; https://exemple-images.test/AN-68L999E4/2.jpg; https://exemple-images.test/AN-68L999E4/3.jpg; https://exemple-images.test/AN-68L999E4/4.jpg,B,,julie.faure30@example.com,,,,,
5ac727cc-6263-4c24-9160-d2d52d2bb435,AN-QUVXIGUF,REC-H2W9FTUQ,Chalet,Chalet lumineux à Annecy,Annecy,74000,2025-04-14,204189,369,,,,,,,Marie Fontaine,0316158144,,,1,,,,,,,,D,,marie.fontaine32@example.com,,,,,
061b09fe-0cb1-4ff3-9536-217882472980,AN-77KI2QFU,REC-H2W9FTUQ,Chalet,Chalet en excellent état à Annecy,Annecy,74000,09-14-2025,201973,259,8,,58 quai de la Loire,,,,Jean Lefevre,0240001276,,,0,,"Chalet rénové de 259 m² situé à Annecy. Proche de toutes commodités, transports et écoles. À visiter sans tarder.",,,,False,,B,,jean.lefevre79@example.com,,,,,
bbeb5ad7-3418-40dd-b535-c918be2130db,AN-OBSWQ4A6,REC-H2W9FTUQ,Chalet,Chalet avec vue dégagée à Annecy,Annecy,74000,2026-03-07T00:55:10,263359 €,,8,,,45.852193,6.155739,,Jean Faure,0516899682,,,3,dernier étage,"Chalet rénové de 371 m² situé à Annecy. Proche de toutes commodités, transports et écoles. À visiter sans tarder.",,,,False,https://exemple-images.test/AN-OBSWQ4A6/1.jpg; https://exemple-images.test/AN-OBSWQ4A6/2.jpg; https://exemple-images.test/AN-OBSWQ4A6/3.jpg,F,1923,jean.faure62@example.com,371,,,,
755987e7-75ea-4464-856c-d4e41fd80e83,AN-93JE8IP4,REC-H2W9FTUQ,Chalet,Chalet à rafraîchir à Annecy,Annecy,74000,01/04/2025,243693 €,320,2,,,,,,Sophie Lefevre,0446731333,,,,,"Chalet spacieux de 320 m² situé à Annecy. Cave et parking inclus. Proche de toutes commodités, transports et écoles. À visiter sans tarder.",,,,,,C,,sophie.lefevre32@example.com,,,,,
748f93b5-4b78-446d-bb0a-eee33cb89b9a,AN-CIMRU2MP,REC-H2W9FTUQ,Chalet,Chalet de standing à Annecy,Annecy,74000,10-10-2025,183621,318,3,,38 place de la Mairie,,,,Sophie Bernard,,,,5,RDC,"Chalet à rafraîchir de 318 m² situé à Annecy. Proche de toutes commodités, transports et écoles. À visiter sans tarder.",,,Nid Doré,,,F,,,,,,,
96e042a1-31ff-4e47-8792-d8d024454248,AN-5P7MOVA0,REC-H2W9FTUQ,Chalet,Chalet spacieux à Annecy,Annecy,74000,2025-04-13T13:50:10,227236,332,7,,,45.937835,6.122174,,,0542497024,,322.81,5,RDC,"Chalet atypique de 332 m² situé à Annecy. Proche de toutes commodités, transports et écoles. À visiter sans tarder.",,,Provence Immobilier,True,https://exemple-images.test/AN-5P7MOVA0/1.jpg; https://exemple-images.test/AN-5P7MOVA0/2.jpg; https://exemple-images.test/AN-5P7MOVA0/3.jpg; https://exemple-images.test/AN-5P7MOVA0/4.jpg; https://exemple-images.test/AN-5P7MOVA0/5.jpg,,,,,,,,
e1471dbf-4c80-4d34-bba8-0ebbe1440b8c,AN-DUJ01Y5C,REC-H2W9FTUQ,Chalet,Chalet charmant à Annecy,Annecy,74000,2026-07-01T03:10:10,176080,252,3,True,89 rue Jean Jaurès,45.922649,6.148016,,Karim Moreau,,True,,4,,"Chalet atypique de 252 m² situé à Annecy. Proche de toutes commodités, transports et écoles. À visiter sans tarder.",,,,,https://exemple-images.test/AN-DUJ01Y5C/1.jpg; https://exemple-images.test/AN-DUJ01Y5C/2.jpg,E,,,,,,,
0eb69e4b-1abe-4db4-ad1b-20dd55af6abc,AN-TMHRBN15,REC-H2W9FTUQ,Chalet,Chalet charmant à Annecy,Annecy,74000,20 novembre 2024,183907,,5,,7 allée des Platanes,45.854749,6.176855,,Claire Perrin,0255412382,,,3,,"Chalet en excellent état de 233 m² situé à Annecy. Proche de toutes commodités, transports et écoles. À visiter sans tarder.",,,Century Habitat,True,,,,claire.perrin62@example.com,233,,,,
fa4ca002-1c4a-4680-bcaa-2a606124baf3,AN-WU22JHA5,REC-H2W9FTUQ,Chalet,Chalet au calme à Annecy,Annecy,74000,2025-11-29,257636 €,359,4,,128 quai de la Loire,45.888186,6.097549,,Nadia Faure,0832566996,,192.7,,dernier étage,"Chalet atypique de 359 m² situé à Annecy. Cave et parking inclus. Proche de toutes commodités, transports et écoles. À visiter sans tarder.",,,Provence Immobilier,False,,D,,nadia.faure52@example.com,,,,,
678cc700-857c-484a-b133-4d935ef41edd,AN-T70Y89IX,REC-H2W9FTUQ,Chalet,Chalet à rafraîchir à Annecy,Annecy,74000,2026-03-23T06:25:10,261630,354,2,False,106 impasse des Lilas,45.943204,6.164868,,Marc Martin,0506256245,,,1,,"Chalet avec vue dégagée de 354 m² situé à Annecy. Proche de toutes commodités, transports et écoles. À visiter sans tarder.",,,Toit & Vous,,https://exemple-images.test/AN-T70Y89IX/1.jpg,G,,marc.martin32@example.com,,,,,
e0ff1d4c-9347-4eb3-9a58-10dcfbba33e1,AN-SMP1MLD0,REC-H2W9FTUQ,Chalet,Chalet atypique à Annecy,Annecy,74000,01-16-2025,242104,338,2,,,45.874047,6.10427,,Jean Bernard,0986740714,,275.23,4,2,"Chalet à rafraîchir de 338 m² situé à Annecy. Proche de toutes commodités, transports et écoles. À visiter sans tarder. Travaux à prévoir.",,,Clé en Main Immo,,,C,1914,,,,,,
dc1d6948-acb9-4bca-89c7-84ba05d7d89f,AN-1BZTJBRL,REC-H2W9FTUQ,Chalet,Chalet à rafraîchir à Annecy,Annecy,74000,2025-01-24,211076,236,2,,,45.869612,6.151423,,Claire Lefevre,,True,336.54,,,,,,Century Habitat,,,B,,,,,,,
c1c31e50-6689-4a0b-88f2-42713b825278,AN-GDT3MT8H,REC-H2W9FTUQ,Chalet,Chalet rénové à Annecy,Annecy,74000,1769608270,182557,263,3,,92 quai de la Loire,,,,Ahmed Faure,,,,5,3,,,,Toit & Vous,,,C,1886,ahmed.faure44@example.com,,,,,
ec55ca6d-ca53-4293-b831-5e3df018b77f,AN-6GPK2JIZ,REC-H2W9FTUQ,Chalet,Chalet de standing à Annecy,Annecy,74000,23/10/2024,241954,327,2,,,,,,,0132850140,,,4,,"Chalet de standing de 327 m² situé à Annecy. Cave et parking inclus. Proche de toutes commodités, transports et écoles. À visiter sans tarder.",,,,,,G,,contact56@example.com,,,,,
3753be29-1252-4a87-8370-ae303f0938f4,AN-QSY3WZJY,REC-H2W9FTUQ,Chalet,Chalet lumineux à Annecy,Annecy,74000,01/12/2025,269491,273,8,,163 boulevard Gambetta,45.941358,6.131496,,Sophie Roche,0239763583,,,,5,"Chalet avec vue dégagée de 273 m² situé à Annecy. Proche de toutes commodités, transports et écoles. À visiter sans tarder.",,,,False,https://exemple-images.test/AN-QSY3WZJY/1.jpg; https://exemple-images.test/AN-QSY3WZJY/2.jpg; https://exemple-images.test/AN-QSY3WZJY/3.jpg; https://exemple-images.test/AN-QSY3WZJY/4.jpg; https://exemple-images.test/AN-QSY3WZJY/5.jpg,G,,,,,,,
df330f14-006f-416f-a125-e9b4f78f273e,AN-AGDYQJ5B,REC-H2W9FTUQ,Chalet,Chalet rénové à Annecy,Annecy,74000,1750211710,203527,356,5,,,,,,,0312067557,,271.09,,,,,,Century Habitat,False,https://exemple-images.test/AN-AGDYQJ5B/1.jpg; https://exemple-images.test/AN-AGDYQJ5B/2.jpg; https://exemple-images.test/AN-AGDYQJ5B/3.jpg,,,contact73@example.com,,,,,
4f8a538d-1750-4daa-bc30-b2de052e768f,AN-MR4VUT9G,REC-H2W9FTUQ,Chalet,Chalet au calme à Annecy,Annecy,74000,07-16-2026,223678,247,5,,,45.91277,6.114144,,Luc Lefevre,0228057336,,,0,,"Chalet charmant de 247 m² situé à Annecy. Cave et parking inclus. Proche de toutes commodités, transports et écoles. À visiter sans tarder.",,,,False,,A,1855,luc.lefevre21@example.com,,,,,
487cb8b0-64e2-4e69-baf6-377301ddc267,AN-J2SDCHJP,REC-H2W9FTUQ,Chalet,Chalet lumineux à Annecy,Annecy,74000,2026-03-31T14:21:10,320005 €,224,6,,7 chemin des Vignes,,,,,0373075105,,,,,,,,Century Habitat,,,E,,,,,,,
ed29beb2-17b7-49be-b33d-4c0a9facd840,AN-VPFE99VJ,REC-H2W9FTUQ,Chalet,Chalet de standing à Annecy,Annecy,74000,1758451690,226370,341,3,,,,,,Karim Moreau,,,,4,,"Chalet rénové de 341 m² situé à Annecy. Proche de toutes commodités, transports et écoles. À visiter sans tarder.",,,,False,,E,2001,,,,,,
1c10223f-fd18-4f39-99bb-2fb8410b8902,AN-LZALVFJ4,REC-H2W9FTUQ,Chalet,Chalet atypique à Annecy,Annecy,74000,2026-07-16T06:54:10,272098,274,6,,,45.946936,6.143432,,Jean Faure,0068961832,,,,,"Chalet rénové de 274 m² situé à Annecy. Proche de toutes commodités, transports et écoles. À visiter sans tarder.",,,Clé en Main Immo,,,F,,jean.faure43@example.com,,,,,
4e335d81-9e9c-4e22-b9a6-b982fd467d81,AN-1VQZ7ACW,REC-H2W9FTUQ,Chalet,Chalet de standing à Annecy,Annecy,74000,2024-11-21,305669,287,2,,,,,,Marie Faure,0104939621,,62.8,4,,"Chalet avec vue dégagée de 287 m² situé à Annecy. Proche de toutes commodités, transports et écoles. À visiter sans tarder. Travaux à prévoir.",,,Provence Immobilier,,,G,,,,,,,
28b15179-af98-4933-954f-640ffdb88c2a,AN-FHMTJHJM,REC-H2W9FTUQ,Chalet,Chalet de standing à Annecy,Annecy,74000,4 juin 2025,236815,309,3,,34 chemin des Vignes,45.861219,6.107058,,Marie Lefevre,0708034654,True,,3,,"Chalet avec vue dégagée de 309 m² situé à Annecy. Proche de toutes commodités, transports et écoles. À visiter sans tarder. Travaux à prévoir.",,,,,,G,1993,,,,,,
9851fca3-822c-42c1-b61a-e7a91d27e8f9,AN-2HL6OG87,REC-H2W9FTUQ,Chalet,Chalet avec vue dégagée à Annecy,Annecy,74000,2025-04-21T07:51:10,294164,,,,,,,,Nadia Perrin,0721226913,,,0,,"Chalet avec vue dégagée de 323 m² situé à Annecy. Proche de toutes commodités, transports et écoles. À visiter sans tarder.",,,,,https://exemple-images.test/AN-2HL6OG87/1.jpg; https://exemple-images.test/AN-2HL6OG87/2.jpg; https://exemple-images.test/AN-2HL6OG87/3.jpg,A,1885,nadia.perrin20@example.com,323,,,,
bdbec535-299e-4dca-b038-3a2ff8ced9b7,AN-N6DE3SOG,REC-H2W9FTUQ,Chalet,Chalet rénové à Annecy,Annecy,74000,7 décembre 2025,321745,358,7,,,,,,Marie Fontaine,,,,1,4,"Chalet à rafraîchir de 358 m² situé à Annecy. Proche de toutes commodités, transports et écoles. À visiter sans tarder.",,,,False,,B,,,,,,,
84804a56-9fbe-4e08-b390-30b879e1fb39,AN-XY2ISQ8S,REC-H2W9FTUQ,Chalet,Chalet lumineux à Annecy,Annecy,74000,1727146090,273744 €,298,5,,,45.927133,6.098577,,,0285497459,,,,RDC,"Chalet atypique de 298 m² situé à Annecy. Proche de toutes commodités, transports et écoles. À visiter sans tarder.",,,Clé en Main Immo,True,,E,,contact83@example.com,,,,,
8ec490ad-fde2-4412-b157-4c04a1f19978,AN-NOUTZVBC,REC-H2W9FTUQ,Chalet,Chalet spacieux à Annecy,Annecy,74000,24 avril 2026,272223,336,3,,,,,,Marie Roche,0013695622,,261.39,,,"Chalet atypique de 336 m² situé à Annecy. Cave et parking inclus. Proche de toutes commodités, transports et écoles. À visiter sans tarder.",,,,True,,A,,,,,,,
e81745fa-2f49-409c-a80d-d13bd8d25fa9,AN-XZLEVOF3,REC-H2W9FTUQ,Chalet,Chalet avec vue dégagée à Annecy,Annecy,74000,18/08/2026,303034,306,4,,71 rue Victor Hugo,45.899489,6.151062,,Julie Faure,,,,3,2,"Chalet charmant de 306 m² situé à Annecy. Proche de toutes commodités, transports et écoles. À visiter sans tarder.",,,Toit & Vous,True,https://exemple-images.test/AN-XZLEVOF3/1.jpg; https://exemple-images.test/AN-XZLEVOF3/2.jpg; https://exemple-images.test/AN-XZLEVOF3/3.jpg,A,,julie.faure83@example.com,,,,,
ce96c021-5c88-4f92-852f-ca85ffca9ef2,AN-RRL8TH0Q,REC-H2W9FTUQ,Chalet,Chalet atypique à Annecy,Annecy,74000,07/04/2025,187255,,,,72 rue de la République,,,,Nadia Girard,,True,,,,,,,Clé en Main Immo,,,F,,nadia.girard37@example.com,252,,,,
285a2f01-8889-458d-abaa-9336e9d8d17b,AN-TVUUJMJI,REC-H2W9FTUQ,Chalet,Chalet avec vue dégagée à Annecy,Annecy,74000,08/11/2025,170381,245,6,,40 rue Jean Jaurès,45.925451,6.134769,,Nadia Fontaine,0173819963,,,,RDC,"Chalet atypique de 245 m² situé à Annecy. Cave et parking inclus. Proche de toutes commodités, transports et écoles. À visiter sans tarder. Travaux à prévoir.",,,Toit & Vous,,,D,,nadia.fontaine14@example.com,,,,,
d924bfd7-64a3-4e0b-abc1-f5344e8a3497,AN-J653TYRQ,REC-H2W9FTUQ,Chalet,Chalet au calme à Annecy,Annecy,74000,01/05/2025,189207,,3,True,64 boulevard Gambetta,,,,,,,,,2,"Chalet atypique de 264 m² situé à Annecy. Proche de toutes commodités, transports et écoles. À visiter sans tarder.",,,,,https://exemple-images.test/AN-J653TYRQ/1.jpg; https://exemple-images.test/AN-J653TYRQ/2.jpg; https://exemple-images.test/AN-J653TYRQ/3.jpg; https://exemple-images.test/AN-J653TYRQ/4.jpg; https://exemple-images.test/AN-J653TYRQ/5.jpg,F,1883,contact39@example.com,264,,,,
e0cceaa6-dd6f-4c7e-ad9c-fad8f6fc7361,AN-LIJ93NTK,REC-H2W9FTUQ,Chalet,Chalet avec vue dégagée à Annecy,Annecy,74000,30 avril 2026,312056,333,,,41 rue Victor Hugo,45.894915,6.106807,,Luc Perrin,0920971966,,291.05,1,,"Chalet de standing de 333 m² situé à Annecy. Cave et parking inclus. Proche de toutes commodités, transports et écoles. À visiter sans tarder.",,,Clé en Main Immo,,https://exemple-images.test/AN-LIJ93NTK/1.jpg; https://exemple-images.test/AN-LIJ93NTK/2.jpg; https://exemple-images.test/AN-LIJ93NTK/3.jpg,C,,luc.perrin33@example.com,,,,,
28079a18-71ab-4593-8504-b605041cf091,AN-MLSA0C9D,REC-H2W9FTUQ,Chalet,Chalet spacieux à Annecy,Annecy,74000,21/09/2024,220652,,2,,1 rue du Commerce,,,,Marie Roche,,,162.97,3,5,"Chalet charmant de 254 m² situé à Annecy. Cave et parking inclus. Proche de toutes commodités, transports et écoles. À visiter sans tarder.",,,Toit & Vous,False,,A,1903,marie.roche39@example.com,254,,,,
82203c15-d311-4d9d-8cdb-12dd97ee4bd9,AN-50QVJUAA,REC-H2W9FTUQ,Chalet,Chalet en excellent état à Annecy,Annecy,74000,06-13-2025,240098 €,339,7,,,,,,Jean Martin,0846668209,,,,,"Chalet à rafraîchir de 339 m² situé à Annecy. Cave et parking inclus. Proche de toutes commodités, transports et écoles. À visiter sans tarder. Travaux à prévoir.",,,Toit & Vous,True,,F,,jean.martin41@example.com,,,,,
de220530-f9d9-4d4d-b120-fac1af0c26ff,AN-IY5MF92L,REC-H2W9FTUQ,Chalet,Chalet rénové à Annecy,Annecy,74000,2025-01-13T07:09:10,284225,287,,,,45.861117,6.083431,,,,,70.5,,0,,,,,False,,,,,,,,,
c11e17e7-384d-48ae-a4fd-5def074ba431,AN-JHVPJL05,REC-H2W9FTUQ,Chalet,Chalet lumineux à Annecy,Annecy,74000,2025-03-20,225411,266,7,,,45.867324,6.093142,,,0410037177,,,5,,"Chalet atypique de 266 m² situé à Annecy. Proche de toutes commodités, transports et écoles. À visiter sans tarder.",,,,,,D,1997,contact93@example.com,,,,,
a8f72d68-b1e5-48b1-96c5-d15e7039ea6e,AN-XU3KTXT4,REC-H2W9FTUQ,Chalet,Chalet charmant à Annecy,Annecy,74000,2026-03-25T17:47:10,238870,297,7,,,45.862805,6.080438,,Luc Lefevre,0260704582,,,,,"Chalet lumineux de 297 m² situé à Annecy. Proche de toutes commodités, transports et écoles. À visiter sans tarder.",,,,,,,,,,,,,
8b291634-9f7c-4fce-8438-ed71db006a27,AN-QYRHPOF8,REC-H2W9FTUQ,Chalet,Chalet à rafraîchir à Annecy,Annecy,74000,1776799510,305137,253,2,,,,,,Ahmed Roche,0332668912,,229.68,0,,"Chalet en excellent état de 253 m² situé à Annecy. Cave et parking inclus. Proche de toutes commodités, transports et écoles. À visiter sans tarder.",,,,False,https://exemple-images.test/AN-QYRHPOF8/1.jpg,C,,,,,,,
9a5acb8f-f0db-4141-8cf8-502eaa57c571,AN-VYQ842MJ,REC-H2W9FTUQ,Chalet,Chalet au calme à Annecy,Annecy,74000,2025-04-22T23:19:10,284378,233,,True,28 rue du Commerce,45.888593,6.094479,,Marc Bernard,,,,5,,"Chalet spacieux de 233 m² situé à Annecy. Proche de toutes commodités, transports et écoles. À visiter sans tarder.",,,Toit & Vous,True,https://exemple-images.test/AN-VYQ842MJ/1.jpg; https://exemple-images.test/AN-VYQ842MJ/2.jpg; https://exemple-images.test/AN-VYQ842MJ/3.jpg; https://exemple-images.test/AN-VYQ842MJ/4.jpg,F,,,,,,,
310259a0-4f9e-4d9c-808f-5080bbc04154,AN-LHB3EBLE,REC-H2W9FTUQ,Chalet,Chalet au calme à Annecy,Annecy,74000,2026-05-21,318188,328,6,,168 rue Jean Jaurès,45.857487,6.162592,,Claire Faure,0793066355,,,,,,,,,False,,D,,,,,,,
db535db4-6b25-4112-b383-ee391bae316c,AN-OJZ9YK80,REC-H2W9FTUQ,Chalet,Chalet à rafraîchir à Annecy,Annecy,74000,1756190050,197945,370,7,,,45.851419,6.131973,,,,,,,,"Chalet avec vue dégagée de 370 m² situé à Annecy. Cave et parking inclus. Proche de toutes commodités, transports et écoles. À visiter sans tarder.",,,Nid Doré,True,https://exemple-images.test/AN-OJZ9YK80/1.jpg; https://exemple-images.test/AN-OJZ9YK80/2.jpg,E,1861,contact42@example.com,,,,,
1d3207fb-3f3e-4cf1-9c11-498533d05ef8,AN-76TQWUTQ,REC-H2W9FTUQ,Chalet,Chalet au calme à Annecy,Annecy,74000,2025-12-23T12:55:10,311588,261,4,True,169 place de la Mairie,45.920853,6.161846,,Jean Bernard,0043931572,,,,,"Chalet charmant de 261 m² situé à Annecy. Proche de toutes commodités, transports et écoles. À visiter sans tarder.",,,Provence Immobilier,True,,F,,,,,,,
6fb9bc6f-2749-47de-aff8-bfe864887649,AN-9417HC7R,REC-H2W9FTUQ,Chalet,Chalet rénové à Annecy,Annecy,74000,08/02/2025,307327,295,7,True,112 allée des Platanes,45.874297,6.151726,,Sophie Girard,0709206285,,,5,,,,,Century Habitat,False,,F,,,,,,,
22ac5e44-c29d-43cb-bc10-ae0267d381c8,AN-H3PM85T7,REC-H2W9FTUQ,Chalet,Chalet avec vue dégagée à Annecy,Annecy,74000,2025-12-18,284399,236,,False,,,,,Luc Dubois,0847191092,,,0,4,"Chalet de standing de 236 m² situé à Annecy. Proche de toutes commodités, transports et écoles. À visiter sans tarder.",,,Nid Doré,,https://exemple-images.test/AN-H3PM85T7/1.jpg; https://exemple-images.test/AN-H3PM85T7/2.jpg; https://exemple-images.test/AN-H3PM85T7/3.jpg; https://exemple-images.test/AN-H3PM85T7/4.jpg; https://exemple-images.test/AN-H3PM85T7/5.jpg,D,,luc.dubois87@example.com,,,,,
cb25dd6c-fc72-4122-89be-f14c1ff325bc,AN-WQ55YE39,REC-H2W9FTUQ,Chalet,Chalet en excellent état à Annecy,Annecy,74000,2 mars 2026,252045,261,4,,,45.932093,6.13609,,Marc Fontaine,0263381900,True,,,dernier étage,"Chalet de standing de 261 m² situé à Annecy. Proche de toutes commodités, transports et écoles. À visiter sans tarder. Travaux à prévoir.",,,,,,C,,marc.fontaine87@example.com,,,,,
429992d9-a94c-4acf-8377-1f03af4ac9d8,AN-WUW0B1MC,REC-H2W9FTUQ,Chalet,Chalet en excellent état à Annecy,Annecy,74000,07-30-2025,319260,297,2,False,,,,,,0423784144,,137.87,,,"Chalet de standing de 297 m² situé à Annecy. Proche de toutes commodités, transports et écoles. À visiter sans tarder.",,,,,,F,1901,contact37@example.com,,,,,
b1c1a08a-800a-4a87-9a80-d644fff65289,AN-JZP7VK4V,REC-H2W9FTUQ,Chalet,Chalet spacieux à Annecy,Annecy,74000,09-01-2024,274047,257,8,,,45.89852,6.131782,,Luc Girard,0806117341,True,,,,,,,,,https://exemple-images.test/AN-JZP7VK4V/1.jpg; https://exemple-images.test/AN-JZP7VK4V/2.jpg; https://exemple-images.test/AN-JZP7VK4V/3.jpg; https://exemple-images.test/AN-JZP7VK4V/4.jpg; https://exemple-images.test/AN-JZP7VK4V/5.jpg,D,1851,luc.girard55@example.com,,,,,
cd35817c-c44d-4068-9838-f3c51ef03512,AN-W01M0T6B,REC-H2W9FTUQ,Chalet,Chalet atypique à Annecy,Annecy,74000,2026-04-29T04:17:10,279871,292,,True,141 chemin des Vignes,,,,Sophie Perrin,0870038182,True,343.24,,,"Chalet lumineux de 292 m² situé à Annecy. Proche de toutes commodités, transports et écoles. À visiter sans tarder.",,,,,,A,1939,sophie.perrin55@example.com,,,,,
533d320d-c4b6-400c-ab45-3fc22f0e32d1,AN-9ZNENU30,REC-H2W9FTUQ,Chalet,Chalet charmant à Annecy,Annecy,74000,24/03/2026,216922,,7,,,45.9347,6.08414,,Nadia Perrin,,,,,0,"Chalet de standing de 273 m² situé à Annecy. Proche de toutes commodités, transports et écoles. À visiter sans tarder.",,,Provence Immobilier,,,B,,nadia.perrin1@example.com,273,,,,
6c252dc6-cdc5-416d-bc2f-7ba174a54a46,AN-3IWJBRHC,REC-H2W9FTUQ,Chalet,Chalet en excellent état à Annecy,Annecy,74000,2026-03-21,309624,227,,True,85 chemin des Vignes,,,,,0685577653,,,,,"Chalet au calme de 227 m² situé à Annecy. Proche de toutes commodités, transports et écoles. À visiter sans tarder.",,,,False,https://exemple-images.test/AN-3IWJBRHC/1.jpg; https://exemple-images.test/AN-3IWJBRHC/2.jpg,E,,,,,,,
9a6f8cdf-5dc0-418d-815e-a1dc6e38844a,AN-97EJCRVW,REC-H2W9FTUQ,Chalet,Chalet de standing à Annecy,Annecy,74000,8 mars 2026,257946,317,5,,103 rue du Commerce,45.902835,6.174857,,,0413444939,,,,,"Chalet spacieux de 317 m² situé à Annecy. Proche de toutes commodités, transports et écoles. À visiter sans tarder.",,,Nid Doré,False,,F,1877,contact40@example.com,,,,,
57ba5914-4154-485d-ac5a-a3df34e542da,AN-TWGTHQMP,REC-H2W9FTUQ,Chalet,Chalet atypique à Annecy,Annecy,74000,1732574230,324125,358,2,,12 rue Pasteur,45.924898,6.165366,,,0303720304,,,,,"Chalet charmant de 358 m² situé à Annecy. Proche de toutes commodités, transports et écoles. À visiter sans tarder. Travaux à prévoir.",,,,,https://exemple-images.test/AN-TWGTHQMP/1.jpg; https://exemple-images.test/AN-TWGTHQMP/2.jpg,G,2002,contact21@example.com,,,,,
42f98a93-7991-4203-9a36-beb19f785fd8,AN-5IHET29Z,REC-H2W9FTUQ,Chalet,Chalet en excellent état à Annecy,Annecy,74000,2026-08-17,317837,238,1,,96 quai de la Loire,,,,Karim Girard,0776484836,True,,4,,"Chalet atypique de 238 m² situé à Annecy. Proche de toutes commodités, transports et écoles. À visiter sans tarder.",,,,,,E,,karim.girard18@example.com,,,,,
cfd08ae3-d68f-433a-a637-634ae93c5edc,AN-U0I22G8K,REC-H2W9FTUQ,Chalet,Chalet spacieux à Annecy,Annecy,74000,2025-10-11,223853,231,7,True,,,,,,0245746225,,261.51,,,"Chalet spacieux de 231 m² situé à Annecy. Proche de toutes commodités, transports et écoles. À visiter sans tarder.",,,Clé en Main Immo,,,D,,contact80@example.com,,,,,
94beef70-a936-40a9-8933-a7385f43b2d8,AN-57PH225J,REC-H2W9FTUQ,Chalet,Chalet rénové à Annecy,Annecy,74000,2025-11-17T08:45:10,201624,244,5,,182 rue Jean Jaurès,45.86326,6.140359,,,0072006669,,263.52,,,"Chalet lumineux de 244 m² situé à Annecy. Proche de toutes commodités, transports et écoles. À visiter sans tarder.",,,Toit & Vous,True,,,,,,,,,
9e1d8357-91b2-493d-b0c1-c4c43149f944,AN-5QMH1673,REC-H2W9FTUQ,Chalet,Chalet lumineux à Annecy,Annecy,74000,03-19-2025,218012,359,1,False,120 quai de la Loire,,,,Claire Dubois,0289070798,,,,,"Chalet spacieux de 359 m² situé à Annecy. Proche de toutes commodités, transports et écoles. À visiter sans tarder.",,,Provence Immobilier,True,https://exemple-images.test/AN-5QMH1673/1.jpg; https://exemple-images.test/AN-5QMH1673/2.jpg; https://exemple-images.test/AN-5QMH1673/3.jpg,G,,,,,,,
253556d7-3a87-40f0-a765-3fca5998310d,AN-BCMPUTU5,REC-H2W9FTUQ,Chalet,Chalet charmant à Annecy,Annecy,74000,2024-12-12T19:38:10,322804,341,,False,32 rue Pasteur,45.942061,6.164678,,Marie Bernard,,,,1,2,,,,Century Habitat,False,,E,,,,,,,
fc316362-cb6a-4588-a10a-e7c3d2d54384,AN-L0ZZHB9I,REC-H2W9FTUQ,Chalet,Chalet lumineux à Annecy,Annecy,74000,2025-07-06T18:18:10,238619,252,3,False,,45.870025,6.151724,,Jean Dubois,,,,,,,,,,,https://exemple-images.test/AN-L0ZZHB9I/1.jpg; https://exemple-images.test/AN-L0ZZHB9I/2.jpg; https://exemple-images.test/AN-L0ZZHB9I/3.jpg,A,2001,,,,,,
bd79039e-a0f4-4653-bd39-70e56aa8bffa,AN-03T3TWKA,REC-H2W9FTUQ,Chalet,Chalet spacieux à Annecy,Annecy,74000,1786923850,320913 €,289,5,False,,,,,Luc Dubois,0861395212,,,3,3,"Chalet spacieux de 289 m² situé à Annecy. Proche de toutes commodités, transports et écoles. À visiter sans tarder. Travaux à prévoir.",,,,False,,G,,luc.dubois24@example.com,,,,,
e56255c0-9108-4e60-b1df-f1b2b9b08fbb,AN-RXRIVN20,REC-H2W9FTUQ,Chalet,Chalet lumineux à Annecy,Annecy,74000,05-06-2025,249807,282,3,,,,,,,0924669854,,156.67,,,"Chalet charmant de 282 m² situé à Annecy. Cave et parking inclus. Proche de toutes commodités, transports et écoles. À visiter sans tarder.",,,,,,,,,,,,,
e553ab4c-5a5a-481c-a9c7-501afa53bf29,AN-0MJWAR2Q,REC-H2W9FTUQ,Chalet,Chalet au calme à Annecy,Annecy,74000,15/11/2025,261952,321,6,,,,,,,0135352287,,,2,,"Chalet rénové de 321 m² situé à Annecy. Cave et parking inclus. Proche de toutes commodités, transports et écoles. À visiter sans tarder.",,,,,,A,,contact62@example.com,,,,,
9f94bd50-d008-4519-a8e7-242bee735b1a,AN-O72KFZ7E,REC-H2W9FTUQ,Chalet,Chalet spacieux à Annecy,Annecy,74000,2025-09-22,181586,369,5,,,45.927835,6.101139,,,0453000893,,399.49,2,,"Chalet à rafraîchir de 369 m² situé à Annecy. Proche de toutes commodités, transports et écoles. À visiter sans tarder.",,,,False,https://exemple-images.test/AN-O72KFZ7E/1.jpg; https://exemple-images.test/AN-O72KFZ7E/2.jpg; https://exemple-images.test/AN-O72KFZ7E/3.jpg; https://exemple-images.test/AN-O72KFZ7E/4.jpg,,,,,,,,
4bb5f6ee-11a9-4b42-b892-ce01be45b7ba,AN-W3OYKPHQ,REC-H2W9FTUQ,Chalet,Chalet charmant à Annecy,Annecy,74000,28/04/2025,274365,362,1,False,32 rue du Commerce,,,,Sophie Roche,0514969262,,,4,,"Chalet au calme de 362 m² situé à Annecy. Cave et parking inclus. Proche de toutes commodités, transports et écoles. À visiter sans tarder.",,,,,,E,,sophie.roche54@example.com,,,,,
424e1600-4d9d-42fd-aa09-c9ddf6ecd246,AN-NXYQOORN,REC-H2W9FTUQ,Chalet,Chalet lumineux à Annecy,Annecy,74000,2026-06-27T13:41:10,324552,353,,,,45.94263,6.144953,,Ahmed Girard,0441697154,,195.8,,,"Chalet avec vue dégagée de 353 m² situé à Annecy. Cave et parking inclus. Proche de toutes commodités, transports et écoles. À visiter sans tarder.",,,,,https://exemple-images.test/AN-NXYQOORN/1.jpg,D,,,,,,,
db6b8e35-5683-4128-845d-b7637bee3fad,AN-8D59PTH5,REC-H2W9FTUQ,Chalet,Chalet à rafraîchir à Annecy,Annecy,74000,2026-01-01,225011,,1,False,127 place de la Mairie,,,,Ahmed Faure,0157156489,,,,2,"Chalet avec vue dégagée de 346 m² situé à Annecy. Proche de toutes commodités, transports et écoles. À visiter sans tarder.",,,Clé en Main Immo,,,G,,ahmed.faure27@example.com,346,,,,
04bf71e2-c777-4b3f-b1bc-7207e8e08560,AN-E8EYUWPS,REC-H2W9FTUQ,Chalet,Chalet atypique à Annecy,Annecy,74000,16/03/2025,163869,336,7,,,45.856429,6.094158,,Marc Fontaine,0423459258,,,,,"Chalet rénové de 336 m² situé à Annecy. Proche de toutes commodités, transports et écoles. À visiter sans tarder.",,,,False,,A,,marc.fontaine34@example.com,,,,,
8cc98cae-d9e7-4fab-9a06-e15a3f2a00c9,AN-TL2DR84Q,REC-H2W9FTUQ,Chalet,Chalet atypique à Annecy,Annecy,74000,02-01-2026,278713,311,8,True,49 rue Pasteur,,,,,0996118195,,,,,"Chalet avec vue dégagée de 311 m² situé à Annecy. Proche de toutes commodités, transports et écoles. À visiter sans tarder.",,,,False,,E,,contact12@example.com,,,,,
5089d8e6-16c4-46b2-8900-ebf6e55069fd,AN-WR3GXWOR,REC-H2W9FTUQ,Chalet,Chalet de standing à Annecy,Annecy,74000,2026-04-28T09:32:10,290504 €,251,1,,26 rue Jean Jaurès,45.860841,6.080359,,Claire Girard,,,,3,,"Chalet rénové de 251 m² situé à Annecy. Cave et parking inclus. Proche de toutes commodités, transports et écoles. À visiter sans tarder. Travaux à prévoir.",,,,,,E,,,,,,,
2bcc6cc6-7dab-4f38-93fa-030de104cb3b,AN-5RJURWAR,REC-H2W9FTUQ,Chalet,Chalet charmant à Annecy,Annecy,74000,11-20-2024,221796,304,6,,,45.929737,6.150971,,Sophie Perrin,0897867217,True,,1,,"Chalet charmant de 304 m² situé à Annecy. Proche de toutes commodités, transports et écoles. À visiter sans tarder. Travaux à prévoir.",,,ImmoPlus,,,,,sophie.perrin99@example.com,,,,,
5d029004-acb6-474d-b933-3ffa6bb0b16c,AN-AAGVIXUI,REC-H2W9FTUQ,Chalet,Chalet lumineux à Annecy,Annecy,74000,20 février 2025,197242,259,4,True,,,,,,0884981935,,,0,,"Chalet de standing de 259 m² situé à Annecy. Cave et parking inclus. Proche de toutes commodités, transports et écoles. À visiter sans tarder.",,,,True,,F,,contact31@example.com,,,,,
b6236f92-9f31-4663-8573-fec65a3a2d65,AN-HX4UZ1FY,REC-H2W9FTUQ,Chalet,Chalet en excellent état à Annecy,Annecy,74000,2026-08-22,299327,305,6,False,,,,,Marie Lefevre,0971975005,,,,2,"Chalet en excellent état de 305 m² situé à Annecy. Proche de toutes commodités, transports et écoles. À visiter sans tarder.",,,,,https://exemple-images.test/AN-HX4UZ1FY/1.jpg; https://exemple-images.test/AN-HX4UZ1FY/2.jpg; https://exemple-images.test/AN-HX4UZ1FY/3.jpg; https://exemple-images.test/AN-HX4UZ1FY/4.jpg; https://exemple-images.test/AN-HX4UZ1FY/5.jpg,E,1859,marie.lefevre17@example.com,,,,,
4f487509-75bf-45a4-b437-574bb43e4053,AN-5ETUVEUV,REC-H2W9FTUQ,Chalet,Chalet atypique à Annecy,Annecy,74000,8 septembre 2025,267103 €,252,,False,3 rue Jean Jaurès,,,,Karim Martin,0318368388,,,,1,,,,ImmoPlus,,,C,,,,,,,
ef889935-bf04-48a1-860d-737a4c0936f2,AN-KVVH5XLZ,REC-H2W9FTUQ,Chalet,Chalet lumineux à Annecy,Annecy,74000,04-21-2026,256065,239,7,,,45.934719,6.092042,,Julie Girard,0243011958,True,141.67,,,"Chalet lumineux de 239 m² situé à Annecy. Cave et parking inclus. Proche de toutes commodités, transports et écoles. À visiter sans tarder.",,,,,,E,,,,,,,
5a38fae7-7ebe-41ce-8421-3ee4b9a2ffca,AN-G7C1BHYA,REC-H2W9FTUQ,Chalet,Chalet atypique à Annecy,Annecy,74000,1768961290,271500,360,3,,156 rue Jean Jaurès,45.868274,6.176166,,,0320088060,,,,,"Chalet à rafraîchir de 360 m² situé à Annecy. Proche de toutes commodités, transports et écoles. À visiter sans tarder.",,,,True,,E,,contact91@example.com,,,,,
9694ce2e-31b9-4faa-8b33-959a0f7cd1fd,AN-5M9HPOJ1,REC-H2W9FTUQ,Chalet,Chalet en excellent état à Annecy,Annecy,74000,2024-12-06T01:30:10,250515,282,,,,45.880261,6.122675,,Sophie Faure,,,212.89,,,,,,ImmoPlus,,,A,,,,,,,
6f7114fb-af48-4c40-a3ff-3d7b14510843,AN-V9FUAWAE,REC-H2W9FTUQ,Chalet,Chalet charmant à Annecy,Annecy,74000,16/02/2025,325400,364,,,107 avenue des Champs,45.863561,6.09174,,Ahmed Bernard,0582422441,,,,,"Chalet rénové de 364 m² situé à Annecy. Proche de toutes commodités, transports et écoles. À visiter sans tarder.",,,Century Habitat,,https://exemple-images.test/AN-V9FUAWAE/1.jpg; https://exemple-images.test/AN-V9FUAWAE/2.jpg,B,1856,,,,,,
279d2900-7656-4a27-8e16-c0d785a63a5a,AN-1878OBLL,REC-H2W9FTUQ,Chalet,Chalet à rafraîchir à Annecy,Annecy,74000,2026-07-22T16:11:10,259398,335,7,,,,,,,0093192430,True,,,,"Chalet à rafraîchir de 335 m² situé à Annecy. Cave et parking inclus. Proche de toutes commodités, transports et écoles. À visiter sans tarder.",,,Century Habitat,,https://exemple-images.test/AN-1878OBLL/1.jpg,E,1959,contact28@example.com,,,,,
e6fd92f8-a147-4d2e-8319-596d3dd4df63,AN-P8QJJ50F,REC-H2W9FTUQ,Chalet,Chalet atypique à Annecy,Annecy,74000,01/08/2025,200487,353,5,,129 rue Jean Jaurès,,,,Karim Roche,0813611197,,,1,,"Chalet à rafraîchir de 353 m² situé à Annecy. Cave et parking inclus. Proche de toutes commodités, transports et écoles. À visiter sans tarder.",,,,False,,F,,karim.roche92@example.com,,,,,
b42d9222-e7f7-410a-8477-cf5fd43af53e,AN-6CTI1ID8,REC-H2W9FTUQ,Chalet,Chalet atypique à Annecy,Annecy,74000,13 juin 2025,314777,258,4,,,,,,,,,372.82,,,,,,,False,https://exemple-images.test/AN-6CTI1ID8/1.jpg,D,,contact38@example.com,,,,,
a7476459-eadc-4283-9498-653808e6eff8,AN-7FANUKVA,REC-H2W9FTUQ,Chalet,Chalet à rafraîchir à Annecy,Annecy,74000,1785958630,183790,327,1,,,,,,Claire Roche,0027231877,,,,,"Chalet charmant de 327 m² situé à Annecy. Proche de toutes commodités, transports et écoles. À visiter sans tarder.",,,,False,,C,,,,,,,
a5054dc0-8205-4720-82bb-a4399d25ce9a,AN-SWLNKZEF,REC-H2W9FTUQ,Chalet,Chalet spacieux à Annecy,Annecy,74000,20 septembre 2024,242545,300,8,,,,,,Nadia Perrin,0280094324,,308.48,,5,"Chalet rénové de 300 m² situé à Annecy. Proche de toutes commodités, transports et écoles. À visiter sans tarder.",,,,False,,C,,,,,,,
5de97d65-8ea4-44e1-93fe-801277549609,AN-QJVWX74W,REC-H2W9FTUQ,Chalet,Chalet atypique à Annecy,Annecy,74000,1753917370,233098,320,2,,70 place de la Mairie,45.879622,6.085273,,,0469882349,,,3,4,"Chalet spacieux de 320 m² situé à Annecy. Cave et parking inclus. Proche de toutes commodités, transports et écoles. À visiter sans tarder.",,,,False,,C,1881,,,,,,
b226fa7e-2cdf-44ff-8153-dd1ee4b1338d,AN-0FPN6CE8,REC-H2W9FTUQ,Chalet,Chalet atypique à Annecy,Annecy,74000,2026-04-27T07:04:10,258973,306,5,,,45.854065,6.100271,,Nadia Perrin,0282327116,,,0,,"Chalet de standing de 306 m² situé à Annecy. Cave et parking inclus. Proche de toutes commodités, transports et écoles. À visiter sans tarder.",,,,True,,E,,nadia.perrin52@example.com,,,,,
806615c9-f3c0-43df-abe0-9ceb10c62251,AN-N9YGCJ2O,REC-H2W9FTUQ,Chalet,Chalet en excellent état à Annecy,Annecy,74000,11 juillet 2026,315055,315,7,,192 rue du Commerce,45.896405,6.161446,,Karim Roche,,,,0,,"Chalet lumineux de 315 m² situé à Annecy. Cave et parking inclus. Proche de toutes commodités, transports et écoles. À visiter sans tarder.",,,,,https://exemple-images.test/AN-N9YGCJ2O/1.jpg; https://exemple-images.test/AN-N9YGCJ2O/2.jpg,,,,,,,,
6051ede4-a202-4598-87da-59efcf0d4dcc,AN-F2DS86NL,REC-H2W9FTUQ,Chalet,Chalet lumineux à Annecy,Annecy,74000,2025-02-15T02:37:10,248628,340,,,,45.948852,6.143184,,Sophie Girard,0992134970,,,,0,"Chalet rénové de 340 m² situé à Annecy. Proche de toutes commodités, transports et écoles. À visiter sans tarder.",,,,,,G,,,,,,,
8bbfb52f-9467-496c-9c64-f117e8176d1f,AN-PYUSY2V3,REC-H2W9FTUQ,Chalet,Chalet en excellent état à Annecy,Annecy,74000,19 avril 2026,197012,238,,True,,,,,Marc Roche,0068156195,True,147.85,2,,"Chalet lumineux de 238 m² situé à Annecy. Proche de toutes commodités, transports et écoles. À visiter sans tarder.",,,,,https://exemple-images.test/AN-PYUSY2V3/1.jpg; https://exemple-images.test/AN-PYUSY2V3/2.jpg; https://exemple-images.test/AN-PYUSY2V3/3.jpg; https://exemple-images.test/AN-PYUSY2V3/4.jpg,B,,marc.roche6@example.com,,,,,
4fdb80d6-bc7e-4a87-bf27-dbdc0da96193,AN-Y56LVW3F,REC-H2W9FTUQ,Chalet,Chalet en excellent état à Annecy,Annecy,74000,1757043610,206888 €,278,4,,,45.896013,6.093587,,,0328327092,,,0,,"Chalet lumineux de 278 m² situé à Annecy. Proche de toutes commodités, transports et écoles. À visiter sans tarder.",,,,,,,,contact43@example.com,,,,,
1750a585-fcef-4455-9a22-a42a0642d4ea,AN-7TR0C5IO,REC-H2W9FTUQ,Chalet,Chalet de standing à Annecy,Annecy,74000,12/11/2025,229397,352,1,,,,,,Claire Fontaine,,,,5,,"Chalet en excellent état de 352 m² situé à Annecy. Proche de toutes commodités, transports et écoles. À visiter sans tarder.",,,,False,,D,,claire.fontaine11@example.com,,,,,
3d6e3c5e-f0f5-4363-8089-b1d0e94e729f,AN-5CBJU1PZ,REC-H2W9FTUQ,Chalet,Chalet rénové à Annecy,Annecy,74000,2026-08-07T13:13:10,293440,285,3,,,45.918521,6.114856,,Marc Perrin,0813196663,,,4,3,"Chalet à rafraîchir de 285 m² situé à Annecy. Proche de toutes commodités, transports et écoles. À visiter sans tarder.",,,Toit & Vous,True,,E,1885,marc.perrin83@example.com,,,,,
6348d6fe-3cbe-4148-9c30-d994788c169a,AN-YKCKAM2X,REC-H2W9FTUQ,Chalet,Chalet charmant à Annecy,Annecy,74000,2025-01-18,183463,249,3,True,52 quai de la Loire,45.850071,6.088142,,Marie Lefevre,0782598618,,,,dernier étage,"Chalet atypique de 249 m² situé à Annecy. Proche de toutes commodités, transports et écoles. À visiter sans tarder.",,,,True,,B,,,,,,,
3651dfdd-cc18-4029-b431-e0e3702a0ccf,AN-I9VF9159,REC-H2W9FTUQ,Chalet,Chalet au calme à Annecy,Annecy,74000,2026-07-28T18:36:10,188411,353,,True,,,,,,0970198101,,,5,dernier étage,"Chalet de standing de 353 m² situé à Annecy. Proche de toutes commodités, transports et écoles. À visiter sans tarder.",,,,False,,,,contact55@example.com,,,,,
1dceeae6-c7ef-4f8a-96c2-27113510092e,AN-UXZEWGY9,REC-H2W9FTUQ,Chalet,Chalet à rafraîchir à Annecy,Annecy,74000,5 décembre 2025,222391,304,7,,6 rue Pasteur,45.909241,6.16382,,Sophie Roche,,,,1,,"Chalet au calme de 304 m² situé à Annecy. Proche de toutes commodités, transports et écoles. À visiter sans tarder. Travaux à prévoir.",,,,,,G,,,,,,,
2dad8aca-af34-4348-9dd8-400e7f168d13,AN-6P6CIF7D,REC-H2W9FTUQ,Chalet,Chalet à rafraîchir à Annecy,Annecy,74000,1741849630,182285,287,,,135 rue Victor Hugo,45.86032,6.170582,,,0098168248,,,0,1,"Chalet lumineux de 287 m² situé à Annecy. Proche de toutes commodités, transports et écoles. À visiter sans tarder.",,,Nid Doré,False,https://exemple-images.test/AN-6P6CIF7D/1.jpg; https://exemple-images.test/AN-6P6CIF7D/2.jpg; https://exemple-images.test/AN-6P6CIF7D/3.jpg; https://exemple-images.test/AN-6P6CIF7D/4.jpg,G,,contact91@example.com,,,,,
6d3c2d82-e84e-4380-8f43-966054636554,AN-HUIHBC1C,REC-H2W9FTUQ,Chalet,Chalet atypique à Annecy,Annecy,74000,08/03/2025,234496,,,,,45.864498,6.079611,,,0955736100,,,2,4,"Chalet atypique de 335 m² situé à Annecy. Proche de toutes commodités, transports et écoles. À visiter sans tarder.",,,Clé en Main Immo,,,B,,,335,,,,
c757a465-bf48-4359-8b24-13be8e7a0e32,AN-AIUM7OEQ,REC-H2W9FTUQ,Chalet,Chalet en excellent état à Annecy,Annecy,74000,1725604450,251734,335,3,,,,,,,0104643863,True,,4,,"Chalet en excellent état de 335 m² situé à Annecy. Proche de toutes commodités, transports et écoles. À visiter sans tarder.",,,,,,B,,,,,,,
654902e2-2373-4837-b7c8-607cef0313dd,AN-I5TX4SKO,REC-H2W9FTUQ,Chalet,Chalet rénové à Annecy,Annecy,74000,3 septembre 2024,294055,264,7,,116 rue Victor Hugo,45.902305,6.104451,,Nadia Girard,,,,,dernier étage,"Chalet rénové de 264 m² situé à Annecy. Cave et parking inclus. Proche de toutes commodités, transports et écoles. À visiter sans tarder. Travaux à prévoir.",,,,False,,,1909,nadia.girard65@example.com,,,,,
943c7bcb-d5bf-4de2-8d8b-2134e4b58c33,AN-DMD874J2,REC-H2W9FTUQ,Chalet,Chalet de standing à Annecy,Annecy,74000,19/10/2025,310043,369,3,,185 boulevard Gambetta,,,,Karim Fontaine,0631530777,True,276.83,,,"Chalet rénové de 369 m² situé à Annecy. Proche de toutes commodités, transports et écoles. À visiter sans tarder.",,,,,,G,,,,,,,
99475053-46b3-41be-8308-a03f9f8755db,AN-GVJSILQN,REC-H2W9FTUQ,Chalet,Chalet atypique à Annecy,Annecy,74000,07/02/2025,276800,,4,,,,,,Marie Martin,0806435691,,,5,,"Chalet charmant de 343 m² situé à Annecy. Cave et parking inclus. Proche de toutes commodités, transports et écoles. À visiter sans tarder.",,,,,https://exemple-images.test/AN-GVJSILQN/1.jpg; https://exemple-images.test/AN-GVJSILQN/2.jpg; https://exemple-images.test/AN-GVJSILQN/3.jpg; https://exemple-images.test/AN-GVJSILQN/4.jpg,G,,marie.martin90@example.com,343,,,,
e3dd1967-fbee-4e00-93eb-fad233e49364,AN-UQSK7CRS,REC-H2W9FTUQ,Chalet,Chalet atypique à Annecy,Annecy,74000,08-03-2026,174069,334,5,True,127 place de la Mairie,,,,,0854191160,,,3,2,"Chalet charmant de 334 m² situé à Annecy. Proche de toutes commodités, transports et écoles. À visiter sans tarder.",,,,False,,G,,contact96@example.com,,,,,
034920a8-83d9-4fe9-8bbd-2be512dcfef1,AN-7OSMWNX3,REC-H2W9FTUQ,Chalet,Chalet au calme à Annecy,Annecy,74000,2025-08-18T06:47:10,251046,329,7,False,,,,,Nadia Martin,0335025391,,,4,,"Chalet lumineux de 329 m² situé à Annecy. Proche de toutes commodités, transports et écoles. À visiter sans tarder.",,,,True,,G,1979,nadia.martin81@example.com,,,,,
1c2c8b14-e74f-4745-96aa-1d9d2815c2c2,AN-G3T36TUR,REC-H2W9FTUQ,Chalet,Chalet au calme à Annecy,Annecy,74000,22 juin 2026,323872,262,,True,153 impasse des Lilas,,,,,0670491358,,,,,"Chalet avec vue dégagée de 262 m² situé à Annecy. Proche de toutes commodités, transports et écoles. À visiter sans tarder. Travaux à prévoir.",,,,True,,F,1947,,,,,,
5721e85d-af86-4b67-9d16-227492a5f463,AN-KVB153EO,REC-H2W9FTUQ,Chalet,Chalet spacieux à Annecy,Annecy,74000,2026-01-04,220160,,4,,,,,,Jean Bernard,,,,1,,"Chalet lumineux de 243 m² situé à Annecy. Cave et parking inclus. Proche de toutes commodités, transports et écoles. À visiter sans tarder.",,,,True,https://exemple-images.test/AN-KVB153EO/1.jpg; https://exemple-images.test/AN-KVB153EO/2.jpg; https://exemple-images.test/AN-KVB153EO/3.jpg; https://exemple-images.test/AN-KVB153EO/4.jpg; https://exemple-images.test/AN-KVB153EO/5.jpg,E,,,243,,,,
bd7c08ff-b331-494e-89b1-d0b72872c1da,AN-EECSRPKA,REC-H2W9FTUQ,Chalet,Chalet atypique à Annecy,Annecy,74000,07-08-2025,167532 €,311,1,,,45.875831,6.080885,,Sophie Perrin,0869341716,,392.44,,,"Chalet avec vue dégagée de 311 m² situé à Annecy. Cave et parking inclus. Proche de toutes commodités, transports et écoles. À visiter sans tarder.",,,Provence Immobilier,,,E,,,,,,,
9bcbffe9-12b1-495c-ab5d-39c181996e55,AN-JQ7JI84F,REC-H2W9FTUQ,Chalet,Chalet au calme à Annecy,Annecy,74000,03-15-2026,280441,295,,False,92 place de la Mairie,,,,,0426459473,,,,dernier étage,,,,ImmoPlus,True,,E,,,,,,,
19f85744-d11d-44f3-8519-80026fcb02e0,AN-6QONIEPY,REC-H2W9FTUQ,Chalet,Chalet atypique à Annecy,Annecy,74000,08/03/2025,306896,272,4,,,45.885468,6.152648,,,0675000563,,,3,2,,,,Provence Immobilier,,,,,contact23@example.com,,,,,
57fc568f-180a-4b71-adfa-ddac1b5b3c3e,AN-8130C44W,REC-H2W9FTUQ,Chalet,Chalet charmant à Annecy,Annecy,74000,10-02-2024,242769,231,8,True,,45.881172,6.152763,,,0794677042,True,,1,RDC,"Chalet atypique de 231 m² situé à Annecy. Proche de toutes commodités, transports et écoles. À visiter sans tarder.",,,Toit & Vous,,https://exemple-images.test/AN-8130C44W/1.jpg; https://exemple-images.test/AN-8130C44W/2.jpg; https://exemple-images.test/AN-8130C44W/3.jpg; https://exemple-images.test/AN-8130C44W/4.jpg; https://exemple-images.test/AN-8130C44W/5.jpg,,,,,,,,
da24751c-dc46-40dd-83e4-9b8df78f57c3,AN-1ZBRD5XE,REC-H2W9FTUQ,Chalet,Chalet lumineux à Annecy,Annecy,74000,1747491970,261332,,1,,,,,,Nadia Dubois,0836426761,True,,,3,"Chalet avec vue dégagée de 314 m² situé à Annecy. Proche de toutes commodités, transports et écoles. À visiter sans tarder.",,,,,https://exemple-images.test/AN-1ZBRD5XE/1.jpg; https://exemple-images.test/AN-1ZBRD5XE/2.jpg; https://exemple-images.test/AN-1ZBRD5XE/3.jpg; https://exemple-images.test/AN-1ZBRD5XE/4.jpg,,,nadia.dubois30@example.com,314,,,,
b8bd6b1b-171c-4871-b4c8-1286a3537878,AN-4LAVZK4K,REC-H2W9FTUQ,Chalet,Chalet atypique à Annecy,Annecy,74000,1778972770,197822 €,323,1,,28 rue Jean Jaurès,,,,,0820110256,,,,,,,,,,,,1904,,,,,,
cac09e96-8f25-42aa-94ec-5e1117c5b0b4,AN-OSPMZH4S,REC-H2W9FTUQ,Chalet,Chalet au calme à Annecy,Annecy,74000,2025-01-16T23:05:10,215875,352,8,,40 rue du Commerce,,,,,0841311008,True,,,,"Chalet spacieux de 352 m² situé à Annecy. Proche de toutes commodités, transports et écoles. À visiter sans tarder.",,,,,https://exemple-images.test/AN-OSPMZH4S/1.jpg; https://exemple-images.test/AN-OSPMZH4S/2.jpg,,,,,,,,
256a7cfa-9d12-4fff-99a7-62a343878659,AN-6POXNOFY,REC-H2W9FTUQ,Chalet,Chalet de standing à Annecy,Annecy,74000,2025-07-01T07:55:10,185048,279,,False,70 rue du Commerce,45.902512,6.158338,,,,,,,,,,,,,,B,,,,,,,
4c80e4a8-6191-4344-8fda-a72ac97f3bf3,AN-SJRHGJB7,REC-H2W9FTUQ,Chalet,Chalet charmant à Annecy,Annecy,74000,23 mars 2025,266290,339,3,,,,,,Karim Lefevre,0508003549,,,,,,,,,,,C,,,,,,,
254a053b-e0c2-401e-8ca7-3b131074e3f8,AN-FSFMFAUD,REC-H2W9FTUQ,Chalet,Chalet de standing à Annecy,Annecy,74000,2025-01-08,277616,305,,,,45.890586,6.135413,,Nadia Lefevre,0765075558,,,,,,,,Century Habitat,,,B,,,,,,,
aa118f68-2bec-4494-8e8e-49a5fde4d90b,AN-D1EAXSH9,REC-H2W9FTUQ,Chalet,Chalet de standing à Annecy,Annecy,74000,1784113690,250006,333,1,,37 quai de la Loire,,,,Ahmed Lefevre,,True,,2,,"Chalet avec vue dégagée de 333 m² situé à Annecy. Proche de toutes commodités, transports et écoles. À visiter sans tarder. Travaux à prévoir.",,,,,,G,,ahmed.lefevre66@example.com,,,,,
d10aa00e-bf52-4d5b-9e1e-9a3a728a89ee,AN-6PR6CGK2,REC-H2W9FTUQ,Chalet,Chalet spacieux à Annecy,Annecy,74000,18/04/2025,259754,312,4,,,45.896542,6.112038,,,0657695019,,,,,"Chalet spacieux de 312 m² situé à Annecy. Proche de toutes commodités, transports et écoles. À visiter sans tarder.",,,Nid Doré,False,https://exemple-images.test/AN-6PR6CGK2/1.jpg,G,1980,,,,,,
4a78a9a4-f076-4715-bc42-31e053be1ed8,AN-GIE33ORE,REC-H2W9FTUQ,Chalet,Chalet charmant à Annecy,Annecy,74000,06/10/2024,270444,329,8,,,,,,Sophie Girard,0496403467,,,,,"Chalet spacieux de 329 m² situé à Annecy. Proche de toutes commodités, transports et écoles. À visiter sans tarder.",,,ImmoPlus,True,,F,,sophie.girard60@example.com,,,,,
dca8a2b5-6847-4d51-b768-aa8f57f5caf5,AN-YI3NQA58,REC-H2W9FTUQ,Chalet,Chalet lumineux à Annecy,Annecy,74000,2024-11-26,291654,347,1,True,,,,,Claire Martin,,,,,5,"Chalet au calme de 347 m² situé à Annecy. Proche de toutes commodités, transports et écoles. À visiter sans tarder.",,,Century Habitat,True,,C,,claire.martin66@example.com,,,,,
9b0f7c29-02ab-49fb-9241-1413e907e92b,AN-YJ9ZCDFG,REC-H2W9FTUQ,Chalet,Chalet lumineux à Annecy,Annecy,74000,10-01-2025,311366,233,,True,,,,,Sophie Moreau,0809265650,,,3,,,,,Century Habitat,False,,D,,,,,,,
28dfc930-2c12-443d-9cac-9c571bd09d01,AN-YX2VM7K2,REC-H2W9FTUQ,Chalet,Chalet en excellent état à Annecy,Annecy,74000,1741281130,250998,229,,,200 rue Jean Jaurès,45.947324,6.152418,,,0510100352,True,258.5,,1,"Chalet au calme de 229 m² situé à Annecy. Proche de toutes commodités, transports et écoles. À visiter sans tarder. Travaux à prévoir.",,,Clé en Main Immo,,,,1889,,,,,,
73462033-4d92-4b2b-9037-71db80bdb926,AN-ZKSR55GN,REC-H2W9FTUQ,Chalet,Chalet spacieux à Annecy,Annecy,74000,04-06-2026,226253,241,5,,,,,,Luc Bernard,0547237467,,,,,"Chalet charmant de 241 m² situé à Annecy. Cave et parking inclus. Proche de toutes commodités, transports et écoles. À visiter sans tarder. Travaux à prévoir.",,,ImmoPlus,False,https://exemple-images.test/AN-ZKSR55GN/1.jpg; https://exemple-images.test/AN-ZKSR55GN/2.jpg; https://exemple-images.test/AN-ZKSR55GN/3.jpg; https://exemple-images.test/AN-ZKSR55GN/4.jpg; https://exemple-images.test/AN-ZKSR55GN/5.jpg,D,,,,,,,
3259f6c2-2e33-4eac-b906-7db5655653e2,AN-DNX92UKD,REC-H2W9FTUQ,Chalet,Chalet à rafraîchir à Annecy,Annecy,74000,1739193310,269767,332,6,,171 allée des Platanes,45.878965,6.095656,,Jean Lefevre,0033358659,,,,,"Chalet avec vue dégagée de 332 m² situé à Annecy. Proche de toutes commodités, transports et écoles. À visiter sans tarder. Travaux à prévoir.",,,,,,G,,jean.lefevre23@example.com,,,,,
6b0e2fd7-5e5e-4c6a-b897-5f5afa7dcb02,AN-0MUH1HMW,REC-H2W9FTUQ,Chalet,Chalet avec vue dégagée à Annecy,Annecy,74000,01-03-2025,325017,314,,,,,,,,,True,,,2,"Chalet de standing de 314 m² situé à Annecy. Proche de toutes commodités, transports et écoles. À visiter sans tarder.",,,,,,B,,,,,,,
33fa6269-f508-478e-8b89-ec4dfc0279db,AN-LTJYYX09,REC-H2W9FTUQ,Chalet,Chalet à rafraîchir à Annecy,Annecy,74000,2025-02-10,241022,323,5,,,,,,Luc Girard,0584851012,,,,,"Chalet charmant de 323 m² situé à Annecy. Proche de toutes commodités, transports et écoles. À visiter sans tarder.",,,Toit & Vous,False,,B,2022,,,,,,
c46a4a33-9b85-47aa-92bc-ebb18baff28d,AN-GPTR10JB,REC-H2W9FTUQ,Chalet,Chalet rénové à Annecy,Annecy,74000,2024-10-31T00:24:10,210787,,3,,,45.936552,6.158986,,,0669500297,,152.7,1,5,"Chalet atypique de 323 m² situé à Annecy. Cave et parking inclus. Proche de toutes commodités, transports et écoles. À visiter sans tarder. Travaux à prévoir.",,,Century Habitat,False,,,,contact32@example.com,323,,,,
fc17ab5a-7536-4467-b53d-f379b7e7438b,AN-XQQL92XD,REC-H2W9FTUQ,Chalet,Chalet de standing à Annecy,Annecy,74000,2025-02-23,234548,,1,,147 chemin des Vignes,45.934727,6.132594,,Nadia Girard,0029660124,,379.93,3,,"Chalet atypique de 329 m² situé à Annecy. Proche de toutes commodités, transports et écoles. À visiter sans tarder.",,,,False,,F,,nadia.girard39@example.com,329,,,,
1222d724-2357-4844-be9e-f543eb53befd,AN-B4A7BW2C,REC-H2W9FTUQ,Chalet,Chalet atypique à Annecy,Annecy,74000,2025-04-02,171850,283,1,,,,,,,0571081621,True,,,,,,,,,,B,,contact58@example.com,,,,,
9bd66497-f065-4176-87b3-08c853e2864a,AN-ZBISFR1B,REC-H2W9FTUQ,Chalet,Chalet atypique à Annecy,Annecy,74000,03-28-2025,315092,326,6,,,45.931102,6.127088,,Claire Moreau,0792971958,,339.73,1,,"Chalet atypique de 326 m² situé à Annecy. Proche de toutes commodités, transports et écoles. À visiter sans tarder. Travaux à prévoir.",,,,,,C,,,,,,,
0781783d-799e-45f8-820c-5637dcbce000,AN-LMMO3KCB,REC-H2W9FTUQ,Chalet,Chalet au calme à Annecy,Annecy,74000,1777546630,217882,272,2,False,,45.902409,6.089368,,Marc Dubois,0682250092,,,4,,"Chalet spacieux de 272 m² situé à Annecy. Proche de toutes commodités, transports et écoles. À visiter sans tarder.",,,Toit & Vous,True,,D,1965,,,,,,
e459422f-c46e-4234-a013-00993de17d20,AN-K6KR78KS,REC-H2W9FTUQ,Chalet,Chalet lumineux à Annecy,Annecy,74000,2026-02-09,216461,366,6,,,,,,Sophie Martin,0843684088,,,3,0,,,,Nid Doré,,,C,1994,sophie.martin44@example.com,,,,,
8f76e33b-0210-4f8a-8b53-430a906f01df,AN-J4ALEU32,REC-H2W9FTUQ,Chalet,Chalet de standing à Annecy,Annecy,74000,24/03/2026,213920,341,3,,,45.923655,6.162746,,Nadia Martin,0932289804,,,2,2,,,,Clé en Main Immo,,,B,,,,,,,
9ab15dd0-fb1a-4088-a7e5-024030d3383f,AN-1O9B6QWX,REC-H2W9FTUQ,Chalet,Chalet charmant à Annecy,Annecy,74000,2025-02-24T17:18:10,308329 €,236,1,False,,45.916545,6.14094,,Karim Fontaine,0054427202,,112.65,,,"Chalet lumineux de 236 m² situé à Annecy. Proche de toutes commodités, transports et écoles. À visiter sans tarder.",,,,False,,B,,karim.fontaine48@example.com,,,,,
7cd3efdf-bec0-4126-b3e3-5f0c599b0341,AN-XNI8D9E8,REC-H2W9FTUQ,Chalet,Chalet au calme à Annecy,Annecy,74000,1756124230,303049,293,1,False,108 rue Pasteur,,,,,0677480351,,388.24,,1,"Chalet de standing de 293 m² situé à Annecy. Proche de toutes commodités, transports et écoles. À visiter sans tarder.",,,Provence Immobilier,,https://exemple-images.test/AN-XNI8D9E8/1.jpg; https://exemple-images.test/AN-XNI8D9E8/2.jpg; https://exemple-images.test/AN-XNI8D9E8/3.jpg; https://exemple-images.test/AN-XNI8D9E8/4.jpg; https://exemple-images.test/AN-XNI8D9E8/5.jpg,D,,contact13@example.com,,,,,
d9f1e5dd-7100-4766-a5ae-7246028d0990,AN-244FWEKI,REC-H2W9FTUQ,Chalet,Chalet spacieux à Annecy,Annecy,74000,2026-04-07T15:17:10,253708,357,2,,,,,,,0094605356,,,1,2,"Chalet au calme de 357 m² situé à Annecy. Proche de toutes commodités, transports et écoles. À visiter sans tarder.",,,,,,E,,,,,,,
f9e79809-a798-4070-8580-146b6f1a297f,AN-16OZJZKN,REC-H2W9FTUQ,Chalet,Chalet en excellent état à Annecy,Annecy,74000,20/09/2025,244321,296,1,,,45.930644,6.090023,,Ahmed Bernard,,,156.88,0,,,,,,False,,E,,ahmed.bernard23@example.com,,,,,
a53e646d-4112-4108-b775-419adacc0eaa,AN-2PY8VRHH,REC-H2W9FTUQ,Chalet,Chalet lumineux à Annecy,Annecy,74000,7 juin 2026,256034,245,5,,,,,,Luc Martin,,,,0,,"Chalet lumineux de 245 m² situé à Annecy. Cave et parking inclus. Proche de toutes commodités, transports et écoles. À visiter sans tarder. Travaux à prévoir.",,,Provence Immobilier,True,,D,,,,,,,
8f639d01-b856-4d41-9378-dea560fe2424,AN-7J9I9OAG,REC-H2W9FTUQ,Chalet,Chalet rénové à Annecy,Annecy,74000,2025-11-19,229524,260,6,,48 rue de la République,45.863263,6.123363,,Sophie Lefevre,0390765682,,,2,,"Chalet au calme de 260 m² situé à Annecy. Cave et parking inclus. Proche de toutes commodités, transports et écoles. À visiter sans tarder.",,,,,,A,,sophie.lefevre18@example.com,,,,,
617dd736-fef5-4fdd-8eac-702769295935,AN-OPKAZY1H,REC-H2W9FTUQ,Chalet,Chalet atypique à Annecy,Annecy,74000,3 février 2025,312224,,2,True,124 impasse des Lilas,45.942096,6.139007,,,0474027312,,,2,,"Chalet rénové de 250 m² situé à Annecy. Cave et parking inclus. Proche de toutes commodités, transports et écoles. À visiter sans tarder.",,,Clé en Main Immo,False,,D,,,250,,,,
1e23b4cd-0a02-4066-9125-078d0d4edda3,AN-CJ9VWLB8,REC-H2W9FTUQ,Chalet,Chalet à rafraîchir à Annecy,Annecy,74000,1748114890,169469,291,,,,45.892884,6.099713,,,0675901017,,108.43,3,5,,,,Toit & Vous,,,F,,contact18@example.com,,,,,
3dcfbd8b-084e-4b1e-8069-6417db8320f3,AN-MGKRS4Z0,REC-H2W9FTUQ,Chalet,Chalet avec vue dégagée à Annecy,Annecy,74000,2024-11-10T05:52:10,297581,348,4,,25 place de la Mairie,45.854664,6.11936,,Marie Moreau,0537357122,True,,2,5,"Chalet à rafraîchir de 348 m² situé à Annecy. Proche de toutes commodités, transports et écoles. À visiter sans tarder.",,,,,,,,marie.moreau19@example.com,,,,,
946fb17f-b4c9-499c-ba47-fb3de2277274,AN-D6CMXKZZ,REC-H2W9FTUQ,Chalet,Chalet avec vue dégagée à Annecy,Annecy,74000,16 avril 2025,286654,267,,,43 chemin des Vignes,45.86486,6.135638,,,,,373.34,0,,"Chalet rénové de 267 m² situé à Annecy. Proche de toutes commodités, transports et écoles. À visiter sans tarder.",,,,False,https://exemple-images.test/AN-D6CMXKZZ/1.jpg; https://exemple-images.test/AN-D6CMXKZZ/2.jpg; https://exemple-images.test/AN-D6CMXKZZ/3.jpg; https://exemple-images.test/AN-D6CMXKZZ/4.jpg,E,1941,,,,,,
b7c5fa6f-26f2-40d4-a4e2-095ae3056d0e,AN-5U9UWX5W,REC-H2W9FTUQ,Chalet,Chalet en excellent état à Annecy,Annecy,74000,2024-12-29T23:11:10,205079,291,2,,,,,,Marie Faure,,,,,0,"Chalet à rafraîchir de 291 m² situé à Annecy. Proche de toutes commodités, transports et écoles. À visiter sans tarder.",,,ImmoPlus,,,A,,marie.faure32@example.com,,,,,
eb1a90a2-f636-4124-aca6-70290016cb59,AN-N3TPDZW8,REC-H2W9FTUQ,Chalet,Chalet avec vue dégagée à Annecy,Annecy,74000,10-11-2025,298579,300,1,False,,45.915115,6.08201,,Julie Dubois,,,,,,"Chalet au calme de 300 m² situé à Annecy. Cave et parking inclus. Proche de toutes commodités, transports et écoles. À visiter sans tarder.",,,Provence Immobilier,,,B,,,,,,,
2a2ed893-b6d0-47e2-b3c7-94d6a39f8655,AN-PTAYJ6NH,REC-H2W9FTUQ,Chalet,Chalet de standing à Annecy,Annecy,74000,2024-09-27T22:15:10,318627,319,8,,122 avenue des Champs,,,,Luc Bernard,0517398955,,,4,,"Chalet au calme de 319 m² situé à Annecy. Proche de toutes commodités, transports et écoles. À visiter sans tarder.",,,Clé en Main Immo,False,https://exemple-images.test/AN-PTAYJ6NH/1.jpg; https://exemple-images.test/AN-PTAYJ6NH/2.jpg,G,,luc.bernard19@example.com,,,,,
fddba715-a9bc-4191-a7de-687db10ba923,AN-KL09T24T,REC-H2W9FTUQ,Chalet,Chalet spacieux à Annecy,Annecy,74000,11 juin 2026,275590,333,,False,,45.875411,6.161108,,Ahmed Roche,0168968128,,,,4,"Chalet de standing de 333 m² situé à Annecy. Proche de toutes commodités, transports et écoles. À visiter sans tarder.",,,Century Habitat,True,,A,,ahmed.roche63@example.com,,,,,
17dcc61a-bc7b-42c1-81d3-7d6934f03689,AN-QXUQW0LO,REC-H2W9FTUQ,Chalet,Chalet charmant à Annecy,Annecy,74000,10/10/2025,239003 €,272,8,,,,,,,0424156905,,,2,,,,,,False,,A,,contact76@example.com,,,,,
53d9def4-c8c3-4bb8-937c-9cd01ed551ed,AN-SUJ7GWJV,REC-H2W9FTUQ,Chalet,Chalet atypique à Annecy,Annecy,74000,06-04-2025,241345,249,,,41 rue Pasteur,,,,Ahmed Roche,0836770346,True,188.73,,,"Chalet à rafraîchir de 249 m² situé à Annecy. Proche de toutes commodités, transports et écoles. À visiter sans tarder.",,,,,,E,1865,ahmed.roche86@example.com,,,,,
7872f2c9-8695-42ec-8a50-01c17b034be8,AN-5ZSD5Y83,REC-H2W9FTUQ,Chalet,Chalet de standing à Annecy,Annecy,74000,12/08/2025,260626,,8,,154 impasse des Lilas,45.90185,6.157317,,Marc Bernard,0495184606,,,,,"Chalet lumineux de 316 m² situé à Annecy. Cave et parking inclus. Proche de toutes commodités, transports et écoles. À visiter sans tarder.",,,,,https://exemple-images.test/AN-5ZSD5Y83/1.jpg; https://exemple-images.test/AN-5ZSD5Y83/2.jpg; https://exemple-images.test/AN-5ZSD5Y83/3.jpg,E,,,316,,,,
a63882cb-9563-47ed-8511-275ecc8c15d5,AN-CL7IZYR7,REC-H2W9FTUQ,Chalet,Chalet de standing à Annecy,Annecy,74000,08-09-2026,240889,309,3,False,196 rue Jean Jaurès,45.915075,6.134739,,,0391592799,,,,,"Chalet en excellent état de 309 m² situé à Annecy. Proche de toutes commodités, transports et écoles. À visiter sans tarder. Travaux à prévoir.",,,Toit & Vous,,,F,,contact59@example.com,,,,,
b7392c56-378b-4085-b779-4e0976394011,AN-B4X7RORT,REC-H2W9FTUQ,Chalet,Chalet spacieux à Annecy,Annecy,74000,23/11/2024,299041 €,332,,True,149 rue de la République,45.865427,6.166546,,Karim Perrin,,,,,0,,,,,,,B,2007,,,,,,
42526153-633a-48aa-a6c7-50dca10fce40,AN-LUKDJ065,REC-H2W9FTUQ,Chalet,Chalet en excellent état à Annecy,Annecy,74000,2026-02-09,199286,316,5,,,,,,,0462318972,,,2,,"Chalet avec vue dégagée de 316 m² situé à Annecy. Proche de toutes commodités, transports et écoles. À visiter sans tarder.",,,,False,,E,,,,,,,
33ecc324-3338-4c6c-b6ff-429f7f648f26,AN-FLMY19MG,REC-H2W9FTUQ,Chalet,Chalet rénové à Annecy,Annecy,74000,2025-08-05,283540,272,,True,,45.906225,6.096416,,Julie Faure,0227749835,,,,5,"Chalet au calme de 272 m² situé à Annecy. Proche de toutes commodités, transports et écoles. À visiter sans tarder. Travaux à prévoir.",,,,False,,D,,,,,,,
5e2d144d-1703-486a-becf-287af3175ddd,AN-LTLFJJJY,REC-H2W9FTUQ,Chalet,Chalet avec vue dégagée à Annecy,Annecy,74000,09-20-2025,195777,297,7,,,,,,,0722719328,,,,,"Chalet lumineux de 297 m² situé à Annecy. Cave et parking inclus. Proche de toutes commodités, transports et écoles. À visiter sans tarder.",,,,False,,G,,,,,,,
e1767b77-ed25-427c-8833-4eceee474b58,AN-AR4IPFJ0,REC-H2W9FTUQ,Chalet,Chalet à rafraîchir à Annecy,Annecy,74000,06/05/2025,195456,253,7,,,,,,Marie Dubois,0630159319,True,,2,,,,,Toit & Vous,,,G,,,,,,,
be1c79f6-f8d5-466c-83a0-bbafcfa2e094,AN-754HPSWG,REC-H2W9FTUQ,Chalet,Chalet de standing à Annecy,Annecy,74000,2024-09-04,170094,222,,,,45.922079,6.157089,,Ahmed Lefevre,0866020678,,,5,,"Chalet spacieux de 222 m² situé à Annecy. Proche de toutes commodités, transports et écoles. À visiter sans tarder.",,,Provence Immobilier,False,https://exemple-images.test/AN-754HPSWG/1.jpg; https://exemple-images.test/AN-754HPSWG/2.jpg; https://exemple-images.test/AN-754HPSWG/3.jpg,D,,,,,,,
361b9c64-b153-4fd9-a8cf-60e00d85a09d,AN-TXNRBKMB,REC-H2W9FTUQ,Chalet,Chalet en excellent état à Annecy,Annecy,74000,01-08-2025,188612,248,,True,,,,,,,,,3,3,"Chalet lumineux de 248 m² situé à Annecy. Proche de toutes commodités, transports et écoles. À visiter sans tarder. Travaux à prévoir.",,,Clé en Main Immo,,https://exemple-images.test/AN-TXNRBKMB/1.jpg; https://exemple-images.test/AN-TXNRBKMB/2.jpg; https://exemple-images.test/AN-TXNRBKMB/3.jpg; https://exemple-images.test/AN-TXNRBKMB/4.jpg; https://exemple-images.test/AN-TXNRBKMB/5.jpg,B,1935,,,,,,
76ac78fa-2961-4643-a0cd-584a93142096,AN-ILETDXKG,REC-H2W9FTUQ,Chalet,Chalet charmant à Annecy,Annecy,74000,03-21-2025,230190,326,,,182 avenue des Champs,,,,,0530873917,,,5,,,,,Century Habitat,False,,,1984,,,,,,
4855813d-3206-443c-a475-31c8c964bad9,AN-S75TRT8E,REC-H2W9FTUQ,Chalet,Chalet au calme à Annecy,Annecy,74000,2026-06-06,273843,278,3,,,45.866321,6.136039,,Marc Roche,0936994180,,,,,"Chalet lumineux de 278 m² situé à Annecy. Proche de toutes commodités, transports et écoles. À visiter sans tarder.",,,Nid Doré,,,E,,marc.roche49@example.com,,,,,
6c4c6dec-0d0d-43ac-ac76-e0185b132a9d,AN-3QCD3T9D,REC-H2W9FTUQ,Chalet,Chalet en excellent état à Annecy,Annecy,74000,02/03/2026,211821,358,8,,22 rue du Commerce,45.90427,6.132622,,,0553710819,True,,1,,"Chalet charmant de 358 m² situé à Annecy. Proche de toutes commodités, transports et écoles. À visiter sans tarder.",,,,,https://exemple-images.test/AN-3QCD3T9D/1.jpg; https://exemple-images.test/AN-3QCD3T9D/2.jpg; https://exemple-images.test/AN-3QCD3T9D/3.jpg; https://exemple-images.test/AN-3QCD3T9D/4.jpg,F,1981,,,,,,
985a1952-bfcf-49ec-af27-3eaed6b08e5d,AN-FI4ZJ382,REC-H2W9FTUQ,Chalet,Chalet de standing à Annecy,Annecy,74000,20/03/2025,175075,284,3,,184 rue Jean Jaurès,,,,Ahmed Dubois,0466796240,,,,,"Chalet spacieux de 284 m² situé à Annecy. Proche de toutes commodités, transports et écoles. À visiter sans tarder.",,,Provence Immobilier,True,https://exemple-images.test/AN-FI4ZJ382/1.jpg; https://exemple-images.test/AN-FI4ZJ382/2.jpg,E,,ahmed.dubois20@example.com,,,,,
36849966-312a-4d28-8281-3d284902cc9c,AN-TU1X34JB,REC-H2W9FTUQ,Chalet,Chalet lumineux à Annecy,Annecy,74000,1 janvier 2025,176144,328,8,True,163 quai de la Loire,,,,,,,,,,"Chalet en excellent état de 328 m² situé à Annecy. Proche de toutes commodités, transports et écoles. À visiter sans tarder.",,,,True,,G,1980,,,,,,
946270ae-b395-4704-a138-22f139acc10f,AN-W9S6DIHJ,REC-H2W9FTUQ,Chalet,Chalet au calme à Annecy,Annecy,74000,3 novembre 2024,286903,364,,False,77 impasse des Lilas,,,,Karim Faure,0762138786,,,,,"Chalet de standing de 364 m² situé à Annecy. Proche de toutes commodités, transports et écoles. À visiter sans tarder. Travaux à prévoir.",,,Nid Doré,,,G,,karim.faure17@example.com,,,,,
7e97c9ae-2d35-4be8-ae41-9580430f6094,AN-WOJJ8KQ2,REC-H2W9FTUQ,Chalet,Chalet atypique à Annecy,Annecy,74000,2025-10-26T13:53:10,271819,353,3,,50 rue Pasteur,45.855347,6.160778,,Claire Martin,0756636028,,,3,,"Chalet à rafraîchir de 353 m² situé à Annecy. Proche de toutes commodités, transports et écoles. À visiter sans tarder.",,,,,,G,1968,claire.martin41@example.com,,,,,
180377fc-87b3-4768-b4c3-28c95f68a5e1,AN-7ZS7CYGV,REC-H2W9FTUQ,Chalet,Chalet spacieux à Annecy,Annecy,74000,2025-03-11,275323,356,4,True,,,,,Marc Lefevre,,True,,4,,,,,Century Habitat,,,C,,marc.lefevre90@example.com,,,,,
70efc618-1e42-4d86-819d-15ab20808bda,AN-XBCP59OG,REC-H2W9FTUQ,Chalet,Chalet atypique à Annecy,Annecy,74000,5 juin 2026,237651,247,7,True,,45.914543,6.13101,,,,True,,,,"Chalet charmant de 247 m² situé à Annecy. Proche de toutes commodités, transports et écoles. À visiter sans tarder.",,,Provence Immobilier,,https://exemple-images.test/AN-XBCP59OG/1.jpg; https://exemple-images.test/AN-XBCP59OG/2.jpg; https://exemple-images.test/AN-XBCP59OG/3.jpg; https://exemple-images.test/AN-XBCP59OG/4.jpg,E,,,,,,,
a97c66de-1df8-4a83-a39e-b51eb2499409,AN-8KXESJYJ,REC-H2W9FTUQ,Chalet,Chalet de standing à Annecy,Annecy,74000,1762909090,310208,361,3,True,100 avenue des Champs,,,,,,,,,1,"Chalet spacieux de 361 m² situé à Annecy. Proche de toutes commodités, transports et écoles. À visiter sans tarder.",,,Century Habitat,True,,E,,contact57@example.com,,,,,
687d4757-1f6f-4b43-a320-3d653f236298,AN-MJ9JH9GA,REC-H2W9FTUQ,Chalet,Chalet charmant à Annecy,Annecy,74000,03-15-2026,325324,274,7,,,,,,Sophie Moreau,0818384724,,,5,,"Chalet atypique de 274 m² situé à Annecy. Proche de toutes commodités, transports et écoles. À visiter sans tarder.",,,Toit & Vous,,,,,sophie.moreau87@example.com,,,,,
cdf95a79-7d8e-4bde-ac18-0091df308e17,AN-FTRJUMZ4,REC-H2W9FTUQ,Chalet,Chalet de standing à Annecy,Annecy,74000,02-04-2025,300577,334,,,166 allée des Platanes,45.889075,6.115679,,,0813176662,True,70.41,,2,"Chalet charmant de 334 m² situé à Annecy. Proche de toutes commodités, transports et écoles. À visiter sans tarder.",,,Nid Doré,,https://exemple-images.test/AN-FTRJUMZ4/1.jpg; https://exemple-images.test/AN-FTRJUMZ4/2.jpg; https://exemple-images.test/AN-FTRJUMZ4/3.jpg,F,,,,,,,
4760a748-e4ea-4834-8c81-15709d9a97bc,AN-QK25JZU6,REC-H2W9FTUQ,Chalet,Chalet à rafraîchir à Annecy,Annecy,74000,06/03/2025,171489,239,3,,122 impasse des Lilas,,,,Julie Roche,0726365514,,,1,,,,,,,,D,,,,,,,
055a7646-03d0-48b5-9255-87dfc753df07,AN-GYQVHI4X,REC-H2W9FTUQ,Chalet,Chalet au calme à Annecy,Annecy,74000,19/07/2025,256439,287,,,149 quai de la Loire,45.862066,6.144103,,Sophie Fontaine,,,92.8,,,"Chalet au calme de 287 m² situé à Annecy. Proche de toutes commodités, transports et écoles. À visiter sans tarder.",,,,False,https://exemple-images.test/AN-GYQVHI4X/1.jpg; https://exemple-images.test/AN-GYQVHI4X/2.jpg; https://exemple-images.test/AN-GYQVHI4X/3.jpg; https://exemple-images.test/AN-GYQVHI4X/4.jpg; https://exemple-images.test/AN-GYQVHI4X/5.jpg,F,,sophie.fontaine25@example.com,,,,,
33be7a99-f761-42b0-b184-2d9c2c0ca0a9,AN-J1PVM7XL,REC-H2W9FTUQ,Chalet,Chalet au calme à Annecy,Annecy,74000,1773148090,302263,310,7,,63 place de la Mairie,,,,Marc Fontaine,0346458356,True,,1,,"Chalet rénové de 310 m² situé à Annecy. Cave et parking inclus. Proche de toutes commodités, transports et écoles. À visiter sans tarder.",,,,,https://exemple-images.test/AN-J1PVM7XL/1.jpg,E,,,,,,,
1d5a846b-adc1-4ddb-9f8d-b46042734ba0,AN-BD2BM192,REC-H2W9FTUQ,Chalet,Chalet atypique à Annecy,Annecy,74000,18/11/2025,252256,294,,,156 boulevard Gambetta,,,,,0966016320,,,,RDC,"Chalet au calme de 294 m² situé à Annecy. Proche de toutes commodités, transports et écoles. À visiter sans tarder.",,,,False,https://exemple-images.test/AN-BD2BM192/1.jpg,B,,contact18@example.com,,,,,
1d268d10-1ab9-4040-bfd9-ac11794bf8d4,AN-74ID0Y2Q,REC-H2W9FTUQ,Chalet,Chalet atypique à Annecy,Annecy,74000,1751887570,201906 €,296,1,,,45.858811,6.093438,,,,,,2,3,"Chalet spacieux de 296 m² situé à Annecy. Cave et parking inclus. Proche de toutes commodités, transports et écoles. À visiter sans tarder.",,,,,,C,,,,,,,
b0258b70-9efd-4402-bbde-74124df49c88,AN-P5NR3BJ4,REC-H2W9FTUQ,Chalet,Chalet à rafraîchir à Annecy,Annecy,74000,1784560690,178289,345,4,,,45.910385,6.151369,,,,,,0,1,"Chalet avec vue dégagée de 345 m² situé à Annecy. Proche de toutes commodités, transports et écoles. À visiter sans tarder.",,,Provence Immobilier,,,,,contact39@example.com,,,,,
fd317826-d796-4809-a9e5-7756268d6323,AN-WWXM05VP,REC-H2W9FTUQ,Chalet,Chalet au calme à Annecy,Annecy,74000,1741807090,227217,315,5,,,,,,,0770026605,True,,,,"Chalet lumineux de 315 m² situé à Annecy. Cave et parking inclus. Proche de toutes commodités, transports et écoles. À visiter sans tarder. Travaux à prévoir.",,,Nid Doré,,,A,,contact39@example.com,,,,,
e9f14fad-1021-4a62-abba-20b2bc7946e2,AN-ICRSGYLQ,REC-H2W9FTUQ,Chalet,Chalet charmant à Annecy,Annecy,74000,17/11/2025,168052 €,310,,True,,45.92049,6.122775,,Claire Bernard,0935807464,,,,,,,,Clé en Main Immo,,,G,,claire.bernard27@example.com,,,,,
cb720759-b4d9-4375-9552-e5b319b7c894,AN-MI1DXY3C,REC-H2W9FTUQ,Chalet,Chalet spacieux à Annecy,Annecy,74000,2026-02-28T10:19:10,214707,,2,,85 avenue des Champs,45.89618,6.133023,,,,True,,2,2,"Chalet au calme de 289 m² situé à Annecy. Cave et parking inclus. Proche de toutes commodités, transports et écoles. À visiter sans tarder.",,,Century Habitat,,https://exemple-images.test/AN-MI1DXY3C/1.jpg,G,,contact65@example.com,289,,,,
bcbc3386-1ab3-4362-9265-eb6bdca1764a,AN-B20Z5ZRI,REC-H2W9FTUQ,Chalet,Chalet à rafraîchir à Annecy,Annecy,74000,04-26-2026,228678 €,301,3,,,45.938148,6.125058,,Marie Moreau,0996555406,,,,,"Chalet avec vue dégagée de 301 m² situé à Annecy. Proche de toutes commodités, transports et écoles. À visiter sans tarder.",,,Toit & Vous,True,,E,,,,,,,
9c87b037-703f-4310-b18c-268fcb2a01f8,AN-1KX7HPPB,REC-H2W9FTUQ,Chalet,Chalet lumineux à Annecy,Annecy,74000,19 novembre 2024,270709 €,323,,,29 rue Victor Hugo,,,,Marie Bernard,0869470686,,,,3,"Chalet de standing de 323 m² situé à Annecy. Cave et parking inclus. Proche de toutes commodités, transports et écoles. À visiter sans tarder.",,,,True,,G,,marie.bernard21@example.com,,,,,
2b4270c4-9b1d-4114-a0e7-3fd1c3be866b,AN-I9RSMY9C,REC-H2W9FTUQ,Chalet,Chalet charmant à Annecy,Annecy,74000,1728003310,269806,339,5,,58 allée des Platanes,,,,Julie Moreau,,,128.78,3,dernier étage,"Chalet rénové de 339 m² situé à Annecy. Proche de toutes commodités, transports et écoles. À visiter sans tarder.",,,Toit & Vous,True,https://exemple-images.test/AN-I9RSMY9C/1.jpg; https://exemple-images.test/AN-I9RSMY9C/2.jpg; https://exemple-images.test/AN-I9RSMY9C/3.jpg; https://exemple-images.test/AN-I9RSMY9C/4.jpg; https://exemple-images.test/AN-I9RSMY9C/5.jpg,F,1998,julie.moreau62@example.com,,,,,
61ce6996-46b2-4309-aa06-feb2cb1abdc0,AN-420FLSD2,REC-H2W9FTUQ,Chalet,Chalet à rafraîchir à Annecy,Annecy,74000,1753677610,208475,325,2,False,168 chemin des Vignes,45.925428,6.153255,,,0331528906,,,2,RDC,"Chalet atypique de 325 m² situé à Annecy. Cave et parking inclus. Proche de toutes commodités, transports et écoles. À visiter sans tarder.",,,,False,,F,,contact51@example.com,,,,,
bc837b07-9ee2-4e08-b91d-ed1662c0a155,AN-AA4Z6EB8,REC-H2W9FTUQ,Chalet,Chalet lumineux à Annecy,Annecy,74000,23 décembre 2024,326802,274,8,,20 avenue des Champs,,,,Claire Perrin,0930467403,,,1,,"Chalet lumineux de 274 m² situé à Annecy. Proche de toutes commodités, transports et écoles. À visiter sans tarder.",,,,True,,A,,,,,,,
02ce77c8-b49f-4b70-ab7e-71c4ab9dcfcb,AN-FAW7T1HE,REC-H2W9FTUQ,Chalet,Chalet charmant à Annecy,Annecy,74000,2024-12-13,169133,297,6,,,,,,Marc Girard,0177951370,,,,,,,,,,,D,1977,,,,,,
7c5ba6f2-0d80-43d6-b6d8-4310b2d3bbf3,AN-RXECBGT9,REC-H2W9FTUQ,Chalet,Chalet en excellent état à Annecy,Annecy,74000,2025-11-16T13:15:10,306857,238,4,,,45.888476,6.107812,,,,,,,2,,,,,,,D,,contact27@example.com,,,,,
3786157a-8391-476a-92c9-bfdf1c1e05c0,AN-OO8SI0LX,REC-H2W9FTUQ,Chalet,Chalet rénové à Annecy,Annecy,74000,07/10/2025,206507,349,2,,,,,,,,,,5,,,,,ImmoPlus,,https://exemple-images.test/AN-OO8SI0LX/1.jpg; https://exemple-images.test/AN-OO8SI0LX/2.jpg; https://exemple-images.test/AN-OO8SI0LX/3.jpg; https://exemple-images.test/AN-OO8SI0LX/4.jpg,B,,contact96@example.com,,,,,
ef2027f8-9d8a-4769-bf3a-cf668c8d8e90,AN-7G4EJ8HH,REC-H2W9FTUQ,Chalet,Chalet au calme à Annecy,Annecy,74000,06-01-2025,254089,292,2,,,,,,Marc Faure,,True,,1,4,"Chalet rénové de 292 m² situé à Annecy. Cave et parking inclus. Proche de toutes commodités, transports et écoles. À visiter sans tarder.",,,ImmoPlus,,,,,marc.faure94@example.com,,,,,
4409033d-1b1f-42b5-b524-1406fd284686,AN-P6ORYSLC,REC-H2W9FTUQ,Chalet,Chalet avec vue dégagée à Annecy,Annecy,74000,2025-07-26,243674,242,,,134 allée des Platanes,,,,Nadia Dubois,0284861965,,,3,,"Chalet charmant de 242 m² situé à Annecy. Proche de toutes commodités, transports et écoles. À visiter sans tarder. Travaux à prévoir.",,,,True,,D,,,,,,,
7cd08df0-2581-4c25-b087-019d14906af2,AN-O5TCNJQ7,REC-H2W9FTUQ,Chalet,Chalet rénové à Annecy,Annecy,74000,1767647350,191413,281,4,True,150 impasse des Lilas,,,,Claire Lefevre,0756458992,,129.28,1,1,"Chalet rénové de 281 m² situé à Annecy. Proche de toutes commodités, transports et écoles. À visiter sans tarder.",,,,,,C,,,,,,,
e5366dae-b693-48f7-ada0-00cc3c111efb,AN-7SBFGNK7,REC-H2W9FTUQ,Chalet,Chalet à rafraîchir à Annecy,Annecy,74000,2025-01-24T03:50:10,202839,246,,,,,,,Julie Perrin,,,257.96,,1,"Chalet rénové de 246 m² situé à Annecy. Proche de toutes commodités, transports et écoles. À visiter sans tarder. Travaux à prévoir.",,,ImmoPlus,,,A,,julie.perrin14@example.com,,,,,
1de83d13-d971-493a-b88c-5ec9bbe600ee,AN-NI20MTNW,REC-H2W9FTUQ,Chalet,Chalet atypique à Annecy,Annecy,74000,2025-06-27T22:38:10,226213,260,6,True,9 rue Pasteur,45.855496,6.093489,,Julie Fontaine,0825347488,,,,,"Chalet en excellent état de 260 m² situé à Annecy. Proche de toutes commodités, transports et écoles. À visiter sans tarder.",,,,,,C,,julie.fontaine75@example.com,,,,,
39b85cf5-9150-4f8d-8d16-ad4e85570951,AN-9WPZRS7F,REC-H2W9FTUQ,Chalet,Chalet charmant à Annecy,Annecy,74000,1756719070,312348,296,,,,,,,Sophie Roche,0383180067,,,5,,"Chalet lumineux de 296 m² situé à Annecy. Cave et parking inclus. Proche de toutes commodités, transports et écoles. À visiter sans tarder.",,,,True,,E,,sophie.roche59@example.com,,,,,
04f83fea-406b-4095-8d8c-e35797731c41,AN-94XUE5H8,REC-H2W9FTUQ,Chalet,Chalet spacieux à Annecy,Annecy,74000,29/07/2026,265673,246,6,False,,45.89177,6.089183,,,0076156977,,338.07,1,5,"Chalet de standing de 246 m² situé à Annecy. Proche de toutes commodités, transports et écoles. À visiter sans tarder.",,,,False,https://exemple-images.test/AN-94XUE5H8/1.jpg; https://exemple-images.test/AN-94XUE5H8/2.jpg,E,1919,contact52@example.com,,,,,
96749451-e09b-466f-8e78-ee18e8cc6722,AN-5JCRVVRE,REC-H2W9FTUQ,Chalet,Chalet spacieux à Annecy,Annecy,74000,05-15-2025,180937,324,,,,,,,Claire Moreau,,,,,,"Chalet de standing de 324 m² situé à Annecy. Proche de toutes commodités, transports et écoles. À visiter sans tarder.",,,,True,,D,1920,,,,,,
6f0bfa94-fc50-486e-b3e1-7293e17033a7,AN-CTAHFISK,REC-H2W9FTUQ,Chalet,Chalet au calme à Annecy,Annecy,74000,26/08/2025,289074,268,,,,45.874284,6.10366,,,0649263428,,,,1,"Chalet en excellent état de 268 m² situé à Annecy. Proche de toutes commodités, transports et écoles. À visiter sans tarder.",,,,,,F,1862,contact49@example.com,,,,,
fc3ae336-b5ba-469e-a9fd-9947b2793321,AN-UE2GOY07,REC-H2W9FTUQ,Chalet,Chalet au calme à Annecy,Annecy,74000,2024-08-28,187837,270,4,,197 rue de la République,45.907671,6.086589,,,0262904307,,,5,,"Chalet lumineux de 270 m² situé à Annecy. Proche de toutes commodités, transports et écoles. À visiter sans tarder.",,,Clé en Main Immo,False,,B,,,,,,,
55e4e1e7-00da-4bff-83ca-e6ffd22e8033,AN-S9SB07EI,REC-H2W9FTUQ,Chalet,Chalet atypique à Annecy,Annecy,74000,1767710290,313442,227,,,,45.924697,6.138715,,,0142117612,,,1,dernier étage,"Chalet atypique de 227 m² situé à Annecy. Cave et parking inclus. Proche de toutes commodités, transports et écoles. À visiter sans tarder.",,,,True,,D,1852,contact80@example.com,,,,,
6f45ecf1-5a75-4c67-ac79-7208b93b4cf8,AN-OEE24WGA,REC-H2W9FTUQ,Chalet,Chalet en excellent état à Annecy,Annecy,74000,14 juillet 2026,204333,236,4,,,,,,,0117781127,,181.68,,4,"Chalet atypique de 236 m² situé à Annecy. Proche de toutes commodités, transports et écoles. À visiter sans tarder.",,,,True,https://exemple-images.test/AN-OEE24WGA/1.jpg; https://exemple-images.test/AN-OEE24WGA/2.jpg; https://exemple-images.test/AN-OEE24WGA/3.jpg; https://exemple-images.test/AN-OEE24WGA/4.jpg,F,2010,,,,,,
770e57ec-3cd1-44d6-89d8-912ea3816838,AN-6PHVTYHN,REC-H2W9FTUQ,Chalet,Chalet lumineux à Annecy,Annecy,74000,2025-03-08,205807,328,5,True,143 avenue des Champs,,,,,0275659551,True,,,,"Chalet rénové de 328 m² situé à Annecy. Cave et parking inclus. Proche de toutes commodités, transports et écoles. À visiter sans tarder.",,,,,,C,,contact8@example.com,,,,,
6e260829-7c02-4d2d-992d-ec4e805368fd,AN-YQKSOR5M,REC-H2W9FTUQ,Chalet,Chalet de standing à Annecy,Annecy,74000,1777813810,265819,,3,True,45 rue du Commerce,45.943271,6.165675,,Claire Bernard,0758241022,,305.45,2,,"Chalet charmant de 263 m² situé à Annecy. Cave et parking inclus. Proche de toutes commodités, transports et écoles. À visiter sans tarder.",,,Provence Immobilier,,https://exemple-images.test/AN-YQKSOR5M/1.jpg; https://exemple-images.test/AN-YQKSOR5M/2.jpg,E,,,263,,,,
9c17b560-4275-48ba-9421-bc71e6b7bc92,AN-ROBXRPVU,REC-H2W9FTUQ,Chalet,Chalet lumineux à Annecy,Annecy,74000,2026-04-18,258044 €,364,4,,92 allée des Platanes,,,,Jean Roche,,,,2,RDC,"Chalet de standing de 364 m² situé à Annecy. Proche de toutes commodités, transports et écoles. À visiter sans tarder. Travaux à prévoir.",,,Toit & Vous,,,A,,,,,,,
8a938da8-10f5-4e79-afd9-5584bf28f47c,AN-OVYI4O8Q,REC-H2W9FTUQ,Chalet,Chalet atypique à Annecy,Annecy,74000,1766302150,321853,233,6,True,,,,,Jean Dubois,0234910433,True,,,,"Chalet de standing de 233 m² situé à Annecy. Proche de toutes commodités, transports et écoles. À visiter sans tarder.",,,Toit & Vous,,,C,,,,,,,
480afec9-5901-4bd4-b52c-1ed9ba682974,AN-PREV7VCT,REC-H2W9FTUQ,Chalet,Chalet spacieux à Annecy,Annecy,74000,2026-06-02T19:22:10,275262,225,,,139 rue de la République,45.885489,6.160475,,,0299371923,,,,,,,,Provence Immobilier,False,,A,,contact9@example.com,,,,,
f8b46d91-f4c6-4689-a04a-b3f332443bb9,AN-W962GYZ4,REC-H2W9FTUQ,Chalet,Chalet spacieux à Annecy,Annecy,74000,31/01/2025,213942,341,5,False,,45.913509,6.169062,,Sophie Perrin,0056965660,True,,4,,"Chalet avec vue dégagée de 341 m² situé à Annecy. Proche de toutes commodités, transports et écoles. À visiter sans tarder. Travaux à prévoir.",,,,,,A,,sophie.perrin36@example.com,,,,,
a0c7a576-d4d3-4df2-bd93-9174bc1800a1,AN-Z2ER4NFA,REC-H2W9FTUQ,Chalet,Chalet au calme à Annecy,Annecy,74000,05-18-2025,275996,370,4,True,129 allée des Platanes,,,,Sophie Roche,0222634270,True,,0,,,,,,,,C,,sophie.roche22@example.com,,,,,
e7b533ef-9d82-4163-a5fa-8436c94b6d49,AN-PUU6DZOZ,REC-H2W9FTUQ,Chalet,Chalet spacieux à Annecy,Annecy,74000,1753447210,199261,336,7,True,,45.912369,6.111653,,Claire Bernard,,True,,4,RDC,"Chalet rénové de 336 m² situé à Annecy. Proche de toutes commodités, transports et écoles. À visiter sans tarder.",,,,,,B,,claire.bernard30@example.com,,,,,
0162e835-8f1a-456d-8ac4-69d39da322d0,AN-L44BY3ER,REC-H2W9FTUQ,Chalet,Chalet lumineux à Annecy,Annecy,74000,2026-01-31,257032,227,1,False,70 rue de la République,,,,Sophie Martin,,,,,,"Chalet atypique de 227 m² situé à Annecy. Proche de toutes commodités, transports et écoles. À visiter sans tarder. Travaux à prévoir.",,,,False,https://exemple-images.test/AN-L44BY3ER/1.jpg,C,,sophie.martin40@example.com,,,,,
f0c16cff-7c79-4a92-b293-8632f917ccbc,AN-KO4GC7TT,REC-H2W9FTUQ,Chalet,Chalet spacieux à Annecy,Annecy,74000,27/03/2025,281189 €,251,,,119 chemin des Vignes,45.891648,6.096421,,,0730820186,,,,,"Chalet spacieux de 251 m² situé à Annecy. Proche de toutes commodités, transports et écoles. À visiter sans tarder.",,,Century Habitat,,,G,,contact38@example.com,,,,,
2f18e673-05ba-46b5-9353-1672c6ef8f17,AN-JB13HQPY,REC-H2W9FTUQ,Chalet,Chalet à rafraîchir à Annecy,Annecy,74000,15 avril 2026,196837,240,7,,29 chemin des Vignes,,,,Marc Fontaine,,,,,5,"Chalet lumineux de 240 m² situé à Annecy. Cave et parking inclus. Proche de toutes commodités, transports et écoles. À visiter sans tarder.",,,Nid Doré,,,F,,marc.fontaine33@example.com,,,,,
a213e579-411b-4c99-a205-cb4aac20674d,AN-BV0F6PJ1,REC-H2W9FTUQ,Chalet,Chalet à rafraîchir à Annecy,Annecy,74000,04-04-2025,262075,266,,,95 rue du Commerce,,,,Julie Dubois,0048477975,,,,,"Chalet en excellent état de 266 m² situé à Annecy. Cave et parking inclus. Proche de toutes commodités, transports et écoles. À visiter sans tarder.",,,,,,D,1985,julie.dubois67@example.com,,,,,
0918fd62-b588-47eb-aa15-0f9fb809eee1,AN-X8MZKIPY,REC-H2W9FTUQ,Chalet,Chalet de standing à Annecy,Annecy,74000,26 novembre 2025,302917,272,,,94 rue Jean Jaurès,,,,Claire Faure,0635429082,,,,2,"Chalet rénové de 272 m² situé à Annecy. Cave et parking inclus. Proche de toutes commodités, transports et écoles. À visiter sans tarder.",,,,,,E,,,,,,,
1325dd05-3f38-4507-a0b0-57feb97c11db,AN-JCOC7MRB,REC-H2W9FTUQ,Chalet,Chalet charmant à Annecy,Annecy,74000,2024-10-08T03:50:10,239561,322,3,,146 rue du Commerce,45.930021,6.151175,,,0629847846,,,,dernier étage,"Chalet charmant de 322 m² situé à Annecy. Proche de toutes commodités, transports et écoles. À visiter sans tarder.",,,,True,,A,,,,,,,
68ef2852-fe04-4b25-9b2f-0d3723923a23,AN-AIPBVBH7,REC-H2W9FTUQ,Chalet,Chalet lumineux à Annecy,Annecy,74000,04-21-2025,325634,267,3,False,,,,,,,,,,3,"Chalet de standing de 267 m² situé à Annecy. Proche de toutes commodités, transports et écoles. À visiter sans tarder.",,,,False,,A,,,,,,,
82a26569-237a-47af-828a-cb185de992fe,AN-61ZE37MR,REC-H2W9FTUQ,Chalet,Chalet charmant à Annecy,Annecy,74000,29 août 2024,198236,360,4,,,,,,,0397178152,,,3,2,"Chalet spacieux de 360 m² situé à Annecy. Cave et parking inclus. Proche de toutes commodités, transports et écoles. À visiter sans tarder.",,,,True,https://exemple-images.test/AN-61ZE37MR/1.jpg; https://exemple-images.test/AN-61ZE37MR/2.jpg; https://exemple-images.test/AN-61ZE37MR/3.jpg; https://exemple-images.test/AN-61ZE37MR/4.jpg; https://exemple-images.test/AN-61ZE37MR/5.jpg,D,1856,,,,,,
fe3baf74-9dd9-488d-8a6d-e59c22c61eb7,AN-7Z9GEZ4L,REC-H2W9FTUQ,Chalet,Chalet à rafraîchir à Annecy,Annecy,74000,15 juillet 2026,216947,,1,,,,,,,0651741492,True,,,,"Chalet charmant de 333 m² situé à Annecy. Proche de toutes commodités, transports et écoles. À visiter sans tarder.",,,,,,E,1886,,333,,,,
4bfe871a-b2ca-4340-ab5c-e1f1376f243e,AN-MTZK1PA4,REC-H2W9FTUQ,Chalet,Chalet à rafraîchir à Annecy,Annecy,74000,07-11-2026,222463 €,305,3,False,155 place de la Mairie,45.895781,6.134007,,Ahmed Faure,,,,3,dernier étage,"Chalet atypique de 305 m² situé à Annecy. Proche de toutes commodités, transports et écoles. À visiter sans tarder.",,,,,https://exemple-images.test/AN-MTZK1PA4/1.jpg; https://exemple-images.test/AN-MTZK1PA4/2.jpg; https://exemple-images.test/AN-MTZK1PA4/3.jpg; https://exemple-images.test/AN-MTZK1PA4/4.jpg; https://exemple-images.test/AN-MTZK1PA4/5.jpg,A,,,,,,,
573c0a98-5ef6-47fe-8b34-4bab398acaa8,AN-2UCP4PDU,REC-H2W9FTUQ,Chalet,Chalet de standing à Annecy,Annecy,74000,17 décembre 2025,278158,250,8,True,,,,,,0666832445,True,273.26,,,"Chalet au calme de 250 m² situé à Annecy. Proche de toutes commodités, transports et écoles. À visiter sans tarder.",,,Toit & Vous,,,E,,contact58@example.com,,,,,
bd54ccf0-8b07-476e-b2c1-4c89fae2db26,AN-RE5XYIH9,REC-H2W9FTUQ,Chalet,Chalet lumineux à Annecy,Annecy,74000,2025-07-15,215866,269,6,,125 rue Pasteur,,,,,0762603419,True,81.21,1,,"Chalet rénové de 269 m² situé à Annecy. Cave et parking inclus. Proche de toutes commodités, transports et écoles. À visiter sans tarder.",,,,,,F,2014,contact74@example.com,,,,,
30247fe8-fe8f-4354-b260-c12dc71e884c,AN-ACW0P5RI,REC-H2W9FTUQ,Chalet,Chalet à rafraîchir à Annecy,Annecy,74000,1778886070,260133 €,341,,,174 rue du Commerce,,,,,0109624574,True,335.34,,,,,,,,,D,1920,contact89@example.com,,,,,
1bc32b86-1425-4c92-95f5-77fbc9faa0bb,AN-Q0J08Z6V,REC-H2W9FTUQ,Chalet,Chalet rénové à Annecy,Annecy,74000,5 mai 2025,169702,305,7,,,,,,Karim Martin,,,,0,,"Chalet lumineux de 305 m² situé à Annecy. Proche de toutes commodités, transports et écoles. À visiter sans tarder.",,,Toit & Vous,True,,D,,,,,,,
0baf9deb-6633-4264-8913-add73ff3a30d,AN-L7JP24C5,REC-H2W9FTUQ,Chalet,Chalet au calme à Annecy,Annecy,74000,14 novembre 2025,215548,263,2,,137 rue Jean Jaurès,45.875008,6.120676,,,0631089694,,,,,,,,Century Habitat,,,B,,contact44@example.com,,,,,
00dd347d-ba2a-4c73-96ec-1a4b2b785633,AN-1YQNV7YA,REC-H2W9FTUQ,Chalet,Chalet avec vue dégagée à Annecy,Annecy,74000,12 juin 2025,299401 €,246,2,,126 quai de la Loire,45.949148,6.175952,,,0071674662,,,,4,"Chalet à rafraîchir de 246 m² situé à Annecy. Proche de toutes commodités, transports et écoles. À visiter sans tarder.",,,,False,https://exemple-images.test/AN-1YQNV7YA/1.jpg; https://exemple-images.test/AN-1YQNV7YA/2.jpg; https://exemple-images.test/AN-1YQNV7YA/3.jpg,C,1893,,,,,,
9d5ea5e9-c63f-4c6b-97dc-fa91725a4bd4,AN-FW0O7K52,REC-H2W9FTUQ,Chalet,Chalet rénové à Annecy,Annecy,74000,04-19-2025,184736,,5,,200 avenue des Champs,,,,Marie Girard,0365706088,,,,,"Chalet charmant de 277 m² situé à Annecy. Proche de toutes commodités, transports et écoles. À visiter sans tarder.",,,,,,D,,marie.girard42@example.com,277,,,,
a7a143db-89a8-48cb-bee4-fce737e669b9,AN-QVYPCDPB,REC-H2W9FTUQ,Chalet,Chalet rénové à Annecy,Annecy,74000,2025-08-24,260732,361,8,False,186 quai de la Loire,45.943594,6.099969,,Karim Roche,,True,,,,"Chalet rénové de 361 m² situé à Annecy. Proche de toutes commodités, transports et écoles. À visiter sans tarder.",,,,,,F,1885,,,,,,
9f3dc8af-0c39-4e45-82c1-a9bfbc5404c8,AN-AVLMWE5C,REC-H2W9FTUQ,Chalet,Chalet à rafraîchir à Annecy,Annecy,74000,2024-12-26T10:58:10,243602,369,2,,188 rue Victor Hugo,45.888685,6.08141,,Nadia Dubois,0763928331,,,0,,,,,Nid Doré,,,,,nadia.dubois63@example.com,,,,,
747f6ccb-ff1b-4767-853d-e2c348bed2dd,AN-85CVL1WF,REC-H2W9FTUQ,Chalet,Chalet en excellent état à Annecy,Annecy,74000,1770147550,265599 €,226,7,True,41 rue Jean Jaurès,,,,,0382491411,,,,2,"Chalet rénové de 226 m² situé à Annecy. Proche de toutes commodités, transports et écoles. À visiter sans tarder.",,,,,,B,1967,,,,,,
2aa94167-96db-4cc8-af75-169867128ae3,AN-JM9VILTH,REC-H2W9FTUQ,Chalet,Chalet de standing à Annecy,Annecy,74000,2025-11-10T10:19:10,301554,341,,,,,,,Sophie Girard,,,,4,4,,,,,,,E,1894,sophie.girard27@example.com,,,,,
078dbeb2-3e6d-4172-93b6-9addd4cebf53,AN-WJ7QFTO2,REC-H2W9FTUQ,Chalet,Chalet avec vue dégagée à Annecy,Annecy,74000,2025-08-23,315202,362,8,,,,,,Karim Martin,0381207326,,392.72,,4,"Chalet rénové de 362 m² situé à Annecy. Cave et parking inclus. Proche de toutes commodités, transports et écoles. À visiter sans tarder.",,,,,,B,,,,,,,
04c393ed-51e4-4afd-a202-8ba6276c5bda,AN-0BZICXW6,REC-H2W9FTUQ,Chalet,Chalet à rafraîchir à Annecy,Annecy,74000,2024-08-31T06:55:10,244363,240,,,130 quai de la Loire,45.868704,6.163426,,,0884612242,,,,,"Chalet avec vue dégagée de 240 m² situé à Annecy. Proche de toutes commodités, transports et écoles. À visiter sans tarder. Travaux à prévoir.",,,,,,,,,,,,,
687f3c46-e10f-4857-ab35-f600ff0c0d84,AN-1YUHG4L0,REC-H2W9FTUQ,Chalet,Chalet atypique à Annecy,Annecy,74000,1769597530,292710,229,6,,92 rue Pasteur,45.863189,6.090246,,,0477812723,,,2,2,,,,Toit & Vous,False,,E,,contact33@example.com,,,,,
de71320f-fe2b-4746-818d-a18b76de5211,AN-X1RI52LG,REC-H2W9FTUQ,Chalet,Chalet de standing à Annecy,Annecy,74000,02-09-2026,301811,290,5,,,,,,Marie Bernard,,,,5,,"Chalet charmant de 290 m² situé à Annecy. Proche de toutes commodités, transports et écoles. À visiter sans tarder. Travaux à prévoir.",,,,,,A,,marie.bernard3@example.com,,,,,
2975c874-60d3-42b8-94f3-94e307f76dfb,AN-69AJXZMX,REC-H2W9FTUQ,Chalet,Chalet à rafraîchir à Annecy,Annecy,74000,10/09/2025,307255,278,6,,32 rue de la République,,,,Karim Faure,,,,,,"Chalet à rafraîchir de 278 m² situé à Annecy. Proche de toutes commodités, transports et écoles. À visiter sans tarder.",,,,True,,A,,,,,,,
b55a442b-f27d-46ef-9f87-d6f3fbd001c8,AN-W8OUTQ4J,REC-H2W9FTUQ,Chalet,Chalet atypique à Annecy,Annecy,74000,23 mai 2026,302710,365,6,,16 quai de la Loire,45.907095,6.1579,,,0622340334,,,,,"Chalet de standing de 365 m² situé à Annecy. Proche de toutes commodités, transports et écoles. À visiter sans tarder.",,,,,,G,,contact3@example.com,,,,,
cab165dc-c082-445e-8608-e94fabd8a7af,AN-901TM19U,REC-H2W9FTUQ,Chalet,Chalet avec vue dégagée à Annecy,Annecy,74000,1728911410,266409,250,3,,,45.946196,6.095122,,,0590370886,True,,,RDC,,,,Provence Immobilier,,,E,,,,,,,
a756d8a0-a9f5-4997-90da-a2f18a520983,AN-HGCDP5Z8,REC-H2W9FTUQ,Chalet,Chalet avec vue dégagée à Annecy,Annecy,74000,23/03/2025,304848 €,345,4,,,45.936476,6.093402,,Luc Fontaine,0452425823,,,,,"Chalet atypique de 345 m² situé à Annecy. Proche de toutes commodités, transports et écoles. À visiter sans tarder.",,,,,,G,,,,,,,
7a0bfe3b-c520-4653-b8a3-72813bddfa4d,AN-FODY5VG5,REC-H2W9FTUQ,Chalet,Chalet avec vue dégagée à Annecy,Annecy,74000,1 novembre 2024,236543 €,365,3,False,,,,,,,True,146.48,,1,"Chalet à rafraîchir de 365 m² situé à Annecy. Proche de toutes commodités, transports et écoles. À visiter sans tarder.",,,ImmoPlus,,,A,,contact71@example.com,,,,,
d6cb9e04-d577-4b01-9add-3032a34c0d36,AN-SSN9UBTY,REC-H2W9FTUQ,Chalet,Chalet de standing à Annecy,Annecy,74000,09/09/2025,230860,254,6,,,45.865773,6.16178,,Ahmed Lefevre,0670467461,,,,4,,,,,True,,A,,ahmed.lefevre65@example.com,,,,,
d6a0263e-d0aa-4295-9b31-64e04603fd8d,AN-Z7M6M9N4,REC-H2W9FTUQ,Chalet,Chalet charmant à Annecy,Annecy,74000,2024-10-31,209554,323,6,,,45.879598,6.131393,,,0041163512,,239.42,3,3,"Chalet de standing de 323 m² situé à Annecy. Cave et parking inclus. Proche de toutes commodités, transports et écoles. À visiter sans tarder.",,,,,,C,,,,,,,
5a952ceb-feaf-4966-b0c4-a61b0d8ee119,AN-GOJMIOKY,REC-H2W9FTUQ,Chalet,Chalet au calme à Annecy,Annecy,74000,4 février 2026,276454,222,2,True,114 impasse des Lilas,,,,Luc Perrin,0660092224,True,,,,"Chalet avec vue dégagée de 222 m² situé à Annecy. Proche de toutes commodités, transports et écoles. À visiter sans tarder.",,,,,,F,,luc.perrin8@example.com,,,,,
b825ca59-8d0c-4e8d-b7a9-f136ab227276,AN-WIDPXTFC,REC-H2W9FTUQ,Chalet,Chalet lumineux à Annecy,Annecy,74000,28 août 2025,192021,345,5,True,,45.894036,6.155085,,,0688337879,,,,0,"Chalet charmant de 345 m² situé à Annecy. Proche de toutes commodités, transports et écoles. À visiter sans tarder.",,,,,,A,,contact96@example.com,,,,,
a8275632-e312-499b-a7df-2ba2dd0756bb,AN-YYC3806X,REC-H2W9FTUQ,Chalet,Chalet atypique à Annecy,Annecy,74000,1736435350,204290 €,355,,False,72 rue de la République,45.915039,6.081696,,,0025564994,True,,,0,"Chalet rénové de 355 m² situé à Annecy. Proche de toutes commodités, transports et écoles. À visiter sans tarder.",,,Century Habitat,,,B,,contact35@example.com,,,,,
71836fa8-e9df-4634-857f-2cb42bc3e404,AN-6QJ11Y2W,REC-H2W9FTUQ,Chalet,Chalet de standing à Annecy,Annecy,74000,2025-03-07T17:11:10,245500,,3,,64 place de la Mairie,45.904418,6.14235,,,,,,5,,"Chalet lumineux de 364 m² situé à Annecy. Cave et parking inclus. Proche de toutes commodités, transports et écoles. À visiter sans tarder. Travaux à prévoir.",,,,False,,G,,,364,,,,
c49801ac-e6de-47d0-b860-6dc3490eb816,AN-D4JD7UEB,REC-H2W9FTUQ,Chalet,Chalet en excellent état à Annecy,Annecy,74000,12/04/2026,228921 €,259,2,True,,,,,,0792273487,True,,1,,"Chalet de standing de 259 m² situé à Annecy. Proche de toutes commodités, transports et écoles. À visiter sans tarder.",,,,,https://exemple-images.test/AN-D4JD7UEB/1.jpg,,,contact91@example.com,,,,,
96bfccc7-50f2-4457-bc1c-adfaea218cb5,AN-5YJNF7AR,REC-H2W9FTUQ,Chalet,Chalet avec vue dégagée à Annecy,Annecy,74000,07-15-2026,229392,294,1,True,,,,,Marie Roche,0344305247,,,,,,,,ImmoPlus,False,,,,,,,,,
7112d8d2-ea67-4759-8d31-d7e5579f3f62,AN-YMJD19JU,REC-H2W9FTUQ,Chalet,Chalet à rafraîchir à Annecy,Annecy,74000,24 mars 2026,304445,306,7,,16 rue du Commerce,45.880759,6.111446,,Ahmed Lefevre,0483803142,,,1,,,,,Century Habitat,,,A,,ahmed.lefevre43@example.com,,,,,
5bef9a00-dfe6-4ace-8c16-2fe23f343a2b,AN-AWQCBST8,REC-H2W9FTUQ,Chalet,Chalet à rafraîchir à Annecy,Annecy,74000,08/12/2024,239904,,,,88 allée des Platanes,45.855738,6.117572,,,0671354889,,,,,,,,,False,,,,contact32@example.com,277,,,,
846ee3f1-f997-4e7a-8b78-0187f6646fa4,AN-DHV6INDD,REC-H2W9FTUQ,Chalet,Chalet au calme à Annecy,Annecy,74000,1739912170,164050,358,8,True,,45.857189,6.084514,,,0961124673,True,76.91,,,,,,,,,D,,contact48@example.com,,,,,
fb24c091-8456-4fc6-ab97-187938814848,AN-6GIZ1XJJ,REC-H2W9FTUQ,Chalet,Chalet charmant à Annecy,Annecy,74000,6 novembre 2024,276458,259,,,,45.902537,6.089422,,Nadia Lefevre,0354640303,,,,,"Chalet spacieux de 259 m² situé à Annecy. Proche de toutes commodités, transports et écoles. À visiter sans tarder.",,,,,,E,,nadia.lefevre85@example.com,,,,,
adde971c-33ed-4d0b-943f-b8be7b69f148,AN-KE6ONOJE,REC-H2W9FTUQ,Chalet,Chalet rénové à Annecy,Annecy,74000,2025-04-06,273212,238,7,True,,,,,Julie Roche,0134479210,,,,,"Chalet charmant de 238 m² situé à Annecy. Cave et parking inclus. Proche de toutes commodités, transports et écoles. À visiter sans tarder.",,,,False,https://exemple-images.test/AN-KE6ONOJE/1.jpg,B,,,,,,,
ffdbcd18-bd35-4696-9e7f-6df09ae131bc,AN-MF0NZJRR,REC-H2W9FTUQ,Chalet,Chalet lumineux à Annecy,Annecy,74000,07-18-2026,227338,238,5,,104 rue Jean Jaurès,45.870903,6.120561,,Jean Dubois,,,,5,,"Chalet atypique de 238 m² situé à Annecy. Proche de toutes commodités, transports et écoles. À visiter sans tarder.",,,Provence Immobilier,True,,C,1919,,,,,,
3b932fa3-f673-493c-bb7b-88d67b970a50,AN-VYIA0R7Q,REC-H2W9FTUQ,Chalet,Chalet lumineux à Annecy,Annecy,74000,10 mars 2025,260408,288,,,,45.86887,6.08625,,Sophie Girard,0969789389,,,,,"Chalet charmant de 288 m² situé à Annecy. Proche de toutes commodités, transports et écoles. À visiter sans tarder.",,,,,,F,,sophie.girard46@example.com,,,,,
c2fe9bc2-6ed6-457d-96e7-ce4b6b9a2008,AN-V6CX1D8O,REC-H2W9FTUQ,Chalet,Chalet à rafraîchir à Annecy,Annecy,74000,02/03/2025,284327,347,8,False,,,,,,,,,3,,"Chalet charmant de 347 m² situé à Annecy. Cave et parking inclus. Proche de toutes commodités, transports et écoles. À visiter sans tarder.",,,Provence Immobilier,False,,B,1856,contact92@example.com,,,,,
37d3cee1-838f-4a70-8a6d-1f1430f06717,AN-IW98UAH3,REC-H2W9FTUQ,Chalet,Chalet à rafraîchir à Annecy,Annecy,74000,07/05/2025,180633,250,8,,81 rue Pasteur,45.860888,6.108883,,Marc Bernard,0094647225,,,2,,"Chalet à rafraîchir de 250 m² situé à Annecy. Cave et parking inclus. Proche de toutes commodités, transports et écoles. À visiter sans tarder.",,,,True,https://exemple-images.test/AN-IW98UAH3/1.jpg; https://exemple-images.test/AN-IW98UAH3/2.jpg; https://exemple-images.test/AN-IW98UAH3/3.jpg,B,,marc.bernard7@example.com,,,,,
895422b3-77fe-400b-b50b-1d1f4c1db371,AN-BP9I5VCP,REC-H2W9FTUQ,Chalet,Chalet de standing à Annecy,Annecy,74000,21/05/2026,323811 €,326,7,,125 boulevard Gambetta,45.855127,6.110699,,,0752580204,,,,,"Chalet charmant de 326 m² situé à Annecy. Proche de toutes commodités, transports et écoles. À visiter sans tarder.",,,,False,,B,,,,,,,
35d91135-932e-4b99-a379-94db62c3ef9a,AN-KGK9MICE,REC-H2W9FTUQ,Chalet,Chalet atypique à Annecy,Annecy,74000,16 septembre 2024,297663,356,7,,,45.899486,6.111192,,,0476170401,,246.47,,1,,,,,True,https://exemple-images.test/AN-KGK9MICE/1.jpg,A,,contact82@example.com,,,,,
3f17f70e-cba9-41ea-a350-7eabafdb2c25,AN-W22XYTQC,REC-H2W9FTUQ,Chalet,Chalet lumineux à Annecy,Annecy,74000,01-26-2025,197234,304,2,,18 boulevard Gambetta,,,,,0990740338,,,,dernier étage,,,,,True,,C,,,,,,,
b022426a-90bd-48fc-ac24-c3827cea8827,AN-46PQU7K5,REC-H2W9FTUQ,Chalet,Chalet rénové à Annecy,Annecy,74000,03-05-2026,277036,,4,,,,,,,0774168954,,,,5,,,,,,https://exemple-images.test/AN-46PQU7K5/1.jpg; https://exemple-images.test/AN-46PQU7K5/2.jpg; https://exemple-images.test/AN-46PQU7K5/3.jpg; https://exemple-images.test/AN-46PQU7K5/4.jpg,,,,353,,,,
e042e361-0673-438e-81a8-2b520dcb116b,AN-89VZJNCW,REC-H2W9FTUQ,Chalet,Chalet avec vue dégagée à Annecy,Annecy,74000,01-29-2026,228044,287,4,True,117 avenue des Champs,,,,Luc Bernard,0490979828,,,,,,,,Toit & Vous,True,https://exemple-images.test/AN-89VZJNCW/1.jpg,,,luc.bernard95@example.com,,,,,
1f610e85-f6e5-47fd-bdcf-7078d8d56053,AN-I4II6UM1,REC-H2W9FTUQ,Chalet,Chalet spacieux à Annecy,Annecy,74000,2025-10-08T21:04:10,293522,,6,,,,,,Luc Fontaine,,,,,,"Chalet à rafraîchir de 361 m² situé à Annecy. Proche de toutes commodités, transports et écoles. À visiter sans tarder.",,,Toit & Vous,False,,E,,luc.fontaine71@example.com,361,,,,
12339a11-8442-44a4-883c-a077d3313f46,AN-ETXPGS5S,REC-H2W9FTUQ,Chalet,Chalet à rafraîchir à Annecy,Annecy,74000,1773564610,195351,321,,,151 chemin des Vignes,45.945705,6.124309,,,0928850359,,389.01,4,3,"Chalet avec vue dégagée de 321 m² situé à Annecy. Proche de toutes commodités, transports et écoles. À visiter sans tarder.",,,Toit & Vous,,,E,,,,,,,
aab5eb2e-4eba-4561-ac58-f032b93a09e8,AN-TAIG02DI,REC-H2W9FTUQ,Chalet,Chalet au calme à Annecy,Annecy,74000,02-25-2025,220962,326,3,,39 quai de la Loire,45.893067,6.117306,,,0515111087,True,,,,"Chalet avec vue dégagée de 326 m² situé à Annecy. Proche de toutes commodités, transports et écoles. À visiter sans tarder.",,,,,,D,1852,contact79@example.com,,,,,
101988a8-8a5c-4ec6-baeb-20be8fc1c8f7,AN-KDF8OTDP,REC-H2W9FTUQ,Chalet,Chalet atypique à Annecy,Annecy,74000,2025-05-04,196779,248,5,,173 rue du Commerce,45.905971,6.07941,,,,,,4,,"Chalet atypique de 248 m² situé à Annecy. Proche de toutes commodités, transports et écoles. À visiter sans tarder.",,,,,,,,contact58@example.com,,,,,
0cdd1202-6e6d-4f8f-b2c5-b34fbb399949,AN-FD909U6G,REC-H2W9FTUQ,Chalet,Chalet spacieux à Annecy,Annecy,74000,2025-09-21T14:34:10,284036,282,8,False,192 rue Jean Jaurès,45.948623,6.105581,,,0679986107,,,,,,,,,,,E,,contact29@example.com,,,,,
21e9e73f-30c7-4dcd-a61f-c3b6c2734420,AN-FBO1R66R,REC-H2W9FTUQ,Chalet,Chalet charmant à Annecy,Annecy,74000,30/07/2025,299287 €,254,6,,189 rue du Commerce,45.872334,6.170204,,Ahmed Fontaine,0899040581,,,,5,"Chalet spacieux de 254 m² situé à Annecy. Proche de toutes commodités, transports et écoles. À visiter sans tarder. Travaux à prévoir.",,,,,,C,,,,,,,
1c16d773-ecfd-482a-bfa3-35fd18feccc5,AN-0GOK3QU3,REC-H2W9FTUQ,Chalet,Chalet charmant à Annecy,Annecy,74000,19 juillet 2025,282232,233,1,,,45.891982,6.1002,,Jean Fontaine,,,,2,,,,,Clé en Main Immo,,https://exemple-images.test/AN-0GOK3QU3/1.jpg; https://exemple-images.test/AN-0GOK3QU3/2.jpg,C,,,,,,,
3a44015d-453b-4a2f-915b-9b5d39baf047,AN-5CVOAUBK,REC-H2W9FTUQ,Chalet,Chalet rénové à Annecy,Annecy,74000,2024-10-23T23:26:10,199476 €,367,,False,52 rue Jean Jaurès,45.910373,6.147707,,Nadia Moreau,0338736641,,254.9,2,,"Chalet au calme de 367 m² situé à Annecy. Proche de toutes commodités, transports et écoles. À visiter sans tarder.",,,,,https://exemple-images.test/AN-5CVOAUBK/1.jpg; https://exemple-images.test/AN-5CVOAUBK/2.jpg; https://exemple-images.test/AN-5CVOAUBK/3.jpg; https://exemple-images.test/AN-5CVOAUBK/4.jpg,,,nadia.moreau25@example.com,,,,,
49cf7add-435c-4af0-887f-cf01279ca885,AN-MBN0UGPF,REC-H2W9FTUQ,Chalet,Chalet en excellent état à Annecy,Annecy,74000,2024-11-14,206772,,7,,,45.927455,6.108264,,Julie Dubois,0725091827,True,160.99,5,,"Chalet spacieux de 243 m² situé à Annecy. Proche de toutes commodités, transports et écoles. À visiter sans tarder.",,,,,,F,,,243,,,,
1498de72-ead7-4fc9-a65b-c4fe6473ea37,AN-MPLNBG7N,REC-H2W9FTUQ,Chalet,Chalet lumineux à Annecy,Annecy,74000,1768149910,258374,223,,,161 rue Pasteur,45.911789,6.107113,,,,,,5,4,"Chalet charmant de 223 m² situé à Annecy. Proche de toutes commodités, transports et écoles. À visiter sans tarder.",,,Clé en Main Immo,True,https://exemple-images.test/AN-MPLNBG7N/1.jpg; https://exemple-images.test/AN-MPLNBG7N/2.jpg; https://exemple-images.test/AN-MPLNBG7N/3.jpg; https://exemple-images.test/AN-MPLNBG7N/4.jpg; https://exemple-images.test/AN-MPLNBG7N/5.jpg,A,,,,,,,
400e23a0-a786-4f9d-9c9c-dfc2c5373330,AN-VC6UC1F9,REC-H2W9FTUQ,Chalet,Chalet atypique à Annecy,Annecy,74000,1777609570,185821,230,3,,,,,,,,,,,,"Chalet au calme de 230 m² situé à Annecy. Cave et parking inclus. Proche de toutes commodités, transports et écoles. À visiter sans tarder.",,,ImmoPlus,True,,A,,,,,,,
6eb403ac-4fd7-45a4-933d-c83d2681ff13,AN-MFM3S4ND,REC-H2W9FTUQ,Chalet,Chalet charmant à Annecy,Annecy,74000,1764523210,184205,280,6,,189 rue du Commerce,,,,,0630373721,,,2,1,"Chalet en excellent état de 280 m² situé à Annecy. Cave et parking inclus. Proche de toutes commodités, transports et écoles. À visiter sans tarder.",,,ImmoPlus,,,B,1976,contact69@example.com,,,,,
3bbaa5e1-ee78-4868-90b7-f1f73fa8c931,AN-WMRLOJHS,REC-H2W9FTUQ,Chalet,Chalet en excellent état à Annecy,Annecy,74000,1736719510,279162,224,7,,188 rue Jean Jaurès,,,,,0386839171,,,1,0,"Chalet de standing de 224 m² situé à Annecy. Proche de toutes commodités, transports et écoles. À visiter sans tarder.",,,ImmoPlus,,,G,,,,,,,
2133cdd3-2d2b-46b2-b359-122b434b465f,AN-I4PKIN6B,REC-H2W9FTUQ,Chalet,Chalet spacieux à Annecy,Annecy,74000,1737695830,233074,224,6,False,82 impasse des Lilas,45.891965,6.153777,,Jean Girard,0743263093,,,5,,"Chalet atypique de 224 m² situé à Annecy. Cave et parking inclus. Proche de toutes commodités, transports et écoles. À visiter sans tarder.",,,,,,A,,jean.girard59@example.com,,,,,
fc7d5e9a-6cf4-49e2-8394-84bac373f636,AN-JO4T9J76,REC-H2W9FTUQ,Chalet,Chalet à rafraîchir à Annecy,Annecy,74000,2025-09-03,180324 €,308,5,,,45.905875,6.098016,,Karim Roche,,,,,,"Chalet en excellent état de 308 m² situé à Annecy. Cave et parking inclus. Proche de toutes commodités, transports et écoles. À visiter sans tarder.",,,Clé en Main Immo,,https://exemple-images.test/AN-JO4T9J76/1.jpg; https://exemple-images.test/AN-JO4T9J76/2.jpg; https://exemple-images.test/AN-JO4T9J76/3.jpg; https://exemple-images.test/AN-JO4T9J76/4.jpg; https://exemple-images.test/AN-JO4T9J76/5.jpg,B,1942,karim.roche61@example.com,,,,,
f49adf8a-ec6e-4af3-8052-fce4f9be3d61,AN-LRO0OF8D,REC-H2W9FTUQ,Chalet,Chalet atypique à Annecy,Annecy,74000,06/07/2025,259884,282,8,,16 chemin des Vignes,45.936452,6.089308,,,,,,0,2,,,,,False,,G,,,,,,,
8536b1e2-90f1-4b29-8d05-d973e35ffa23,AN-DAAQ0J4L,REC-H2W9FTUQ,Chalet,Chalet en excellent état à Annecy,Annecy,74000,28 juillet 2025,293279,312,1,,81 place de la Mairie,45.900695,6.145443,,,0649264580,,81.54,2,,"Chalet charmant de 312 m² situé à Annecy. Proche de toutes commodités, transports et écoles. À visiter sans tarder.",,,,,,,2021,,,,,,
d0e8fae3-e20d-4bb7-9eca-aa4795137b6c,AN-FZP8WVV5,REC-H2W9FTUQ,Chalet,Chalet lumineux à Annecy,Annecy,74000,2024-09-02T14:08:10,169463,351,1,False,,,,,Marie Moreau,0236020501,,,5,,"Chalet de standing de 351 m² situé à Annecy. Proche de toutes commodités, transports et écoles. À visiter sans tarder. Travaux à prévoir.",,,Century Habitat,,,D,,marie.moreau32@example.com,,,,,
efa6eaf6-5189-4588-8862-44f9b680d01f,AN-PMNGJBTO,REC-H2W9FTUQ,Chalet,Chalet lumineux à Annecy,Annecy,74000,2025-02-28T17:43:10,236755,262,7,,,45.863707,6.17188,,,0958875549,,,5,RDC,,,,,False,,F,,contact87@example.com,,,,,
f7efff5c-2a88-443d-9d0e-4db8fc34c353,AN-30XUHUXX,REC-H2W9FTUQ,Chalet,Chalet au calme à Annecy,Annecy,74000,12-21-2025,226003,226,5,True,,45.86966,6.177253,,,,,,4,3,"Chalet lumineux de 226 m² situé à Annecy. Cave et parking inclus. Proche de toutes commodités, transports et écoles. À visiter sans tarder.",,,,True,https://exemple-images.test/AN-30XUHUXX/1.jpg; https://exemple-images.test/AN-30XUHUXX/2.jpg; https://exemple-images.test/AN-30XUHUXX/3.jpg; https://exemple-images.test/AN-30XUHUXX/4.jpg; https://exemple-images.test/AN-30XUHUXX/5.jpg,B,,contact31@example.com,,,,,
8764c92a-ca20-4757-9698-e44ba93d8659,AN-2TYGMQZ1,REC-H2W9FTUQ,Chalet,Chalet en excellent état à Annecy,Annecy,74000,2026-05-25T18:53:10,186771,273,5,,,,,,Sophie Fontaine,0175964894,,377.86,1,,"Chalet charmant de 273 m² situé à Annecy. Cave et parking inclus. Proche de toutes commodités, transports et écoles. À visiter sans tarder. Travaux à prévoir.",,,,False,,A,,,,,,,
e8e16f81-3b1f-42f3-a12a-2bf31f2a0e6f,AN-JUMZMLM5,REC-H2W9FTUQ,Chalet,Chalet de standing à Annecy,Annecy,74000,2025-07-12,173777,239,7,,146 rue Victor Hugo,45.851263,6.135461,,,,True,,,,"Chalet atypique de 239 m² situé à Annecy. Cave et parking inclus. Proche de toutes commodités, transports et écoles. À visiter sans tarder.",,,,,https://exemple-images.test/AN-JUMZMLM5/1.jpg; https://exemple-images.test/AN-JUMZMLM5/2.jpg,F,,contact87@example.com,,,,,
57028b6a-068c-4937-a343-1ea17406e423,AN-5209TQDU,REC-H2W9FTUQ,Chalet,Chalet rénové à Annecy,Annecy,74000,28 février 2026,237482,278,1,,103 rue Jean Jaurès,,,,Nadia Martin,0093337024,,267.33,4,dernier étage,,,,Provence Immobilier,,,A,1857,nadia.martin28@example.com,,,,,
0a6fc1da-5ae3-4b26-9d36-e58f2f31c5e7,AN-45Y90V2B,REC-H2W9FTUQ,Chalet,Chalet charmant à Annecy,Annecy,74000,06-30-2025,254908,283,1,,,,,,,0137842015,,185.16,,4,,,,,,https://exemple-images.test/AN-45Y90V2B/1.jpg; https://exemple-images.test/AN-45Y90V2B/2.jpg; https://exemple-images.test/AN-45Y90V2B/3.jpg; https://exemple-images.test/AN-45Y90V2B/4.jpg,B,,contact61@example.com,,,,,
c95bdb6d-3d77-4286-b0b1-56ddf028ff0b,AN-6MI3MZ6E,REC-H2W9FTUQ,Chalet,Chalet atypique à Annecy,Annecy,74000,1740034750,284839 €,287,4,False,,45.887069,6.175055,,,0524992407,,,,,"Chalet à rafraîchir de 287 m² situé à Annecy. Proche de toutes commodités, transports et écoles. À visiter sans tarder. Travaux à prévoir.",,,,True,,C,,,,,,,
4b1aa8ce-daac-401a-87a5-aa23404f89c4,AN-Y3P0XNR5,REC-H2W9FTUQ,Chalet,Chalet avec vue dégagée à Annecy,Annecy,74000,03-20-2025,296806,291,6,,20 rue Victor Hugo,45.877593,6.130132,,Julie Dubois,,,,,2,"Chalet charmant de 291 m² situé à Annecy. Proche de toutes commodités, transports et écoles. À visiter sans tarder.",,,,True,,A,,,,,,,
b7e6884f-09c9-439d-8476-8bb030431e2c,AN-G7LR2066,REC-H2W9FTUQ,Chalet,Chalet à rafraîchir à Annecy,Annecy,74000,2025-04-24T22:53:10,320665 €,318,6,True,127 quai de la Loire,45.888981,6.095258,,Ahmed Lefevre,0423206675,,,1,,"Chalet au calme de 318 m² situé à Annecy. Proche de toutes commodités, transports et écoles. À visiter sans tarder.",,,,,https://exemple-images.test/AN-G7LR2066/1.jpg,G,,ahmed.lefevre12@example.com,,,,,
ad0b38a7-8ff6-46ad-b926-deb6656ad475,AN-O5DOACG4,REC-H2W9FTUQ,Chalet,Chalet rénové à Annecy,Annecy,74000,08/06/2026,316753,259,3,,,,,,,0742763390,,,,1,"Chalet en excellent état de 259 m² situé à Annecy. Proche de toutes commodités, transports et écoles. À visiter sans tarder.",,,,,,F,2020,,,,,,
b90d9e01-e33d-4296-8837-755d83e6cd4a,AN-EC3OHI2Z,REC-H2W9FTUQ,Chalet,Chalet à rafraîchir à Annecy,Annecy,74000,2025-07-09T07:27:10,303903,275,5,,69 chemin des Vignes,45.930284,6.130906,,,0763601094,,,4,3,"Chalet avec vue dégagée de 275 m² situé à Annecy. Proche de toutes commodités, transports et écoles. À visiter sans tarder.",,,,,https://exemple-images.test/AN-EC3OHI2Z/1.jpg,A,,,,,,,
c2f3988e-172c-4460-aba8-6686b26e674c,AN-W6Z0XNLW,REC-H2W9FTUQ,Chalet,Chalet lumineux à Annecy,Annecy,74000,1747891150,272361,245,5,,59 chemin des Vignes,,,,,0346941857,,,,,"Chalet à rafraîchir de 245 m² situé à Annecy. Proche de toutes commodités, transports et écoles. À visiter sans tarder.",,,,True,,B,,contact47@example.com,,,,,
732fe57c-0ed8-4ad8-8431-4ad68e5c8306,AN-DZ9FR2XU,REC-H2W9FTUQ,Chalet,Chalet de standing à Annecy,Annecy,74000,11/07/2026,200502,309,6,,65 rue Jean Jaurès,,,,Jean Bernard,0472308508,,,1,2,"Chalet avec vue dégagée de 309 m² situé à Annecy. Proche de toutes commodités, transports et écoles. À visiter sans tarder.",,,Provence Immobilier,False,https://exemple-images.test/AN-DZ9FR2XU/1.jpg; https://exemple-images.test/AN-DZ9FR2XU/2.jpg,F,,,,,,,
72c039d1-1589-4abd-a33e-a12a9162a35a,AN-AAN0NBKV,REC-H2W9FTUQ,Chalet,Chalet atypique à Annecy,Annecy,74000,2025-03-05T02:27:10,268913 €,313,,,55 chemin des Vignes,45.90704,6.171805,,Nadia Girard,0837030449,,,3,,"Chalet à rafraîchir de 313 m² situé à Annecy. Proche de toutes commodités, transports et écoles. À visiter sans tarder.",,,,False,,A,,nadia.girard86@example.com,,,,,
ee66ad1c-17a7-4367-9f89-2159c8d6fce8,AN-1AVIFOA0,REC-H2W9FTUQ,Chalet,Chalet spacieux à Annecy,Annecy,74000,1777401850,169323,260,7,,,,,,Sophie Perrin,0122195009,,362.96,,1,"Chalet lumineux de 260 m² situé à Annecy. Proche de toutes commodités, transports et écoles. À visiter sans tarder.",,,,False,,E,1995,sophie.perrin94@example.com,,,,,
26f8464e-622f-4d9d-9883-cfdbf139b7e7,AN-QWJMAIPZ,REC-H2W9FTUQ,Chalet,Chalet spacieux à Annecy,Annecy,74000,09/12/2025,304231,341,7,,121 allée des Platanes,,,,Sophie Roche,0955839729,,316.09,,,"Chalet de standing de 341 m² situé à Annecy. Proche de toutes commodités, transports et écoles. À visiter sans tarder.",,,,,,G,,sophie.roche86@example.com,,,,,
b573e11f-9ba3-422f-beaf-2d7b497335b7,AN-9TJBD55D,REC-H2W9FTUQ,Chalet,Chalet charmant à Annecy,Annecy,74000,2026-06-12,175002,348,,False,195 impasse des Lilas,,,,,,,299.42,,,,,,,,,B,,contact18@example.com,,,,,
8894f7e5-b0ae-4f5a-805c-84df1093f64c,AN-PG0AZNDT,REC-H2W9FTUQ,Chalet,Chalet de standing à Annecy,Annecy,74000,28/10/2025,258460,251,4,,199 place de la Mairie,45.940825,6.10951,,,0674446583,True,,,1,"Chalet charmant de 251 m² situé à Annecy. Proche de toutes commodités, transports et écoles. À visiter sans tarder. Travaux à prévoir.",,,,,,B,,,,,,,
374d2dff-5ab9-4f05-9daf-53d1ae9b1a54,AN-PUOPDNAK,REC-H2W9FTUQ,Chalet,Chalet avec vue dégagée à Annecy,Annecy,74000,2024-10-02T03:26:10,232056,362,4,True,,45.912666,6.09685,,,,,,4,dernier étage,"Chalet au calme de 362 m² situé à Annecy. Proche de toutes commodités, transports et écoles. À visiter sans tarder. Travaux à prévoir.",,,Century Habitat,False,,C,,,,,,,
ca874ebf-2712-4062-a478-dbde7463617c,AN-LBK11MLZ,REC-H2W9FTUQ,Chalet,Chalet au calme à Annecy,Annecy,74000,04/10/2024,283436,263,8,,58 chemin des Vignes,,,,,0287382692,,,,1,"Chalet lumineux de 263 m² situé à Annecy. Proche de toutes commodités, transports et écoles. À visiter sans tarder.",,,ImmoPlus,,,A,,,,,,,
6ec772ce-2903-434e-bce7-d5ac6ce55938,AN-560VYGSO,REC-H2W9FTUQ,Chalet,Chalet avec vue dégagée à Annecy,Annecy,74000,2026-03-10,307797 €,360,,True,166 chemin des Vignes,45.921416,6.085961,,,0319958838,,,4,4,"Chalet rénové de 360 m² situé à Annecy. Proche de toutes commodités, transports et écoles. À visiter sans tarder.",,,,,https://exemple-images.test/AN-560VYGSO/1.jpg,B,,contact50@example.com,,,,,
46c40881-b22e-4902-8696-40bb1cf9d3ba,AN-HYP47L32,REC-H2W9FTUQ,Chalet,Chalet spacieux à Annecy,Annecy,74000,2026-01-14T16:46:10,206054,247,6,,133 boulevard Gambetta,,,,Claire Perrin,,,,,2,"Chalet en excellent état de 247 m² situé à Annecy. Proche de toutes commodités, transports et écoles. À visiter sans tarder.",,,ImmoPlus,True,,A,1975,,,,,,
4b9a37f6-4a64-438a-9ab0-9c4db497359d,AN-FD7LYW4D,REC-XV8PS237,Château,Château rénové à Toulouse,Toulouse,31000,2024-12-30,114887,241,2,,,,,,,0489730320,,,1,RDC,"Château de standing de 241 m² situé à Toulouse. Proche de toutes commodités, transports et écoles. À visiter sans tarder.",True,,,False,,A,,,,,,,True
34483309-f114-4a43-8cb5-624c450828df,AN-EA8MXR91,REC-XV8PS237,Château,Château charmant à Toulouse,Toulouse,31000,08/09/2024,124074,199,4,True,,43.600304,1.402682,,Marie Perrin,,True,,2,,"Château charmant de 199 m² situé à Toulouse. Cave et parking inclus. Proche de toutes commodités, transports et écoles. À visiter sans tarder.",True,,Clé en Main Immo,,,A,,marie.perrin12@example.com,,,,,True
d43e6eef-bd38-4c70-a59e-d4068979ea07,AN-SN42P2U3,REC-XV8PS237,Château,Château spacieux à Toulouse,Toulouse,31000,2025-01-06,127337,324,1,,79 avenue des Champs,43.560199,1.472262,,Jean Perrin,,,310.14,3,,,True,,,,,B,1941,jean.perrin23@example.com,,,,,True
5af29c8f-5500-41bd-a830-f79880f96821,AN-ZVB7U60T,REC-XV8PS237,Château,Château rénové à Toulouse,Toulouse,31000,1757979010,130328,232,5,,,,,,,0419342476,True,,1,,"Château en excellent état de 232 m² situé à Toulouse. Proche de toutes commodités, transports et écoles. À visiter sans tarder.",True,,,,,B,1898,contact28@example.com,,,,,True
38e51b70-f327-47ac-92de-942ad091d07a,AN-AYHZ3ST8,REC-XV8PS237,Château,Château atypique à Toulouse,Toulouse,31000,5 mai 2026,108528,329,5,False,113 boulevard Gambetta,43.652076,1.456485,,Karim Lefevre,0753566875,True,,2,0,"Château atypique de 329 m² situé à Toulouse. Cave et parking inclus. Proche de toutes commodités, transports et écoles. À visiter sans tarder.",True,,Toit & Vous,,https://exemple-images.test/AN-AYHZ3ST8/1.jpg; https://exemple-images.test/AN-AYHZ3ST8/2.jpg; https://exemple-images.test/AN-AYHZ3ST8/3.jpg; https://exemple-images.test/AN-AYHZ3ST8/4.jpg,,1979,karim.lefevre92@example.com,,,,,
7c9c87db-09b2-4188-b19f-5426e41fc66b,AN-JHZ9FR4V,REC-XV8PS237,Château,Château spacieux à Toulouse,Toulouse,31000,06/06/2026,91892,314,1,False,26 rue Victor Hugo,,,,,0106380593,,113.59,0,2,"Château rénové de 314 m² situé à Toulouse. Proche de toutes commodités, transports et écoles. À visiter sans tarder. Travaux à prévoir.",,,Nid Doré,,,B,,contact93@example.com,,,,,True
092c60f8-4bba-4f40-a2f5-c03630b6b14b,AN-3GXA7WZS,REC-XV8PS237,Château,Château à rafraîchir à Toulouse,Toulouse,31000,2025-05-08,90975,319,2,,,43.624353,1.455272,,Marc Martin,0151095055,,,,1,"Château en excellent état de 319 m² situé à Toulouse. Proche de toutes commodités, transports et écoles. À visiter sans tarder.",True,,Provence Immobilier,,,A,,marc.martin55@example.com,,,,,True
6f13019a-3e31-4b88-9f89-455db7ee121f,AN-41MH6YL6,REC-XV8PS237,Château,Château atypique à Toulouse,Toulouse,31000,03-15-2026,112400 €,272,2,False,149 rue de la République,,,,Sophie Dubois,0759839955,,,3,,"Château en excellent état de 272 m² situé à Toulouse. Proche de toutes commodités, transports et écoles. À visiter sans tarder.",True,,,False,,B,2018,sophie.dubois55@example.com,,,,,True
79fab594-9b11-476b-bcfe-e014a4e5e0e2,AN-HLJWSP6C,REC-XV8PS237,Château,Château atypique à Toulouse,Toulouse,31000,08-30-2025,104386,263,2,,28 place de la Mairie,43.591609,1.424847,,Claire Dubois,0350229168,,101.48,,3,"Château à rafraîchir de 263 m² situé à Toulouse. Proche de toutes commodités, transports et écoles. À visiter sans tarder.",True,,,True,,A,1999,claire.dubois43@example.com,,,,,True
a35801a9-917a-42b4-a52b-6faa4b63457d,AN-VU0A1IE0,REC-XV8PS237,Château,Château rénové à Toulouse,Toulouse,31000,1784422150,71667,,2,False,126 quai de la Loire,43.576861,1.446078,,,0731983904,True,,,,"Château rénové de 232 m² situé à Toulouse. Cave et parking inclus. Proche de toutes commodités, transports et écoles. À visiter sans tarder.",True,,Provence Immobilier,,https://exemple-images.test/AN-VU0A1IE0/1.jpg; https://exemple-images.test/AN-VU0A1IE0/2.jpg; https://exemple-images.test/AN-VU0A1IE0/3.jpg; https://exemple-images.test/AN-VU0A1IE0/4.jpg,A,,,232,,,,True
fe8ce867-6d1e-42f8-992f-ec0ec5f9d849,AN-3NNKS40D,REC-XV8PS237,Château,Château de standing à Toulouse,Toulouse,31000,2025-12-11,116404,236,5,,,,,,,0076236883,,,2,,"Château de standing de 236 m² situé à Toulouse. Proche de toutes commodités, transports et écoles. À visiter sans tarder.",,,,,,B,1994,,,,,,
89dda068-957e-4c1a-abba-59edb7a0493c,AN-X772DZKU,REC-XV8PS237,Château,Château à rafraîchir à Toulouse,Toulouse,31000,2026-07-19,134857,277,1,,,43.560508,1.484852,,Karim Roche,0237445902,,,4,,"Château spacieux de 277 m² situé à Toulouse. Proche de toutes commodités, transports et écoles. À visiter sans tarder.",,,,,,B,,karim.roche66@example.com,,,,,
74cc5844-c931-468f-856d-16a6c5d67513,AN-U7A0R89Z,REC-XV8PS237,Château,Château en excellent état à Toulouse,Toulouse,31000,16/11/2025,139860,190,1,,,,,,Nadia Lefevre,,,,,dernier étage,"Château charmant de 190 m² situé à Toulouse. Cave et parking inclus. Proche de toutes commodités, transports et écoles. À visiter sans tarder.",,,,False,https://exemple-images.test/AN-U7A0R89Z/1.jpg; https://exemple-images.test/AN-U7A0R89Z/2.jpg; https://exemple-images.test/AN-U7A0R89Z/3.jpg; https://exemple-images.test/AN-U7A0R89Z/4.jpg,B,,,,,,,True
999c9caf-3eb9-44fe-bb2d-7c9aca49a9f0,AN-QJN7FH0W,REC-XV8PS237,Château,Château lumineux à Toulouse,Toulouse,31000,12-02-2024,77086,235,3,True,,,,,Nadia Faure,0205575031,,,4,,,True,,Nid Doré,,,A,,,,,,,True
04e0b7d6-509c-4f87-9302-2f8f71c6fd52,AN-ZV1NPETD,REC-XV8PS237,Château,Château en excellent état à Toulouse,Toulouse,31000,08-24-2026,134863,219,2,,154 rue Pasteur,43.606403,1.483213,,Marc Perrin,,,,3,1,,True,,,True,,B,,,,,,,True
ed8c938a-38af-4a73-9f2c-c68990e33ae4,AN-4U71LV19,REC-XV8PS237,Château,Château atypique à Toulouse,Toulouse,31000,2026-06-25,137930,272,2,,199 rue Jean Jaurès,43.581496,1.421111,,Marc Bernard,,True,,,,"Château rénové de 272 m² situé à Toulouse. Proche de toutes commodités, transports et écoles. À visiter sans tarder.",True,,,,,B,,marc.bernard44@example.com,,,,,True
5de0eb1b-83e6-497c-adaf-da91baf9be94,AN-GIXFDQQK,REC-XV8PS237,Château,Château lumineux à Toulouse,Toulouse,31000,09/06/2026,100798,197,3,,173 rue Victor Hugo,43.626071,1.454809,,,0325067937,,,,dernier étage,"Château au calme de 197 m² situé à Toulouse. Proche de toutes commodités, transports et écoles. À visiter sans tarder. Travaux à prévoir.",True,,,True,,B,,contact85@example.com,,,,,True
b62418bc-0d38-4d6f-9036-93ca73a2d618,AN-4NGNG133,REC-XV8PS237,Château,Château au calme à Toulouse,Toulouse,31000,7 mai 2026,129831 €,252,3,,,,,,Marie Perrin,0406367513,True,,,,,True,,,,,A,1881,,,,,,True
dcb0765d-0af9-4faa-85fc-f057921c966d,AN-Q04NABAA,REC-XV8PS237,Château,Château charmant à Toulouse,Toulouse,31000,29/11/2025,82261,308,1,,20 rue Victor Hugo,,,,,0196477582,,126.52,2,,"Château lumineux de 308 m² situé à Toulouse. Proche de toutes commodités, transports et écoles. À visiter sans tarder.",,,,False,,A,,,,,,,True
0dfd9484-fecc-4106-a1af-c80f0a39f63f,AN-F6DAIW7L,REC-XV8PS237,Château,Château spacieux à Toulouse,Toulouse,31000,1732335130,103337,253,5,False,105 rue du Commerce,43.599365,1.48707,,Karim Moreau,,,,0,1,,True,,,,,A,2023,,,,,,True
10f416d0-750e-4375-8239-1ac2c486e021,AN-G6JUD3JO,REC-XV8PS237,Château,Château en excellent état à Toulouse,Toulouse,31000,2024-10-12T23:33:10,129074 €,278,3,,,,,,Karim Perrin,,,,2,,"Château au calme de 278 m² situé à Toulouse. Proche de toutes commodités, transports et écoles. À visiter sans tarder. Travaux à prévoir.",True,,,True,,B,,karim.perrin43@example.com,,,,,
41ddb235-1939-41ca-9a1a-f76c9ce556dc,AN-ZX57Q0CO,REC-XV8PS237,Château,Château au calme à Toulouse,Toulouse,31000,2025-01-29,106369,314,2,True,83 quai de la Loire,,,,,0831541049,,,2,,,True,,,False,,A,,contact17@example.com,,,,,True
70140542-beb5-4aa6-8dc0-407df606878e,AN-I89F8ZPP,REC-XV8PS237,Château,Château lumineux à Toulouse,Toulouse,31000,2026-06-10T11:15:10,119986,193,3,,,,,,Marc Perrin,0191690974,True,,,,"Château lumineux de 193 m² situé à Toulouse. Proche de toutes commodités, transports et écoles. À visiter sans tarder.",True,,,,,B,,,,,,,True
ab2ba12e-11d4-4d11-89cd-2c99205f98d8,AN-8XK6EY14,REC-XV8PS237,Château,Château charmant à Toulouse,Toulouse,31000,06/08/2026,132289,252,2,,,43.565437,1.48136,,,0238675090,,,4,,"Château atypique de 252 m² situé à Toulouse. Cave et parking inclus. Proche de toutes commodités, transports et écoles. À visiter sans tarder. Travaux à prévoir.",True,,,True,,B,1856,,,,,,True
0de70e3d-e5e6-4cce-9e57-c7cea2466c7d,AN-VZCHJF6E,REC-XV8PS237,Château,Château lumineux à Toulouse,Toulouse,31000,08-29-2025,77103,187,1,,113 rue de la République,43.647548,1.453578,,Karim Moreau,0018592572,True,,5,5,"Château de standing de 187 m² situé à Toulouse. Proche de toutes commodités, transports et écoles. À visiter sans tarder.",True,,ImmoPlus,,,,,,,,,,
63213284-8754-4055-8457-24722850859f,AN-W863N0ML,REC-XV8PS237,Château,Château spacieux à Toulouse,Toulouse,31000,1785204730,99244,327,1,True,,43.581201,1.462046,,Ahmed Roche,0897274973,True,,0,3,,True,,Clé en Main Immo,,,,1851,,,,,,True
b2e60db5-f766-4c74-a789-ff0c52762d98,AN-9A9H5I8E,REC-XV8PS237,Château,Château au calme à Toulouse,Toulouse,31000,2025-01-17T07:25:10,140044,188,4,,,43.571708,1.460587,,Marc Roche,0986215569,,,1,,"Château lumineux de 188 m² situé à Toulouse. Proche de toutes commodités, transports et écoles. À visiter sans tarder.",True,,,False,,B,,marc.roche62@example.com,,,,,True
d0851daf-0d91-400d-9855-0b4693de2d87,AN-2RZMZ6HA,REC-XV8PS237,Château,Château à rafraîchir à Toulouse,Toulouse,31000,1756070890,117169,,4,,45 rue Victor Hugo,,,,Jean Bernard,0418608180,True,156.01,3,RDC,"Château charmant de 292 m² situé à Toulouse. Proche de toutes commodités, transports et écoles. À visiter sans tarder.",,,,,,B,1928,,292,,,,True
3df4b43d-7271-4f50-86cc-276a5af03213,AN-7PS07ZLZ,REC-XV8PS237,Château,Château lumineux à Toulouse,Toulouse,31000,04/09/2025,135529,268,3,,166 rue du Commerce,,,,,0683166662,,,0,5,,True,,Nid Doré,False,,B,,contact36@example.com,,,,,True
3dc78d6d-e0c5-45ed-b4a8-c6d89042249d,AN-8KJKJGWF,REC-XV8PS237,Château,Château en excellent état à Toulouse,Toulouse,31000,01/08/2026,88343,302,2,False,,43.603845,1.483378,,,,,,1,5,"Château lumineux de 302 m² situé à Toulouse. Proche de toutes commodités, transports et écoles. À visiter sans tarder. Travaux à prévoir.",,,,True,https://exemple-images.test/AN-8KJKJGWF/1.jpg,B,1901,contact13@example.com,,,,,True
d807305c-88f3-49ea-88b3-f999fd8228cb,AN-DNOZ605I,REC-XV8PS237,Château,Château atypique à Toulouse,Toulouse,31000,23 novembre 2025,109984,284,1,,27 rue Jean Jaurès,,,,,0089521054,,,,,,True,,,True,https://exemple-images.test/AN-DNOZ605I/1.jpg; https://exemple-images.test/AN-DNOZ605I/2.jpg; https://exemple-images.test/AN-DNOZ605I/3.jpg; https://exemple-images.test/AN-DNOZ605I/4.jpg; https://exemple-images.test/AN-DNOZ605I/5.jpg,A,,,,,,,True
cec06e0f-af37-40fc-90fc-86e093b8223e,AN-Y5F2C4MR,REC-XV8PS237,Château,Château avec vue dégagée à Toulouse,Toulouse,31000,07/05/2026,120901,195,4,,,,,,Jean Moreau,0351437981,,,,,"Château charmant de 195 m² situé à Toulouse. Cave et parking inclus. Proche de toutes commodités, transports et écoles. À visiter sans tarder. Travaux à prévoir.",True,,,False,,A,2001,,,,,,True
d9baf4a8-dc37-4508-9c95-24b350e34add,AN-4SAE3KMP,REC-XV8PS237,Château,Château avec vue dégagée à Toulouse,Toulouse,31000,2025-09-13T02:49:10,99838,291,3,,144 rue Pasteur,,,,,0880758329,,,3,5,"Château avec vue dégagée de 291 m² situé à Toulouse. Proche de toutes commodités, transports et écoles. À visiter sans tarder. Travaux à prévoir.",True,,,True,,A,1896,,,,,,True
f8638e8b-2629-49e9-b75e-b6e82dcf866d,AN-RP2VKUEJ,REC-XV8PS237,Château,Château lumineux à Toulouse,Toulouse,31000,07/09/2024,105319,260,5,True,,,,,Nadia Perrin,0636039520,,,,,"Château rénové de 260 m² situé à Toulouse. Proche de toutes commodités, transports et écoles. À visiter sans tarder. Travaux à prévoir.",True,,,False,,B,,,,,,,True
086ceee8-8ce2-48d6-9148-1a91cb0d2f99,AN-D711121C,REC-XV8PS237,Château,Château avec vue dégagée à Toulouse,Toulouse,31000,12-22-2024,98359,256,4,True,20 boulevard Gambetta,,,,Sophie Faure,0734237191,,,,,"Château à rafraîchir de 256 m² situé à Toulouse. Proche de toutes commodités, transports et écoles. À visiter sans tarder.",True,,,,https://exemple-images.test/AN-D711121C/1.jpg; https://exemple-images.test/AN-D711121C/2.jpg; https://exemple-images.test/AN-D711121C/3.jpg,A,,sophie.faure48@example.com,,,,,True
7c0154b3-be71-46f4-a047-5a693035622f,AN-PS2XS2T6,REC-XV8PS237,Château,Château rénové à Toulouse,Toulouse,31000,23/10/2025,104900 €,283,5,,,,,,Julie Martin,0523568268,,,,,"Château au calme de 283 m² situé à Toulouse. Proche de toutes commodités, transports et écoles. À visiter sans tarder.",True,,Nid Doré,True,,B,2017,julie.martin8@example.com,,,,,True
e4dc4cb5-5d61-4cbf-969b-cc05a129b13b,AN-1YGWVQMN,REC-XV8PS237,Château,Château lumineux à Toulouse,Toulouse,31000,05-09-2026,117899,318,4,,35 boulevard Gambetta,43.595226,1.398299,,Julie Moreau,,,,0,,"Château à rafraîchir de 318 m² situé à Toulouse. Cave et parking inclus. Proche de toutes commodités, transports et écoles. À visiter sans tarder.",True,,,,https://exemple-images.test/AN-1YGWVQMN/1.jpg; https://exemple-images.test/AN-1YGWVQMN/2.jpg; https://exemple-images.test/AN-1YGWVQMN/3.jpg; https://exemple-images.test/AN-1YGWVQMN/4.jpg,A,1897,julie.moreau36@example.com,,,,,True
39a20f8b-d8a9-4d24-a768-9e57aa96ee80,AN-H5JXE6JI,REC-XV8PS237,Château,Château de standing à Toulouse,Toulouse,31000,1743237910,100712,250,1,,53 boulevard Gambetta,43.596372,1.439343,,Marie Bernard,0397743999,,,0,,"Château de standing de 250 m² situé à Toulouse. Proche de toutes commodités, transports et écoles. À visiter sans tarder. Travaux à prévoir.",True,,,False,,A,,,,,,,True
192cb9fc-7e83-4b86-ad77-741689be0163,AN-QWRGQSM8,REC-XV8PS237,Château,Château rénové à Toulouse,Toulouse,31000,1729083550,125169,228,1,,,,,,,0705739064,,207.61,,RDC,"Château rénové de 228 m² situé à Toulouse. Proche de toutes commodités, transports et écoles. À visiter sans tarder.",True,,Clé en Main Immo,False,,A,,,,,,,
cac66eee-6ab5-4935-a743-57ca98581bdd,AN-8OYNV1PH,REC-XV8PS237,Château,Château avec vue dégagée à Toulouse,Toulouse,31000,1748133070,81172,241,1,,139 avenue des Champs,43.609051,1.430067,,Marie Dubois,0869029126,,,0,,,True,,Century Habitat,,,B,,,,,,,True
f803d9a9-2825-405d-be82-8b4d620219f6,AN-BBJRH7JH,REC-XV8PS237,Château,Château lumineux à Toulouse,Toulouse,31000,2026-01-12T09:17:10,128955,301,2,,125 allée des Platanes,43.573749,1.40796,,Marc Moreau,,,300.42,,,"Château avec vue dégagée de 301 m² situé à Toulouse. Cave et parking inclus. Proche de toutes commodités, transports et écoles. À visiter sans tarder.",True,,,,https://exemple-images.test/AN-BBJRH7JH/1.jpg; https://exemple-images.test/AN-BBJRH7JH/2.jpg,B,1962,,,,,,
3af67fad-5173-4528-a94c-3e25c506365c,AN-1V43DVW9,REC-XV8PS237,Château,Château au calme à Toulouse,Toulouse,31000,08-26-2025,73226,243,2,,,,,,,0118769093,,,,dernier étage,"Château lumineux de 243 m² situé à Toulouse. Cave et parking inclus. Proche de toutes commodités, transports et écoles. À visiter sans tarder.",True,,,False,,A,,contact57@example.com,,,,,
631ef01c-b049-4d34-8aa6-687fbf46df98,AN-1W6KNWRH,REC-XV8PS237,Château,Château de standing à Toulouse,Toulouse,31000,06/01/2026,125070,295,1,False,194 rue Jean Jaurès,,,,Marie Fontaine,0837908200,,,1,,"Château à rafraîchir de 295 m² situé à Toulouse. Proche de toutes commodités, transports et écoles. À visiter sans tarder.",True,,,,,B,,,,,,,True
9697d289-65f0-4d6a-89e0-e0e72a9a493e,AN-UTZXLPC9,REC-XV8PS237,Château,Château de standing à Toulouse,Toulouse,31000,2025-08-28T10:20:10,96304,261,1,,191 rue du Commerce,,,,,0629497791,,,,0,"Château avec vue dégagée de 261 m² situé à Toulouse. Proche de toutes commodités, transports et écoles. À visiter sans tarder.",True,,,,,B,1897,,,,,,True
bc2cab5f-7a79-4aee-99e9-934072033ab4,AN-MSBGKW6P,REC-XV8PS237,Château,Château avec vue dégagée à Toulouse,Toulouse,31000,03-19-2026,106790,,5,,4 rue du Commerce,,,,,0854944158,True,,1,,"Château au calme de 188 m² situé à Toulouse. Proche de toutes commodités, transports et écoles. À visiter sans tarder.",,,ImmoPlus,,,B,,,188,,,,True
5a07f69d-e834-45c4-9874-8ccbe31f4b6d,AN-EUTV7OKM,REC-XV8PS237,Château,Château au calme à Toulouse,Toulouse,31000,1770315910,129376,304,2,,,,,,Sophie Faure,0412417261,,,,2,"Château à rafraîchir de 304 m² situé à Toulouse. Proche de toutes commodités, transports et écoles. À visiter sans tarder.",True,,,,,A,,sophie.faure78@example.com,,,,,True
4d64a62a-e4cb-4f2e-b6fe-020cd624fc63,AN-KFYA88D3,REC-XV8PS237,Château,Château au calme à Toulouse,Toulouse,31000,12/10/2025,119726,226,2,,41 rue de la République,43.615553,1.402167,,Marie Perrin,,,,4,,,True,,,,,B,,marie.perrin10@example.com,,,,,
5d34a559-36c6-4ddb-b717-b016e33cd269,AN-OL7N99JV,REC-XV8PS237,Château,Château lumineux à Toulouse,Toulouse,31000,18/02/2025,121139,185,5,,17 place de la Mairie,43.589204,1.414868,,Claire Roche,0850358852,,,,5,"Château lumineux de 185 m² situé à Toulouse. Cave et parking inclus. Proche de toutes commodités, transports et écoles. À visiter sans tarder.",True,,Toit & Vous,,,B,,,,,,,True
4ea989aa-decb-4c68-8c33-7f381d7dc523,AN-UAMCEFVV,REC-XV8PS237,Château,Château avec vue dégagée à Toulouse,Toulouse,31000,2026-03-11T09:56:10,82363,284,1,,94 impasse des Lilas,43.638844,1.478427,,Claire Bernard,0055311257,,,,,,True,,Nid Doré,,,A,1887,claire.bernard96@example.com,,,,,
a862309d-6e4e-420a-a9f0-af444326466c,AN-OG0NVVJ1,REC-XV8PS237,Château,Château en excellent état à Toulouse,Toulouse,31000,2026-08-18,81396,224,5,,,43.584167,1.414637,,Julie Moreau,,,,3,,"Château atypique de 224 m² situé à Toulouse. Cave et parking inclus. Proche de toutes commodités, transports et écoles. À visiter sans tarder. Travaux à prévoir.",True,,,True,,A,,julie.moreau60@example.com,,,,,True
2e55e5e9-54ed-4e0d-afce-6e66f5bddcf8,AN-TVPMZ5MP,REC-XV8PS237,Château,Château avec vue dégagée à Toulouse,Toulouse,31000,2025-01-23T06:58:10,89994,237,5,False,86 impasse des Lilas,,,,Jean Fontaine,0415573677,,,2,,"Château au calme de 237 m² situé à Toulouse. Proche de toutes commodités, transports et écoles. À visiter sans tarder. Travaux à prévoir.",True,,Provence Immobilier,False,,,,,,,,,True
973546c1-f70d-4797-85ba-741efc16ba43,AN-I3GEPYU7,REC-XV8PS237,Château,Château lumineux à Toulouse,Toulouse,31000,2025-01-13T23:54:10,129053,316,4,True,,43.562132,1.479218,,,0532637828,True,260.04,,5,"Château à rafraîchir de 316 m² situé à Toulouse. Proche de toutes commodités, transports et écoles. À visiter sans tarder.",True,,,,,A,,contact38@example.com,,,,,True
7c5791ad-00dd-4b1c-970a-fac242218887,AN-MF3IQZQM,REC-XV8PS237,Château,Château à rafraîchir à Toulouse,Toulouse,31000,11-26-2024,124837 €,321,2,,,,,,,0479068552,,,,3,"Château spacieux de 321 m² situé à Toulouse. Proche de toutes commodités, transports et écoles. À visiter sans tarder.",True,,,,,A,,,,,,,True
80704b49-6a5a-422b-8eab-8007da57d0d1,AN-SQ59Z0SE,REC-XV8PS237,Château,Château atypique à Toulouse,Toulouse,31000,05-20-2026,101182,187,5,True,200 rue Pasteur,43.586988,1.48865,,Nadia Lefevre,0928254699,True,,,,"Château rénové de 187 m² situé à Toulouse. Proche de toutes commodités, transports et écoles. À visiter sans tarder.",True,,,,,A,1850,,,,,,True
36283921-cc13-4fd8-b664-7377a3a67a9e,AN-4V49UOPY,REC-XV8PS237,Château,Château avec vue dégagée à Toulouse,Toulouse,31000,1750235950,133078,264,2,True,86 rue Jean Jaurès,,,,,,,199.28,,2,"Château au calme de 264 m² situé à Toulouse. Cave et parking inclus. Proche de toutes commodités, transports et écoles. À visiter sans tarder.",True,,,False,,A,,contact92@example.com,,,,,True
dab5a276-7684-497c-81ad-ed0489550de8,AN-19QKQQEC,REC-XV8PS237,Château,Château charmant à Toulouse,Toulouse,31000,08-20-2025,72933,,3,,,43.619071,1.484713,,Luc Perrin,0112706296,,207.74,1,0,"Château en excellent état de 328 m² situé à Toulouse. Proche de toutes commodités, transports et écoles. À visiter sans tarder.",True,,,,,A,,,328,,,,True
4960af09-1b58-40da-8890-1e6db0fe5f4f,AN-GZPIDMLO,REC-XV8PS237,Château,Château en excellent état à Toulouse,Toulouse,31000,1738945750,72183,,2,,33 impasse des Lilas,43.597533,1.403475,,,0145552685,,,,,"Château lumineux de 290 m² situé à Toulouse. Cave et parking inclus. Proche de toutes commodités, transports et écoles. À visiter sans tarder.",,,Toit & Vous,,,B,,,290,,,,True
50b289e9-6d2f-4ed7-b6c2-b71201772620,AN-PWPNTJ5P,REC-XV8PS237,Château,Château lumineux à Toulouse,Toulouse,31000,29 mai 2025,131892 €,320,4,,,,,,Marie Martin,0756779454,,,,,"Château au calme de 320 m² situé à Toulouse. Proche de toutes commodités, transports et écoles. À visiter sans tarder.",True,,Toit & Vous,,,A,1942,marie.martin20@example.com,,,,,
85f92f83-a592-4bc0-a650-0b7aabab84df,AN-MEHYSIMB,REC-XV8PS237,Château,Château au calme à Toulouse,Toulouse,31000,2024-11-03T21:57:10,129381,,3,,159 quai de la Loire,43.64211,1.487514,,,0239905809,,,,,"Château avec vue dégagée de 206 m² situé à Toulouse. Proche de toutes commodités, transports et écoles. À visiter sans tarder.",True,,,True,,A,,contact62@example.com,206,,,,True
fa72ffd2-dff6-4ca5-847b-ccf9dfdf4c2c,AN-P1WHO1MO,REC-XV8PS237,Château,Château spacieux à Toulouse,Toulouse,31000,2026-03-26,102708,196,2,,18 place de la Mairie,,,,Julie Martin,0582468367,,,4,,"Château atypique de 196 m² situé à Toulouse. Proche de toutes commodités, transports et écoles. À visiter sans tarder.",True,,Toit & Vous,,https://exemple-images.test/AN-P1WHO1MO/1.jpg; https://exemple-images.test/AN-P1WHO1MO/2.jpg; https://exemple-images.test/AN-P1WHO1MO/3.jpg; https://exemple-images.test/AN-P1WHO1MO/4.jpg; https://exemple-images.test/AN-P1WHO1MO/5.jpg,B,,julie.martin69@example.com,,,,,True
a2d4cb4b-051c-416a-b799-568f33148fae,AN-V042G04W,REC-XV8PS237,Château,Château avec vue dégagée à Toulouse,Toulouse,31000,4 juin 2026,117305,325,5,False,,43.601575,1.408003,,Marc Bernard,0452231653,,,0,4,"Château de standing de 325 m² situé à Toulouse. Proche de toutes commodités, transports et écoles. À visiter sans tarder.",True,,Provence Immobilier,True,,A,1937,,,,,,True
b31aa545-aada-46f2-abe5-180cb8943b42,AN-V3G5I9TR,REC-XV8PS237,Château,Château à rafraîchir à Toulouse,Toulouse,31000,20 novembre 2024,116570,254,4,,,43.650274,1.459187,,Luc Roche,0505792094,,,,5,"Château lumineux de 254 m² situé à Toulouse. Proche de toutes commodités, transports et écoles. À visiter sans tarder.",True,,,,,B,1901,,,,,,True
ecdb6abb-e426-4f34-a6c3-02ab48eae0ac,AN-5ZGX4I5A,REC-XV8PS237,Château,Château de standing à Toulouse,Toulouse,31000,03-28-2025,87344 €,317,2,,,,,,,0699529909,True,,1,5,"Château en excellent état de 317 m² situé à Toulouse. Proche de toutes commodités, transports et écoles. À visiter sans tarder.",True,,Provence Immobilier,,,B,1881,contact2@example.com,,,,,True
9db29e6e-4011-4457-bc8d-91e875901c98,AN-J2QLDCUR,REC-XV8PS237,Château,Château lumineux à Toulouse,Toulouse,31000,2025-11-04,135573 €,210,5,True,109 allée des Platanes,43.629636,1.429945,,,0563515585,,,2,,"Château atypique de 210 m² situé à Toulouse. Cave et parking inclus. Proche de toutes commodités, transports et écoles. À visiter sans tarder. Travaux à prévoir.",True,,,True,,B,,,,,,,True
7b0ffe8e-0ec6-4930-bb83-49216f0ff231,AN-ISE0Y2R1,REC-XV8PS237,Château,Château avec vue dégagée à Toulouse,Toulouse,31000,06-06-2026,139894 €,205,4,,75 boulevard Gambetta,,,,Marie Girard,,,,,,"Château charmant de 205 m² situé à Toulouse. Proche de toutes commodités, transports et écoles. À visiter sans tarder.",True,,,,,B,,marie.girard1@example.com,,,,,True
4c9f6440-d620-45be-9022-e7184525f753,AN-53ED5HUX,REC-XV8PS237,Château,Château en excellent état à Toulouse,Toulouse,31000,1743478270,71228,249,1,,,,,,Karim Moreau,0340967952,,,,,"Château rénové de 249 m² situé à Toulouse. Proche de toutes commodités, transports et écoles. À visiter sans tarder.",True,,,,,A,1970,,,,,,True
3a612480-b6c9-4bc4-abb6-4d16b9237e64,AN-D6SG4ZYR,REC-XV8PS237,Château,Château en excellent état à Toulouse,Toulouse,31000,1740482290,73833,303,1,,116 rue du Commerce,,,,Nadia Lefevre,,,,1,,"Château spacieux de 303 m² situé à Toulouse. Proche de toutes commodités, transports et écoles. À visiter sans tarder.",True,,,,,A,,nadia.lefevre57@example.com,,,,,True
c6c0cfdd-1516-41e9-84c6-1acc272047f6,AN-U8LR8M55,REC-XV8PS237,Château,Château de standing à Toulouse,Toulouse,31000,2025-09-29,122466,,2,,,,,,Karim Faure,0242495379,,,3,5,"Château charmant de 319 m² situé à Toulouse. Proche de toutes commodités, transports et écoles. À visiter sans tarder.",True,,Century Habitat,True,,B,,karim.faure93@example.com,319,,,,True
0da7abda-a6b5-4269-a4e7-4f968e1bc0c0,AN-571VLD4Q,REC-XV8PS237,Château,Château rénové à Toulouse,Toulouse,31000,2025-09-14T15:51:10,132230,246,4,False,138 rue Pasteur,,,,Sophie Martin,0816974989,,,,3,"Château lumineux de 246 m² situé à Toulouse. Proche de toutes commodités, transports et écoles. À visiter sans tarder.",True,,,True,,A,2007,,,,,,True
a124da6f-28d5-46ff-bc9e-cf0d3323f5e5,AN-EMWW7DAH,REC-XV8PS237,Château,Château à rafraîchir à Toulouse,Toulouse,31000,04-28-2025,93158,229,5,,46 impasse des Lilas,,,,,,,,,0,"Château de standing de 229 m² situé à Toulouse. Cave et parking inclus. Proche de toutes commodités, transports et écoles. À visiter sans tarder. Travaux à prévoir.",True,,,,https://exemple-images.test/AN-EMWW7DAH/1.jpg; https://exemple-images.test/AN-EMWW7DAH/2.jpg,B,,contact2@example.com,,,,,True
59fee6c1-6306-41a5-adf2-37bf73080336,AN-5D19DISN,REC-XV8PS237,Château,Château charmant à Toulouse,Toulouse,31000,2025-09-17T16:55:10,91753,254,1,,88 avenue des Champs,43.585315,1.428484,,,,True,361.21,4,4,"Château au calme de 254 m² situé à Toulouse. Proche de toutes commodités, transports et écoles. À visiter sans tarder.",True,,Century Habitat,,,A,1927,,,,,,True
121bcbf6-6a49-4e3b-a840-d466d63510eb,AN-ZUD4JWPD,REC-XV8PS237,Château,Château avec vue dégagée à Toulouse,Toulouse,31000,07-28-2025,103825 €,,4,,100 chemin des Vignes,43.616711,1.426905,,Nadia Fontaine,0784353504,,,,,,True,,Century Habitat,False,,B,,,272,,,,True
e202c8e7-3390-4890-bfc0-5e78dca18404,AN-HIPIIA3Z,REC-XV8PS237,Château,Château avec vue dégagée à Toulouse,Toulouse,31000,1753962430,77747 €,252,4,,,,,,Ahmed Roche,,,,4,2,"Château rénové de 252 m² situé à Toulouse. Cave et parking inclus. Proche de toutes commodités, transports et écoles. À visiter sans tarder.",,,ImmoPlus,,,A,,,,,,,True
799560f6-8024-4268-a5a3-e45e46c6b586,AN-BHY9L1CJ,REC-XV8PS237,Château,Château lumineux à Toulouse,Toulouse,31000,30/03/2026,97880,215,2,False,195 impasse des Lilas,,,,,0495242910,,,,0,"Château charmant de 215 m² situé à Toulouse. Proche de toutes commodités, transports et écoles. À visiter sans tarder.",True,,ImmoPlus,,,B,1937,,,,,,True
2cc05ae8-7863-4722-89e5-25668bcfc54c,AN-KH7HNF3I,REC-XV8PS237,Château,Château lumineux à Toulouse,Toulouse,31000,25 décembre 2025,99820,,3,True,59 rue Victor Hugo,,,,Nadia Roche,,,,,RDC,"Château de standing de 259 m² situé à Toulouse. Cave et parking inclus. Proche de toutes commodités, transports et écoles. À visiter sans tarder.",True,,,True,,G,,nadia.roche6@example.com,259,,,,True
03c61960-d091-4df9-ac88-bb1976f3e379,AN-ZY4HYUEC,REC-XV8PS237,Château,Château lumineux à Toulouse,Toulouse,31000,1730633290,79192,263,5,,,,,,,,,,0,,"Château rénové de 263 m² situé à Toulouse. Proche de toutes commodités, transports et écoles. À visiter sans tarder.",True,,,True,,A,,,,,,,True
a3312eae-c9f9-494c-8649-29dedeb664a0,AN-G2ELMANT,REC-XV8PS237,Château,Château au calme à Toulouse,Toulouse,31000,2026-05-03T19:23:10,138272,280,2,False,,43.595461,1.477237,,Sophie Moreau,0242956603,,,0,,"Château au calme de 280 m² situé à Toulouse. Proche de toutes commodités, transports et écoles. À visiter sans tarder.",,,Nid Doré,,,B,,sophie.moreau88@example.com,,,,,
83f757bb-fc58-45ea-ad47-cbbcf92a8330,AN-CXOVY4M5,REC-XV8PS237,Château,Château à rafraîchir à Toulouse,Toulouse,31000,1780663870,88185,323,3,,54 impasse des Lilas,43.623257,1.472215,,Karim Dubois,0566772847,True,,3,dernier étage,"Château spacieux de 323 m² situé à Toulouse. Cave et parking inclus. Proche de toutes commodités, transports et écoles. À visiter sans tarder.",True,,,,,B,1852,,,,,,True
d592b769-6b93-44ee-92a4-c8b68ba9e90e,AN-D53SO24B,REC-XV8PS237,Château,Château de standing à Toulouse,Toulouse,31000,2026-03-16T21:52:10,127139,266,4,,40 boulevard Gambetta,43.613341,1.492738,,,0992741938,,,,,,True,,Provence Immobilier,False,,B,,contact31@example.com,,,,,True
70535d2c-2a2b-4816-a81c-59b0d0735f34,AN-0WS9HDLB,REC-XV8PS237,Château,Château lumineux à Toulouse,Toulouse,31000,2026-08-15T01:09:10,92208,290,4,,,,,,,,,,0,,"Château en excellent état de 290 m² situé à Toulouse. Proche de toutes commodités, transports et écoles. À visiter sans tarder.",,,,False,,B,,contact55@example.com,,,,,True
7098021f-c54d-4db1-848e-6da259f42653,AN-CRF9TGXB,REC-XV8PS237,Château,Château charmant à Toulouse,Toulouse,31000,2025-05-15T17:11:10,126491,198,4,True,,,,,Jean Girard,0490399114,True,,2,,"Château charmant de 198 m² situé à Toulouse. Proche de toutes commodités, transports et écoles. À visiter sans tarder.",True,,,,,A,,jean.girard86@example.com,,,,,
95efce8b-0d08-4f89-8284-bf6a30bd2f69,AN-JBCE9SWA,REC-XV8PS237,Château,Château rénové à Toulouse,Toulouse,31000,19 juin 2026,93654,277,3,True,,,,,Claire Roche,0027563387,,,4,,"Château de standing de 277 m² situé à Toulouse. Cave et parking inclus. Proche de toutes commodités, transports et écoles. À visiter sans tarder.",True,,,False,,B,1954,,,,,,
4d1113c2-2650-41a8-8062-1a3d04cdbb1d,AN-6BYNX494,REC-XV8PS237,Château,Château spacieux à Toulouse,Toulouse,31000,2026-05-27,81329,258,2,True,186 rue Pasteur,,,,,0009856749,,292.72,1,,,True,,,,https://exemple-images.test/AN-6BYNX494/1.jpg; https://exemple-images.test/AN-6BYNX494/2.jpg,B,,,,,,,True
49b35d61-f320-4b7a-b9af-1a52055eca78,AN-QXDC2WTD,REC-XV8PS237,Château,Château atypique à Toulouse,Toulouse,31000,2026-07-08T07:20:10,80519,,5,,,,,,Luc Roche,,True,,,2,"Château à rafraîchir de 236 m² situé à Toulouse. Proche de toutes commodités, transports et écoles. À visiter sans tarder. Travaux à prévoir.",True,,,,https://exemple-images.test/AN-QXDC2WTD/1.jpg,A,1911,,236,,,,True
3192647c-97a6-44eb-a0d1-58aa3ed036c4,AN-YSQ16GHK,REC-XV8PS237,Château,Château de standing à Toulouse,Toulouse,31000,2024-09-07T19:05:10,102552,289,4,,38 rue de la République,43.567767,1.433293,,Karim Bernard,0889077955,,,,dernier étage,"Château spacieux de 289 m² situé à Toulouse. Proche de toutes commodités, transports et écoles. À visiter sans tarder. Travaux à prévoir.",,,,False,https://exemple-images.test/AN-YSQ16GHK/1.jpg; https://exemple-images.test/AN-YSQ16GHK/2.jpg; https://exemple-images.test/AN-YSQ16GHK/3.jpg; https://exemple-images.test/AN-YSQ16GHK/4.jpg,B,,karim.bernard73@example.com,,,,,
d89d547e-f16b-41e3-90be-1de7a9fa8ac3,AN-BZO4AIUE,REC-XV8PS237,Château,Château charmant à Toulouse,Toulouse,31000,2024-09-11T04:32:10,78415,277,1,,77 place de la Mairie,,,,,0550263172,,,,5,"Château en excellent état de 277 m² situé à Toulouse. Proche de toutes commodités, transports et écoles. À visiter sans tarder.",True,,Clé en Main Immo,True,,A,,,,,,,True
e4e54abe-a678-476c-9059-42aa6f04b97d,AN-E4IM3OFI,REC-XV8PS237,Château,Château avec vue dégagée à Toulouse,Toulouse,31000,2026-01-30,124709,201,5,,41 quai de la Loire,43.595563,1.461063,,Jean Perrin,0156547375,,,,,"Château au calme de 201 m² situé à Toulouse. Cave et parking inclus. Proche de toutes commodités, transports et écoles. À visiter sans tarder.",True,,,True,https://exemple-images.test/AN-E4IM3OFI/1.jpg; https://exemple-images.test/AN-E4IM3OFI/2.jpg; https://exemple-images.test/AN-E4IM3OFI/3.jpg; https://exemple-images.test/AN-E4IM3OFI/4.jpg,B,,jean.perrin51@example.com,,,,,True
f7b2dc5e-e7a8-4a51-8bab-02fd5d957702,AN-JHD18T08,REC-XV8PS237,Château,Château à rafraîchir à Toulouse,Toulouse,31000,23/04/2025,129485,325,5,,,43.602237,1.447281,,,,,,3,,,True,,Nid Doré,,https://exemple-images.test/AN-JHD18T08/1.jpg,C,,,,,,,True
ef944c28-38cc-4e74-9f5f-ea6384d24241,AN-0GO0F1IT,REC-XV8PS237,Château,Château au calme à Toulouse,Toulouse,31000,01-20-2026,104074 €,233,1,True,102 rue Pasteur,,,,Jean Perrin,0009618685,,,,dernier étage,,,,,,https://exemple-images.test/AN-0GO0F1IT/1.jpg; https://exemple-images.test/AN-0GO0F1IT/2.jpg,A,2001,jean.perrin47@example.com,,,,,
79b0a0d2-4a49-4ee3-be05-f4000217753c,AN-YIPCTXCS,REC-XV8PS237,Château,Château en excellent état à Toulouse,Toulouse,31000,1784318710,87493,209,4,True,,,,,,0036855865,,,0,RDC,"Château de standing de 209 m² situé à Toulouse. Proche de toutes commodités, transports et écoles. À visiter sans tarder. Travaux à prévoir.",True,,Provence Immobilier,,https://exemple-images.test/AN-YIPCTXCS/1.jpg,A,,contact14@example.com,,,,,True
217c8710-ec54-4a9b-a44c-54bffad29c0b,AN-E1DKAZ7I,REC-XV8PS237,Château,Château à rafraîchir à Toulouse,Toulouse,31000,2026-07-28,133866,210,4,False,156 place de la Mairie,43.576159,1.45017,,Marc Girard,0843771059,,,2,0,"Château de standing de 210 m² situé à Toulouse. Proche de toutes commodités, transports et écoles. À visiter sans tarder.",,,,True,,A,,,,,,,True
2df5c174-c31d-4558-8c3f-411646b1825e,AN-UGKD0AV0,REC-XV8PS237,Château,Château rénové à Toulouse,Toulouse,31000,2025-03-09,97855,,5,False,63 boulevard Gambetta,,,,,,,72.34,0,,"Château atypique de 306 m² situé à Toulouse. Proche de toutes commodités, transports et écoles. À visiter sans tarder.",True,,Toit & Vous,True,,A,,contact12@example.com,306,,,,True
c0bb4f69-00c2-443d-9d69-76d8186f01e8,AN-J24LFFWQ,REC-XV8PS237,Château,Château atypique à Toulouse,Toulouse,31000,1 mai 2026,115231,291,4,,129 rue Jean Jaurès,43.614251,1.41484,,Karim Lefevre,0462720353,,,,,"Château avec vue dégagée de 291 m² situé à Toulouse. Proche de toutes commodités, transports et écoles. À visiter sans tarder.",True,,,True,https://exemple-images.test/AN-J24LFFWQ/1.jpg; https://exemple-images.test/AN-J24LFFWQ/2.jpg,A,,karim.lefevre94@example.com,,,,,True
e62c8271-c606-4ae7-b953-c57647c607a2,AN-IA69BV6T,REC-XV8PS237,Château,Château à rafraîchir à Toulouse,Toulouse,31000,27/02/2025,110323 €,205,1,,,,,,Marie Bernard,0702306195,,,0,,"Château au calme de 205 m² situé à Toulouse. Cave et parking inclus. Proche de toutes commodités, transports et écoles. À visiter sans tarder.",True,,ImmoPlus,True,,B,,marie.bernard3@example.com,,,,,True
dd46d3f1-1daf-47bf-a4b6-66cc62e31753,AN-M00IXACW,REC-XV8PS237,Château,Château en excellent état à Toulouse,Toulouse,31000,2024-12-05,133065 €,281,4,,,43.647551,1.475029,,,0744205912,,,,,"Château atypique de 281 m² situé à Toulouse. Cave et parking inclus. Proche de toutes commodités, transports et écoles. À visiter sans tarder.",True,,,False,https://exemple-images.test/AN-M00IXACW/1.jpg; https://exemple-images.test/AN-M00IXACW/2.jpg; https://exemple-images.test/AN-M00IXACW/3.jpg; https://exemple-images.test/AN-M00IXACW/4.jpg,B,1958,,,,,,True
9bcb273c-932c-4aed-8bac-d01f480cb86e,AN-OL82TF16,REC-XV8PS237,Château,Château à rafraîchir à Toulouse,Toulouse,31000,29 décembre 2025,131079,197,4,True,,,,,,,,96.53,,dernier étage,"Château à rafraîchir de 197 m² situé à Toulouse. Cave et parking inclus. Proche de toutes commodités, transports et écoles. À visiter sans tarder.",True,,Clé en Main Immo,False,,A,2023,contact2@example.com,,,,,True
4c9b5188-42b9-44d9-a48b-642b62d6a94c,AN-T45A36ZR,REC-XV8PS237,Château,Château en excellent état à Toulouse,Toulouse,31000,2025-01-12T00:09:10,137803 €,285,4,,81 boulevard Gambetta,,,,Sophie Perrin,,,,,,"Château spacieux de 285 m² situé à Toulouse. Proche de toutes commodités, transports et écoles. À visiter sans tarder.",True,,,True,,A,,,,,,,True
a9aa4209-aec0-43d8-a106-296f8e6c3d87,AN-7CYPKI1L,REC-XV8PS237,Château,Château en excellent état à Toulouse,Toulouse,31000,25 juin 2026,89996,226,2,,,43.58015,1.40131,,Sophie Dubois,,,266.92,4,,,True,,,,https://exemple-images.test/AN-7CYPKI1L/1.jpg; https://exemple-images.test/AN-7CYPKI1L/2.jpg; https://exemple-images.test/AN-7CYPKI1L/3.jpg; https://exemple-images.test/AN-7CYPKI1L/4.jpg,,,,,,,,True
94fe53d5-9e5c-4112-9821-7c87ebccb71f,AN-QJZC2NUX,REC-XV8PS237,Château,Château de standing à Toulouse,Toulouse,31000,2025-11-24,74492 €,235,5,False,,,,,Karim Lefevre,0316594684,,,2,,"Château charmant de 235 m² situé à Toulouse. Cave et parking inclus. Proche de toutes commodités, transports et écoles. À visiter sans tarder. Travaux à prévoir.",True,,ImmoPlus,True,,A,,karim.lefevre23@example.com,,,,,True
3e4b331c-6fa7-40ac-aa70-a74b60522502,AN-BMC0SJS0,REC-XV8PS237,Château,Château lumineux à Toulouse,Toulouse,31000,11 janvier 2025,140245,190,2,,183 rue Victor Hugo,43.576323,1.485148,,Claire Girard,0123796446,,262.28,,dernier étage,"Château à rafraîchir de 190 m² situé à Toulouse. Proche de toutes commodités, transports et écoles. À visiter sans tarder. Travaux à prévoir.",True,,Nid Doré,,,C,,,,,,,True
c723950f-0b0f-4f1b-afe1-7760c7d2a066,AN-MLCVWULQ,REC-XV8PS237,Château,Château lumineux à Toulouse,Toulouse,31000,01-01-2025,106199,207,1,,,,,,Marie Faure,0232022834,True,,2,1,"Château lumineux de 207 m² situé à Toulouse. Proche de toutes commodités, transports et écoles. À visiter sans tarder.",True,,Provence Immobilier,,,B,,,,,,,True
a40e25b2-8f42-4bab-879b-e4e1dddde818,AN-D68ETB61,REC-XV8PS237,Château,Château charmant à Toulouse,Toulouse,31000,18 juillet 2026,134786,194,2,True,22 rue Victor Hugo,43.625232,1.489154,,,0469989705,,,4,4,"Château charmant de 194 m² situé à Toulouse. Proche de toutes commodités, transports et écoles. À visiter sans tarder.",True,,ImmoPlus,,https://exemple-images.test/AN-D68ETB61/1.jpg; https://exemple-images.test/AN-D68ETB61/2.jpg; https://exemple-images.test/AN-D68ETB61/3.jpg; https://exemple-images.test/AN-D68ETB61/4.jpg,A,,contact92@example.com,,,,,True
2f59f640-4272-4811-a666-ce568371a3c3,AN-41H3WL74,REC-XV8PS237,Château,Château en excellent état à Toulouse,Toulouse,31000,07-27-2026,136735,,5,,126 rue Jean Jaurès,,,,Marc Girard,0667577654,,,,,"Château spacieux de 200 m² situé à Toulouse. Cave et parking inclus. Proche de toutes commodités, transports et écoles. À visiter sans tarder.",True,,ImmoPlus,,,,,,200,,,,True
a1a5da30-76d0-4d55-8fa2-30d3dcc3d8b4,AN-NMN6POVK,REC-XV8PS237,Château,Château charmant à Toulouse,Toulouse,31000,1731658750,77479 €,269,2,,5 chemin des Vignes,43.561305,1.485085,,,0731901890,,,,,"Château spacieux de 269 m² situé à Toulouse. Cave et parking inclus. Proche de toutes commodités, transports et écoles. À visiter sans tarder.",True,,ImmoPlus,,,B,,,,,,,True
7c160ee2-205f-43c2-9f53-e64813489999,AN-0V8LHBHJ,REC-XV8PS237,Château,Château atypique à Toulouse,Toulouse,31000,9 mars 2025,106530,207,4,True,,,,,,0557742378,True,54.53,,RDC,,True,,,,https://exemple-images.test/AN-0V8LHBHJ/1.jpg; https://exemple-images.test/AN-0V8LHBHJ/2.jpg; https://exemple-images.test/AN-0V8LHBHJ/3.jpg,A,2003,,,,,,True
0e3297a9-de78-4eff-998b-9ac052f0c9f7,AN-NGHAHV9W,REC-XV8PS237,Château,Château à rafraîchir à Toulouse,Toulouse,31000,16 octobre 2024,119120,260,5,,67 quai de la Loire,,,,Claire Moreau,0909685431,,,1,2,"Château en excellent état de 260 m² situé à Toulouse. Proche de toutes commodités, transports et écoles. À visiter sans tarder.",True,,,,,A,,claire.moreau90@example.com,,,,,
2289218a-5650-42fe-8af3-fb1032a129ac,AN-LVSFHZHU,REC-XV8PS237,Château,Château en excellent état à Toulouse,Toulouse,31000,2026-03-11T17:34:10,134259,,1,False,,,,,Marie Lefevre,,,316.78,2,5,"Château au calme de 278 m² situé à Toulouse. Proche de toutes commodités, transports et écoles. À visiter sans tarder. Travaux à prévoir.",True,,Century Habitat,,,,,,278,,,,True
d140b44c-bb43-42ef-ab0a-5e50aed926e6,AN-H19RI847,REC-XV8PS237,Château,Château charmant à Toulouse,Toulouse,31000,6 janvier 2026,71750 €,284,1,,,43.650068,1.450948,,,,,385.33,,,"Château spacieux de 284 m² situé à Toulouse. Cave et parking inclus. Proche de toutes commodités, transports et écoles. À visiter sans tarder.",True,,,False,https://exemple-images.test/AN-H19RI847/1.jpg; https://exemple-images.test/AN-H19RI847/2.jpg,B,,contact5@example.com,,,,,True
a7bc4d54-beba-4672-900f-f3bae115a609,AN-NEF3NAMK,REC-XV8PS237,Château,Château atypique à Toulouse,Toulouse,31000,23 avril 2026,82253,200,2,,17 place de la Mairie,,,,Sophie Dubois,0111516012,True,,,,"Château atypique de 200 m² situé à Toulouse. Proche de toutes commodités, transports et écoles. À visiter sans tarder. Travaux à prévoir.",True,,,,https://exemple-images.test/AN-NEF3NAMK/1.jpg,B,,,,,,,True
b53c2ca9-21fc-4a2e-880d-2c93b97289a3,AN-OTDF14AC,REC-XV8PS237,Château,Château au calme à Toulouse,Toulouse,31000,1785859090,130448,234,4,,80 allée des Platanes,,,,Karim Bernard,0617316056,True,,,,,,,,,https://exemple-images.test/AN-OTDF14AC/1.jpg; https://exemple-images.test/AN-OTDF14AC/2.jpg; https://exemple-images.test/AN-OTDF14AC/3.jpg; https://exemple-images.test/AN-OTDF14AC/4.jpg,B,,karim.bernard32@example.com,,,,,True
ebc6ba87-ed3d-4ed5-8bb1-6ea95ddbda87,AN-T4V1U6UR,REC-XV8PS237,Château,Château lumineux à Toulouse,Toulouse,31000,1743140170,133583,288,1,,22 rue du Commerce,43.557203,1.408889,,Nadia Roche,,,,3,,,True,,,True,https://exemple-images.test/AN-T4V1U6UR/1.jpg; https://exemple-images.test/AN-T4V1U6UR/2.jpg; https://exemple-images.test/AN-T4V1U6UR/3.jpg,B,,,,,,,True
a31b19e6-aa06-45c1-aaf6-284182d33a4a,AN-MHZHKAW2,REC-XV8PS237,Château,Château au calme à Toulouse,Toulouse,31000,1765144090,128284,210,4,True,,,,,Karim Girard,,,342.77,5,,,True,,,,https://exemple-images.test/AN-MHZHKAW2/1.jpg; https://exemple-images.test/AN-MHZHKAW2/2.jpg; https://exemple-images.test/AN-MHZHKAW2/3.jpg; https://exemple-images.test/AN-MHZHKAW2/4.jpg,B,1891,karim.girard6@example.com,,,,,
8984a44b-3228-412f-8914-46f6650ab567,AN-8D73O13V,REC-XV8PS237,Château,Château en excellent état à Toulouse,Toulouse,31000,2 octobre 2024,121388 €,325,1,False,93 impasse des Lilas,,,,Karim Faure,,,,1,2,,True,,Nid Doré,,https://exemple-images.test/AN-8D73O13V/1.jpg; https://exemple-images.test/AN-8D73O13V/2.jpg; https://exemple-images.test/AN-8D73O13V/3.jpg; https://exemple-images.test/AN-8D73O13V/4.jpg; https://exemple-images.test/AN-8D73O13V/5.jpg,B,1936,karim.faure9@example.com,,,,,True
39d45190-1ede-4c6e-9b66-3ccba378fb2e,AN-ISHK9ZN6,REC-XV8PS237,Château,Château de standing à Toulouse,Toulouse,31000,1770211150,93061,297,2,,,43.609461,1.401162,,,0207142511,,,4,,,True,,ImmoPlus,True,,F,,contact73@example.com,,,,,
b90c6ef6-03b6-4397-b080-7abf4dbad370,AN-TALVX9XB,REC-XV8PS237,Château,Château atypique à Toulouse,Toulouse,31000,2026-01-06,82848,282,5,True,,43.598548,1.412163,,,0103787792,,,1,0,,,,,False,,B,,contact25@example.com,,,,,True
faa20e01-0411-447c-a449-dc258997eeab,AN-DIN7891Z,REC-XV8PS237,Château,Château avec vue dégagée à Toulouse,Toulouse,31000,19 juin 2026,136392,278,3,,70 allée des Platanes,43.599052,1.475367,,,0489443682,,,,RDC,"Château au calme de 278 m² situé à Toulouse. Proche de toutes commodités, transports et écoles. À visiter sans tarder.",True,,,,,B,,contact48@example.com,,,,,True
956ddafb-49bf-430c-b7c8-4fede327509f,AN-W12JNIJW,REC-XV8PS237,Château,Château rénové à Toulouse,Toulouse,31000,04/10/2025,129975,261,4,,111 rue du Commerce,43.566526,1.443121,,Sophie Lefevre,0628535602,,,,,"Château à rafraîchir de 261 m² situé à Toulouse. Cave et parking inclus. Proche de toutes commodités, transports et écoles. À visiter sans tarder.",True,,ImmoPlus,,,A,1910,,,,,,True
c306e390-a5d5-4c59-bbc8-40ab8bde97f5,AN-6073I30N,REC-XV8PS237,Château,Château lumineux à Toulouse,Toulouse,31000,9 novembre 2024,117963,184,2,,,,,,Julie Bernard,0225851031,,,,RDC,,,,Toit & Vous,,https://exemple-images.test/AN-6073I30N/1.jpg,D,,,,,,,True
c5e957ba-e3ef-4b4d-ba1d-9a97c6c32d35,AN-GQI46CNS,REC-XV8PS237,Château,Château à rafraîchir à Toulouse,Toulouse,31000,1749132670,93531,265,1,,6 chemin des Vignes,43.623492,1.427414,,,0722414677,True,,,,,True,,Century Habitat,,,B,,contact3@example.com,,,,,True
58375d60-aa75-4cc9-8246-e9ae8b515d7c,AN-481NDK27,REC-XV8PS237,Château,Château en excellent état à Toulouse,Toulouse,31000,06-25-2026,137386,217,2,True,24 allée des Platanes,,,,,,,,0,0,"Château de standing de 217 m² situé à Toulouse. Cave et parking inclus. Proche de toutes commodités, transports et écoles. À visiter sans tarder.",True,,,False,,A,2014,contact70@example.com,,,,,True
77ffc4af-3fbc-479a-abf9-d70d33e8e0b3,AN-DIILULKV,REC-XV8PS237,Château,Château lumineux à Toulouse,Toulouse,31000,2024-09-17T01:51:10,76613,267,3,,72 quai de la Loire,43.580246,1.448709,,,,True,341.13,4,,"Château lumineux de 267 m² situé à Toulouse. Proche de toutes commodités, transports et écoles. À visiter sans tarder.",,,,,,B,,,,,,,True
388dc913-676b-4916-ace5-bfac0478baa3,AN-NOZ5TH2Q,REC-XV8PS237,Château,Château rénové à Toulouse,Toulouse,31000,11 août 2026,78310 €,286,2,,82 chemin des Vignes,43.562879,1.44294,,,0002067718,,82.45,0,,"Château de standing de 286 m² situé à Toulouse. Cave et parking inclus. Proche de toutes commodités, transports et écoles. À visiter sans tarder. Travaux à prévoir.",True,,,,https://exemple-images.test/AN-NOZ5TH2Q/1.jpg; https://exemple-images.test/AN-NOZ5TH2Q/2.jpg; https://exemple-images.test/AN-NOZ5TH2Q/3.jpg,A,,contact57@example.com,,,,,True
5e1a936a-0a91-49b0-b526-6078d06ed0ff,AN-8HU450ML,REC-XV8PS237,Château,Château atypique à Toulouse,Toulouse,31000,2026-04-09T20:08:10,136590,259,4,,,43.642205,1.433919,,Jean Faure,0068398794,,,,,"Château rénové de 259 m² situé à Toulouse. Proche de toutes commodités, transports et écoles. À visiter sans tarder. Travaux à prévoir.",True,,Provence Immobilier,,,B,,jean.faure22@example.com,,,,,True
2e8d3470-b8f1-4483-9199-4b9bb7efeac1,AN-NC5YXXCU,REC-XV8PS237,Château,Château avec vue dégagée à Toulouse,Toulouse,31000,2025-11-13,101221 €,195,5,,31 allée des Platanes,43.57105,1.454662,,Luc Fontaine,0889419348,,,3,RDC,"Château à rafraîchir de 195 m² situé à Toulouse. Cave et parking inclus. Proche de toutes commodités, transports et écoles. À visiter sans tarder.",True,,,,,,1892,,,,,,True
2f7628d7-435e-4414-92e3-da0cbb0abf7e,AN-PPQSQMFJ,REC-XV8PS237,Château,Château en excellent état à Toulouse,Toulouse,31000,2025-02-09,117863,271,3,False,23 place de la Mairie,43.629525,1.400515,,Marie Girard,,,,,,"Château en excellent état de 271 m² situé à Toulouse. Proche de toutes commodités, transports et écoles. À visiter sans tarder.",True,,,False,,A,,marie.girard70@example.com,,,,,True
5c02a56f-8c19-44aa-9074-f980ddea251b,AN-ZC6H7UX1,REC-XV8PS237,Château,Château charmant à Toulouse,Toulouse,31000,2024-10-26,79313,296,4,True,140 rue Jean Jaurès,,,,Jean Lefevre,,,,2,dernier étage,"Château avec vue dégagée de 296 m² situé à Toulouse. Proche de toutes commodités, transports et écoles. À visiter sans tarder.",True,,,,,B,,jean.lefevre51@example.com,,,,,True
9a924f80-db06-4fba-b76e-f9da5791ce58,AN-6EJX8BNC,REC-XV8PS237,Château,Château de standing à Toulouse,Toulouse,31000,07-02-2025,85060,313,1,True,176 allée des Platanes,,,,Claire Fontaine,,,,,,"Château atypique de 313 m² situé à Toulouse. Proche de toutes commodités, transports et écoles. À visiter sans tarder.",True,,Clé en Main Immo,,,A,,claire.fontaine56@example.com,,,,,True
529305b8-bb79-45b5-b9b5-b2b8fb53b389,AN-5ZZYQLNI,REC-XV8PS237,Château,Château rénové à Toulouse,Toulouse,31000,2024-11-10,122192,265,2,False,,43.596596,1.488006,,Jean Girard,,,134.27,1,3,"Château à rafraîchir de 265 m² situé à Toulouse. Proche de toutes commodités, transports et écoles. À visiter sans tarder. Travaux à prévoir.",True,,,True,,,1894,,,,,,True
e0fcc40f-0254-46cd-981f-c55593a58fdd,AN-MOBO6BP6,REC-XV8PS237,Château,Château au calme à Toulouse,Toulouse,31000,16 décembre 2024,99158,188,3,,,43.649206,1.467979,,Marc Roche,0165348822,,,5,,"Château spacieux de 188 m² situé à Toulouse. Proche de toutes commodités, transports et écoles. À visiter sans tarder.",True,,,True,,B,,,,,,,True
4c272b18-2534-476b-a37b-70edc3ea7c3a,AN-I69BNG4M,REC-XV8PS237,Château,Château lumineux à Toulouse,Toulouse,31000,2025-08-10T14:43:10,117519 €,264,5,,189 rue de la République,,,,,0786979150,,,,,"Château au calme de 264 m² situé à Toulouse. Proche de toutes commodités, transports et écoles. À visiter sans tarder.",True,,,True,,B,,,,,,,True
000fb828-dfc3-44c4-b1ee-fcf9603df5f7,AN-2MUMHKLS,REC-XV8PS237,Château,Château lumineux à Toulouse,Toulouse,31000,10/02/2026,78030,319,5,False,55 chemin des Vignes,,,,,0346313622,,,,,"Château charmant de 319 m² situé à Toulouse. Cave et parking inclus. Proche de toutes commodités, transports et écoles. À visiter sans tarder.",,,,False,https://exemple-images.test/AN-2MUMHKLS/1.jpg; https://exemple-images.test/AN-2MUMHKLS/2.jpg,B,2018,contact15@example.com,,,,,True
fa6398e4-35d2-47a0-a183-87371d88a7b6,AN-KWN21AXD,REC-XV8PS237,Château,Château à rafraîchir à Toulouse,Toulouse,31000,06-22-2025,114068,201,3,,,43.583334,1.413201,,Marie Bernard,0261847353,,,,5,,True,,,True,,B,1946,marie.bernard28@example.com,,,,,True
0ba8ae8b-dd9c-4280-9383-1eae00ef249b,AN-CPRWUW18,REC-XV8PS237,Château,Château en excellent état à Toulouse,Toulouse,31000,30 décembre 2025,112453,202,5,False,27 rue Victor Hugo,,,,Sophie Dubois,0990385158,,,,2,"Château en excellent état de 202 m² situé à Toulouse. Cave et parking inclus. Proche de toutes commodités, transports et écoles. À visiter sans tarder.",,,,True,,A,,,,,,,
da92db27-14ab-44cc-afb7-e2d799404dd0,AN-RRLJQJ4Z,REC-XV8PS237,Château,Château atypique à Toulouse,Toulouse,31000,2024-10-16,79328,276,2,,106 place de la Mairie,43.636917,1.403345,,Marc Roche,,,,,,"Château avec vue dégagée de 276 m² situé à Toulouse. Cave et parking inclus. Proche de toutes commodités, transports et écoles. À visiter sans tarder.",,,,False,,A,,marc.roche81@example.com,,,,,True
18797118-e0e2-4534-8a6d-3aff47d8b135,AN-VQG02Q2T,REC-XV8PS237,Château,Château spacieux à Toulouse,Toulouse,31000,5 avril 2026,109093,256,2,False,92 quai de la Loire,43.579254,1.477485,,Ahmed Martin,0481120589,,,,,"Château spacieux de 256 m² situé à Toulouse. Cave et parking inclus. Proche de toutes commodités, transports et écoles. À visiter sans tarder.",True,,,,https://exemple-images.test/AN-VQG02Q2T/1.jpg; https://exemple-images.test/AN-VQG02Q2T/2.jpg,A,1897,,,,,,True
c4a8c408-1f68-4bb8-9f5b-0327b77b997f,AN-TC2SXMZL,REC-XV8PS237,Château,Château au calme à Toulouse,Toulouse,31000,2025-06-01,126602,240,2,,,43.58019,1.470979,,Julie Lefevre,0081542202,,145.69,,,,,,ImmoPlus,,,B,1858,,,,,,True
64b51fc3-0b08-4646-aca2-8a93fb6ff196,AN-SYZAJWQ9,REC-XV8PS237,Château,Château en excellent état à Toulouse,Toulouse,31000,14 novembre 2025,87348,291,1,True,195 rue Pasteur,,,,,0357339706,,359.89,5,3,"Château de standing de 291 m² situé à Toulouse. Proche de toutes commodités, transports et écoles. À visiter sans tarder.",True,,,,,A,1855,,,,,,True
e600c7bf-171f-426e-bb04-f5923f40aaab,AN-GEGAI32U,REC-XV8PS237,Château,Château avec vue dégagée à Toulouse,Toulouse,31000,2026-05-25,86630,255,3,,,43.563104,1.429484,,,,,,,,"Château spacieux de 255 m² situé à Toulouse. Proche de toutes commodités, transports et écoles. À visiter sans tarder.",True,,Toit & Vous,,https://exemple-images.test/AN-GEGAI32U/1.jpg; https://exemple-images.test/AN-GEGAI32U/2.jpg; https://exemple-images.test/AN-GEGAI32U/3.jpg; https://exemple-images.test/AN-GEGAI32U/4.jpg; https://exemple-images.test/AN-GEGAI32U/5.jpg,,,,,,,,True
e81bf65e-c793-4327-9b9a-8669e525fb3e,AN-ZR9VUETC,REC-XV8PS237,Château,Château lumineux à Toulouse,Toulouse,31000,2025-02-22T17:13:10,119844,222,5,False,34 rue Victor Hugo,43.630269,1.429288,,Luc Lefevre,,,84.67,,3,"Château avec vue dégagée de 222 m² situé à Toulouse. Proche de toutes commodités, transports et écoles. À visiter sans tarder.",True,,ImmoPlus,,,B,,luc.lefevre69@example.com,,,,,True
7a71fd5a-0156-442a-aef2-d26df7f4a1e8,AN-BTTPVRO6,REC-XV8PS237,Château,Château rénové à Toulouse,Toulouse,31000,30 novembre 2025,98046 €,309,4,True,34 avenue des Champs,,,,,0543899613,True,,0,,,True,,Clé en Main Immo,,https://exemple-images.test/AN-BTTPVRO6/1.jpg; https://exemple-images.test/AN-BTTPVRO6/2.jpg; https://exemple-images.test/AN-BTTPVRO6/3.jpg; https://exemple-images.test/AN-BTTPVRO6/4.jpg; https://exemple-images.test/AN-BTTPVRO6/5.jpg,B,1895,contact95@example.com,,,,,True
cdde302f-a3fa-4421-a772-d5f60230d4aa,AN-8RBGS0Z3,REC-XV8PS237,Château,Château lumineux à Toulouse,Toulouse,31000,2025-08-03,90491 €,,5,True,179 rue Pasteur,,,,,,,,4,1,,True,,,,,B,,,252,,,,True
8d60f89a-c8cc-4839-bbfb-b69a66edb87c,AN-UI906ALE,REC-XV8PS237,Château,Château avec vue dégagée à Toulouse,Toulouse,31000,2026-03-12T05:16:10,77693 €,306,2,,,,,,,,True,,,,"Château en excellent état de 306 m² situé à Toulouse. Proche de toutes commodités, transports et écoles. À visiter sans tarder. Travaux à prévoir.",,,,,,A,1939,,,,,,True
0e0d89fd-e189-410f-a12d-22fe16775303,AN-VS5F13Q1,REC-XV8PS237,Château,Château avec vue dégagée à Toulouse,Toulouse,31000,2025-11-22,100125,199,2,True,64 rue Jean Jaurès,43.572856,1.434024,,,0932347925,,,2,RDC,"Château au calme de 199 m² situé à Toulouse. Cave et parking inclus. Proche de toutes commodités, transports et écoles. À visiter sans tarder.",True,,Toit & Vous,True,,B,,,,,,,True
290ef29f-3ada-4663-8ca2-fe3cfaa017f1,AN-9DW3E7XR,REC-XV8PS237,Château,Château rénové à Toulouse,Toulouse,31000,1780039150,72010,228,1,,,43.646441,1.446724,,,0202471055,,,,,,True,,,True,,B,,,,,,,True
7f1e695e-2e30-474c-a218-b90c9cb912ac,AN-54ZQ4TPP,REC-XV8PS237,Château,Château charmant à Toulouse,Toulouse,31000,2026-01-28T09:12:10,122206,280,2,False,5 rue Victor Hugo,,,,Luc Moreau,0605001537,,,,,,True,,Century Habitat,,,D,1965,,,,,,True
6646f298-bdbc-47c0-90ab-22908dae0faa,AN-B2XHWK3W,REC-XV8PS237,Château,Château lumineux à Toulouse,Toulouse,31000,11-19-2025,97620 €,261,1,,,43.629971,1.406053,,,0455670217,,,,,"Château charmant de 261 m² situé à Toulouse. Cave et parking inclus. Proche de toutes commodités, transports et écoles. À visiter sans tarder.",True,,,False,https://exemple-images.test/AN-B2XHWK3W/1.jpg; https://exemple-images.test/AN-B2XHWK3W/2.jpg,A,1892,,,,,,True
7358a493-7e7c-4ed3-a25d-70db7bf86f51,AN-Q6HTG2FJ,REC-XV8PS237,Château,Château à rafraîchir à Toulouse,Toulouse,31000,15 septembre 2024,107649 €,314,3,,54 place de la Mairie,,,,,,,,2,,"Château spacieux de 314 m² situé à Toulouse. Cave et parking inclus. Proche de toutes commodités, transports et écoles. À visiter sans tarder.",True,,ImmoPlus,False,,B,,contact27@example.com,,,,,True
ddd3a91e-51b8-4afa-82ab-b54727d28e24,AN-GYGYSK28,REC-XV8PS237,Château,Château en excellent état à Toulouse,Toulouse,31000,08/03/2025,138469,214,2,False,,43.611422,1.432294,,Luc Dubois,0871721363,,68.42,5,1,"Château à rafraîchir de 214 m² situé à Toulouse. Proche de toutes commodités, transports et écoles. À visiter sans tarder.",True,,Toit & Vous,True,https://exemple-images.test/AN-GYGYSK28/1.jpg; https://exemple-images.test/AN-GYGYSK28/2.jpg,B,,luc.dubois63@example.com,,,,,True
d0c327b8-99ce-4579-8b22-22b3ff9ef400,AN-I5GAHL5Z,REC-XV8PS237,Château,Château rénové à Toulouse,Toulouse,31000,1785672910,91816,296,5,,,43.608424,1.449564,,Nadia Girard,0888758553,,,1,,,,,Nid Doré,False,https://exemple-images.test/AN-I5GAHL5Z/1.jpg; https://exemple-images.test/AN-I5GAHL5Z/2.jpg; https://exemple-images.test/AN-I5GAHL5Z/3.jpg; https://exemple-images.test/AN-I5GAHL5Z/4.jpg; https://exemple-images.test/AN-I5GAHL5Z/5.jpg,A,,nadia.girard65@example.com,,,,,
7a766905-5a0e-491c-8fad-e03ec6d397ce,AN-IEPW5QBA,REC-XV8PS237,Château,Château à rafraîchir à Toulouse,Toulouse,31000,5 octobre 2025,74955,194,4,,18 place de la Mairie,43.582579,1.47896,,,,,,5,dernier étage,"Château au calme de 194 m² situé à Toulouse. Cave et parking inclus. Proche de toutes commodités, transports et écoles. À visiter sans tarder.",True,,,False,,A,,contact28@example.com,,,,,True
349b82fe-11c0-4e0e-89af-aea3321d6ddb,AN-GTZIM4IX,REC-XV8PS237,Château,Château de standing à Toulouse,Toulouse,31000,2024-09-26T21:51:10,74078,274,2,,25 rue Jean Jaurès,43.562529,1.467418,,Julie Moreau,0519058868,True,,5,3,,,,,,,A,2015,,,,,,True
a56ff332-193c-4537-b62b-b3a97213118c,AN-5WSMPFOC,REC-XV8PS237,Château,Château à rafraîchir à Toulouse,Toulouse,31000,8 août 2025,103710,304,1,,,,,,Julie Bernard,0424930866,,,1,4,"Château au calme de 304 m² situé à Toulouse. Proche de toutes commodités, transports et écoles. À visiter sans tarder.",True,,,,,A,,,,,,,True
a1abb96f-d38e-4dd1-99fa-70e52d110a01,AN-H5HPGIEQ,REC-XV8PS237,Château,Château avec vue dégagée à Toulouse,Toulouse,31000,2024-11-09,84041,270,5,False,,43.564172,1.445599,,Luc Girard,0059277914,,,,0,"Château en excellent état de 270 m² situé à Toulouse. Cave et parking inclus. Proche de toutes commodités, transports et écoles. À visiter sans tarder.",True,,,True,,A,,luc.girard61@example.com,,,,,True
23a70edd-3090-49a9-9b76-465409142e97,AN-XXA7HDGW,REC-XV8PS237,Château,Château de standing à Toulouse,Toulouse,31000,21 février 2026,84202,196,2,,123 chemin des Vignes,,,,Karim Dubois,0491346138,,,2,1,"Château spacieux de 196 m² situé à Toulouse. Proche de toutes commodités, transports et écoles. À visiter sans tarder.",True,,Toit & Vous,,https://exemple-images.test/AN-XXA7HDGW/1.jpg,A,,karim.dubois18@example.com,,,,,True
5aa7546b-22fd-4944-964b-e145133e330d,AN-9XFU5Z6U,REC-XV8PS237,Château,Château rénové à Toulouse,Toulouse,31000,2026-03-15T21:01:10,110713,230,5,,163 impasse des Lilas,43.576747,1.418464,,Julie Bernard,0695247539,True,,,,"Château spacieux de 230 m² situé à Toulouse. Proche de toutes commodités, transports et écoles. À visiter sans tarder.",True,,,,,A,,,,,,,True
261a2afe-8eae-4d5e-b330-84b26e7723d1,AN-WHM7HU53,REC-XV8PS237,Château,Château lumineux à Toulouse,Toulouse,31000,1738237690,107091,266,2,True,194 allée des Platanes,,,,Marie Moreau,0483067762,,,,1,"Château spacieux de 266 m² situé à Toulouse. Proche de toutes commodités, transports et écoles. À visiter sans tarder.",True,,Toit & Vous,True,,B,,,,,,,
5d5b0543-64df-4b0a-a82f-678e6477f2f2,AN-XJDRLYFH,REC-XV8PS237,Château,Château atypique à Toulouse,Toulouse,31000,2025-09-04T19:53:10,91989,193,3,False,,43.557911,1.395579,,,,,174.97,,,,True,,,,,B,,contact38@example.com,,,,,True
ffdbecaa-c04a-4b3a-a869-a459c74494e3,AN-NUPQUB28,REC-XV8PS237,Château,Château atypique à Toulouse,Toulouse,31000,1783012690,95233,219,2,,154 rue Jean Jaurès,43.635482,1.448562,,,0363516462,,,,5,"Château au calme de 219 m² situé à Toulouse. Cave et parking inclus. Proche de toutes commodités, transports et écoles. À visiter sans tarder.",,,,False,https://exemple-images.test/AN-NUPQUB28/1.jpg,B,,contact4@example.com,,,,,True
ddfd630d-734c-4f59-88a3-bdbae811652c,AN-D62FT7M2,REC-XV8PS237,Château,Château lumineux à Toulouse,Toulouse,31000,3 décembre 2024,122578,,4,,120 rue Jean Jaurès,43.582874,1.411475,,,0343692194,,,,dernier étage,,True,,Provence Immobilier,True,,B,,,290,,,,
60a7414c-f7dd-4029-b9bc-44bace9f2da2,AN-RGKKJN8O,REC-XV8PS237,Château,Château rénové à Toulouse,Toulouse,31000,2025-05-13,130733,297,4,,,,,,Marc Perrin,0293740644,,,0,,,True,,Toit & Vous,,,B,,,,,,,True
9b990001-531f-415a-98ae-f328ffa5ecb9,AN-4885X1UB,REC-XV8PS237,Château,Château atypique à Toulouse,Toulouse,31000,2025-04-08,80825,187,2,,,43.618317,1.45466,,Nadia Lefevre,0440081777,,171.83,0,,"Château à rafraîchir de 187 m² situé à Toulouse. Proche de toutes commodités, transports et écoles. À visiter sans tarder.",True,,,,,A,,,,,,,True
9b61f9b0-4c17-4ed7-8fb9-404b5fd635cc,AN-UX29D5J5,REC-XV8PS237,Château,Château avec vue dégagée à Toulouse,Toulouse,31000,2026-02-22,71160,199,1,True,,,,,Luc Dubois,0925288083,,,,1,"Château lumineux de 199 m² situé à Toulouse. Proche de toutes commodités, transports et écoles. À visiter sans tarder.",True,,,False,https://exemple-images.test/AN-UX29D5J5/1.jpg; https://exemple-images.test/AN-UX29D5J5/2.jpg; https://exemple-images.test/AN-UX29D5J5/3.jpg; https://exemple-images.test/AN-UX29D5J5/4.jpg; https://exemple-images.test/AN-UX29D5J5/5.jpg,A,1894,luc.dubois16@example.com,,,,,True
5791a962-b352-472e-a622-9b5ab8f63a15,AN-Y8F0ICYU,REC-XV8PS237,Château,Château de standing à Toulouse,Toulouse,31000,2026-03-29T13:18:10,82864,308,5,True,,43.644225,1.415852,,,,,,,0,"Château spacieux de 308 m² situé à Toulouse. Proche de toutes commodités, transports et écoles. À visiter sans tarder.",True,,Nid Doré,,,A,,contact42@example.com,,,,,True
eccda0d9-0a90-4f1e-977f-c165367a32d5,AN-QQA4QPVE,REC-XV8PS237,Château,Château à rafraîchir à Toulouse,Toulouse,31000,1785590170,129274,291,5,True,63 chemin des Vignes,,,,,,,,,,"Château en excellent état de 291 m² situé à Toulouse. Proche de toutes commodités, transports et écoles. À visiter sans tarder. Travaux à prévoir.",True,,,,,A,,,,,,,True
4cc26b3d-4a97-481f-8ac8-42d1313ea484,AN-B0U6POZ2,REC-XV8PS237,Château,Château spacieux à Toulouse,Toulouse,31000,12 novembre 2024,135790,185,3,,,,,,Ahmed Perrin,,,,,,"Château spacieux de 185 m² situé à Toulouse. Proche de toutes commodités, transports et écoles. À visiter sans tarder. Travaux à prévoir.",True,,,,,B,,,,,,,True
7ec897d7-e6f3-4935-9d48-88a1f8c8258a,AN-BNE2ORAK,REC-XV8PS237,Château,Château avec vue dégagée à Toulouse,Toulouse,31000,2024-10-12T21:47:10,127899,313,4,,168 rue Victor Hugo,,,,Claire Dubois,,,,,,"Château de standing de 313 m² situé à Toulouse. Proche de toutes commodités, transports et écoles. À visiter sans tarder.",True,,Clé en Main Immo,True,,B,1988,,,,,,True
002679fe-6ee4-4a1b-9a59-ed6972adaed9,AN-W8CWCUAD,REC-XV8PS237,Château,Château rénové à Toulouse,Toulouse,31000,10 mars 2025,96488 €,297,5,,,43.570438,1.477592,,Karim Girard,0367658860,True,,,dernier étage,"Château en excellent état de 297 m² situé à Toulouse. Proche de toutes commodités, transports et écoles. À visiter sans tarder.",True,,,,,,1879,karim.girard93@example.com,,,,,
cda57d04-3472-4d6f-aa63-55f1516fc396,AN-JRKO9I0R,REC-XV8PS237,Château,Château lumineux à Toulouse,Toulouse,31000,2025-05-06,92945,310,2,True,56 quai de la Loire,43.602207,1.410991,,,,,,,,"Château au calme de 310 m² situé à Toulouse. Cave et parking inclus. Proche de toutes commodités, transports et écoles. À visiter sans tarder.",True,,,False,,B,,,,,,,True
9d6e780f-43c6-4f24-9333-3dde2171cb20,AN-WBO7131Y,REC-XV8PS237,Château,Château de standing à Toulouse,Toulouse,31000,2025-02-26T05:08:10,100131,200,2,,21 rue Jean Jaurès,,,,,0732975661,,112.95,1,,"Château lumineux de 200 m² situé à Toulouse. Proche de toutes commodités, transports et écoles. À visiter sans tarder.",True,,ImmoPlus,True,,,1895,,,,,,
1d6f6252-a2d8-4b96-8037-b9f1225a745e,AN-Y2WNVFZ1,REC-XV8PS237,Château,Château rénové à Toulouse,Toulouse,31000,05-17-2026,95226,,2,False,,43.616585,1.475527,,,0849707782,,,3,4,"Château de standing de 266 m² situé à Toulouse. Cave et parking inclus. Proche de toutes commodités, transports et écoles. À visiter sans tarder.",True,,,,,B,,,266,,,,True
a10d74f4-eda9-4dec-b20b-bc8ee7bd82af,AN-GV1JGDM5,REC-XV8PS237,Château,Château à rafraîchir à Toulouse,Toulouse,31000,2025-08-30T14:39:10,113989,291,4,,,43.60282,1.407805,,Marc Roche,0513023866,True,333.3,,,"Château lumineux de 291 m² situé à Toulouse. Proche de toutes commodités, transports et écoles. À visiter sans tarder.",True,,,,,B,,,,,,,True
4a42d7b0-7453-4334-8c57-e8f177f0de68,AN-6XBQZHN0,REC-XV8PS237,Château,Château de standing à Toulouse,Toulouse,31000,2025-01-28,96143,252,3,,,,,,Marie Roche,,,,3,,,,,,,,A,2017,marie.roche80@example.com,,,,,True
84d9b080-5296-4c5c-8256-b4390462ee3a,AN-5OJWPG1C,REC-XV8PS237,Château,Château spacieux à Toulouse,Toulouse,31000,1784774170,133147,245,1,True,179 avenue des Champs,,,,,0934949217,True,,,,"Château charmant de 245 m² situé à Toulouse. Proche de toutes commodités, transports et écoles. À visiter sans tarder. Travaux à prévoir.",True,,,,https://exemple-images.test/AN-5OJWPG1C/1.jpg; https://exemple-images.test/AN-5OJWPG1C/2.jpg; https://exemple-images.test/AN-5OJWPG1C/3.jpg; https://exemple-images.test/AN-5OJWPG1C/4.jpg,B,,contact47@example.com,,,,,
2ac2a926-9378-4952-b4b6-b3ed326b4819,AN-OPVZDFFP,REC-XV8PS237,Château,Château de standing à Toulouse,Toulouse,31000,20 décembre 2024,70964,187,3,,,43.645337,1.428864,,,0428698913,,,,,"Château rénové de 187 m² situé à Toulouse. Proche de toutes commodités, transports et écoles. À visiter sans tarder.",True,,,False,,A,,,,,,,True
cc286b7f-a2a8-4e1b-83dc-3d6ef8d86dd2,AN-BLG0AZPE,REC-XV8PS237,Château,Château lumineux à Toulouse,Toulouse,31000,2025-10-11,124697,320,1,,107 place de la Mairie,,,,Marc Bernard,0687684137,,,5,,"Château spacieux de 320 m² situé à Toulouse. Proche de toutes commodités, transports et écoles. À visiter sans tarder.",True,,,,,B,,,,,,,
a32bd4d7-76d3-4572-bf80-2486db278a9a,AN-IVAZHTX1,REC-XV8PS237,Château,Château à rafraîchir à Toulouse,Toulouse,31000,10-11-2025,75957 €,185,1,,84 boulevard Gambetta,,,,Nadia Bernard,0690073181,True,292.55,0,,"Château au calme de 185 m² situé à Toulouse. Proche de toutes commodités, transports et écoles. À visiter sans tarder.",True,,,,https://exemple-images.test/AN-IVAZHTX1/1.jpg,,1862,,,,,,True
49df233d-d737-43bf-9e63-a6e4ed1f9e2a,AN-BC6WZF7S,REC-XV8PS237,Château,Château de standing à Toulouse,Toulouse,31000,2025-08-13,70920,313,4,,200 rue Pasteur,43.648522,1.493171,,Julie Lefevre,0959669235,,,,RDC,"Château charmant de 313 m² situé à Toulouse. Proche de toutes commodités, transports et écoles. À visiter sans tarder.",True,,,False,,A,2013,julie.lefevre3@example.com,,,,,True
4846a2ce-979f-4f93-87c1-833dff6df756,AN-D643KZCA,REC-XV8PS237,Château,Château lumineux à Toulouse,Toulouse,31000,10-12-2024,94811 €,326,5,,,43.643328,1.437143,,Ahmed Martin,0919707026,,,2,,"Château rénové de 326 m² situé à Toulouse. Proche de toutes commodités, transports et écoles. À visiter sans tarder.",True,,Nid Doré,False,https://exemple-images.test/AN-D643KZCA/1.jpg; https://exemple-images.test/AN-D643KZCA/2.jpg; https://exemple-images.test/AN-D643KZCA/3.jpg; https://exemple-images.test/AN-D643KZCA/4.jpg,B,,,,,,,True
1f943d70-ca74-49a5-83ea-4179cc5d549e,AN-YFECPW5K,REC-XV8PS237,Château,Château avec vue dégagée à Toulouse,Toulouse,31000,17 mars 2025,136773,,5,False,94 rue de la République,43.556656,1.468434,,Sophie Dubois,,,,3,4,"Château en excellent état de 206 m² situé à Toulouse. Proche de toutes commodités, transports et écoles. À visiter sans tarder. Travaux à prévoir.",True,,Nid Doré,,,B,,,206,,,,True
f5850fde-0596-4779-94bc-b04869008f2e,AN-561TKF72,REC-XV8PS237,Château,Château atypique à Toulouse,Toulouse,31000,2025-02-27,129925,192,4,,60 rue Jean Jaurès,,,,Sophie Martin,,,,3,3,"Château au calme de 192 m² situé à Toulouse. Proche de toutes commodités, transports et écoles. À visiter sans tarder.",True,,Nid Doré,True,,B,1850,sophie.martin36@example.com,,,,,True
fc263717-0f48-42af-8adb-4cd3272c8d09,AN-UQ7CMO3U,REC-XV8PS237,Château,Château rénové à Toulouse,Toulouse,31000,20/09/2025,87516,309,2,,,43.594569,1.467772,,Nadia Dubois,0375997443,,,,,"Château charmant de 309 m² situé à Toulouse. Cave et parking inclus. Proche de toutes commodités, transports et écoles. À visiter sans tarder.",True,,Century Habitat,True,,A,,,,,,,
8579917c-2e63-4cf4-bf16-7b20bbf8e1d4,AN-03HELIXD,REC-XV8PS237,Château,Château avec vue dégagée à Toulouse,Toulouse,31000,18/11/2025,110360,291,1,,,,,,Marie Perrin,0334053260,,,,0,"Château charmant de 291 m² situé à Toulouse. Proche de toutes commodités, transports et écoles. À visiter sans tarder.",True,,,,,B,,marie.perrin19@example.com,,,,,True
2885556d-8e58-4826-81ba-b9d0e3ce1a05,AN-4AKZ3LYJ,REC-XV8PS237,Château,Château spacieux à Toulouse,Toulouse,31000,1754487970,76956,317,1,False,,43.583605,1.474724,,,0393666186,,,2,0,"Château rénové de 317 m² situé à Toulouse. Proche de toutes commodités, transports et écoles. À visiter sans tarder.",,,Nid Doré,,,A,,,,,,,True
1f093970-537c-4b0a-8212-cefcff65cd17,AN-OVS29Y66,REC-XV8PS237,Château,Château charmant à Toulouse,Toulouse,31000,17 avril 2025,83242,282,1,,138 rue Pasteur,43.586741,1.475943,,,,,,,4,"Château avec vue dégagée de 282 m² situé à Toulouse. Proche de toutes commodités, transports et écoles. À visiter sans tarder. Travaux à prévoir.",True,,Toit & Vous,True,,A,,,,,,,True
b7d8d699-63ae-4537-a42a-6bc2b52dbb1d,AN-DH3LK91P,REC-XV8PS237,Château,Château charmant à Toulouse,Toulouse,31000,05-06-2025,119934,314,4,True,188 chemin des Vignes,,,,,0453804609,,,,,"Château avec vue dégagée de 314 m² situé à Toulouse. Proche de toutes commodités, transports et écoles. À visiter sans tarder.",True,,,False,,A,1982,contact42@example.com,,,,,True
1809b015-94a6-4872-9846-f9d4b337a66c,AN-8FRJSBOX,REC-XV8PS237,Château,Château atypique à Toulouse,Toulouse,31000,2025-12-01T10:22:10,71463,301,5,False,,43.61111,1.473348,,Karim Lefevre,,True,,5,,,True,,Toit & Vous,,,A,,karim.lefevre16@example.com,,,,,True
f2248e6d-eb53-462d-a5ee-87e0c6342fc6,AN-HTJQCMCX,REC-XV8PS237,Château,Château atypique à Toulouse,Toulouse,31000,2026-01-07,72076,296,2,,,43.631108,1.404643,,Luc Martin,0589730400,,,,,"Château à rafraîchir de 296 m² situé à Toulouse. Proche de toutes commodités, transports et écoles. À visiter sans tarder.",True,,,True,,B,,luc.martin83@example.com,,,,,True
102a7006-c8da-4d14-91f3-ca992f271a82,AN-ORMTZUWG,REC-XV8PS237,Château,Château de standing à Toulouse,Toulouse,31000,2025-09-10T18:08:10,107187,327,1,,36 chemin des Vignes,,,,Claire Lefevre,0896942014,,,0,,"Château charmant de 327 m² situé à Toulouse. Proche de toutes commodités, transports et écoles. À visiter sans tarder.",True,,Clé en Main Immo,False,,A,,claire.lefevre9@example.com,,,,,True
7c03d1df-a87a-4a3c-b476-496420826c0d,AN-C3J9PCUI,REC-XV8PS237,Château,Château atypique à Toulouse,Toulouse,31000,2025-04-30,102060,243,2,,,43.626232,1.449033,,Nadia Lefevre,,,,4,,"Château charmant de 243 m² situé à Toulouse. Proche de toutes commodités, transports et écoles. À visiter sans tarder. Travaux à prévoir.",,,,,https://exemple-images.test/AN-C3J9PCUI/1.jpg; https://exemple-images.test/AN-C3J9PCUI/2.jpg; https://exemple-images.test/AN-C3J9PCUI/3.jpg; https://exemple-images.test/AN-C3J9PCUI/4.jpg; https://exemple-images.test/AN-C3J9PCUI/5.jpg,B,1975,,,,,,True
b7acf450-2ffd-4d80-a6ac-878f2723da3e,AN-RFPPTBAB,REC-XV8PS237,Château,Château atypique à Toulouse,Toulouse,31000,1737532450,138093,,2,,97 rue de la République,,,,,,,,3,RDC,"Château lumineux de 222 m² situé à Toulouse. Proche de toutes commodités, transports et écoles. À visiter sans tarder.",,,ImmoPlus,True,,B,,contact40@example.com,222,,,,True
6d0ec9de-b339-497c-be15-391b85efc408,AN-CDALJQA0,REC-XV8PS237,Château,Château lumineux à Toulouse,Toulouse,31000,2025-07-21T18:27:10,128194,254,5,,174 rue Pasteur,,,,Ahmed Faure,,,,4,,"Château à rafraîchir de 254 m² situé à Toulouse. Proche de toutes commodités, transports et écoles. À visiter sans tarder.",True,,,False,,B,,ahmed.faure12@example.com,,,,,True
92fb782b-98a0-42bd-84a4-63df6957613d,AN-AUALB7ZH,REC-XV8PS237,Château,Château au calme à Toulouse,Toulouse,31000,2025-06-14T07:34:10,130246,326,4,,161 rue du Commerce,43.560071,1.477629,,Marc Martin,,,,,,,True,,Provence Immobilier,,,A,2004,marc.martin3@example.com,,,,,
ed46bd95-ccc8-4411-97f5-17e3e7f38b8c,AN-H5NJM7WK,REC-XV8PS237,Château,Château en excellent état à Toulouse,Toulouse,31000,11-26-2025,102628,233,1,,28 rue Jean Jaurès,43.646489,1.432729,,Nadia Bernard,,,,1,,"Château atypique de 233 m² situé à Toulouse. Proche de toutes commodités, transports et écoles. À visiter sans tarder.",True,,Century Habitat,,https://exemple-images.test/AN-H5NJM7WK/1.jpg; https://exemple-images.test/AN-H5NJM7WK/2.jpg; https://exemple-images.test/AN-H5NJM7WK/3.jpg,B,,,,,,,True
de854177-ec44-43bb-8f7e-9875251b19e2,AN-UH7U9SVQ,REC-XV8PS237,Château,Château à rafraîchir à Toulouse,Toulouse,31000,13 mai 2025,83101,205,3,,59 rue Victor Hugo,43.568733,1.452332,,Marie Martin,0144360567,,,,5,"Château rénové de 205 m² situé à Toulouse. Proche de toutes commodités, transports et écoles. À visiter sans tarder.",True,,,False,,B,,,,,,,True
fd356795-8901-4e6b-85cf-d3564c644153,AN-SIC7B5UP,REC-XV8PS237,Château,Château avec vue dégagée à Toulouse,Toulouse,31000,10 mars 2026,104536,289,5,,46 chemin des Vignes,,,,,0320318946,,93.72,0,,"Château à rafraîchir de 289 m² situé à Toulouse. Cave et parking inclus. Proche de toutes commodités, transports et écoles. À visiter sans tarder.",True,,Clé en Main Immo,,,B,,,,,,,True
e49f5c77-ef91-453f-9deb-8c11abc284b5,AN-3N9SVZUC,REC-XV8PS237,Château,Château rénové à Toulouse,Toulouse,31000,16/11/2024,125512,207,4,,,,,,Julie Bernard,,,,4,,"Château avec vue dégagée de 207 m² situé à Toulouse. Cave et parking inclus. Proche de toutes commodités, transports et écoles. À visiter sans tarder.",True,,,True,,A,,julie.bernard93@example.com,,,,,True
c9806632-8ae0-445d-bffd-ff1a3e01c578,AN-TPFJ05W4,REC-XV8PS237,Château,Château lumineux à Toulouse,Toulouse,31000,08/08/2026,109528,275,2,,,,,,Sophie Bernard,0588893234,,,5,,"Château en excellent état de 275 m² situé à Toulouse. Proche de toutes commodités, transports et écoles. À visiter sans tarder.",True,,,,,A,1944,,,,,,True
ea41fe33-9858-472f-b119-a1b90ca99405,AN-APQ7O7IZ,REC-XV8PS237,Château,Château atypique à Toulouse,Toulouse,31000,28 octobre 2024,118980,,5,,,,,,,0990415042,,,1,4,"Château atypique de 285 m² situé à Toulouse. Proche de toutes commodités, transports et écoles. À visiter sans tarder.",True,,,True,,D,,,285,,,,True
5cf2906c-e8a6-4e7f-b2b6-08f3eb7dd01f,AN-DW7KSHXB,REC-XV8PS237,Château,Château en excellent état à Toulouse,Toulouse,31000,01-03-2025,116747 €,200,3,False,63 rue Jean Jaurès,43.598232,1.404661,,Jean Lefevre,,,,,,"Château lumineux de 200 m² situé à Toulouse. Cave et parking inclus. Proche de toutes commodités, transports et écoles. À visiter sans tarder.",True,,,False,,,,,,,,,
c1e0026c-81cd-4d03-8a9f-44ea762d7e85,AN-CHAKXRJK,REC-XV8PS237,Château,Château rénové à Toulouse,Toulouse,31000,2024-11-18,97452,238,2,True,18 rue Pasteur,43.610824,1.491315,,Julie Moreau,0543628006,,,3,,"Château au calme de 238 m² situé à Toulouse. Proche de toutes commodités, transports et écoles. À visiter sans tarder.",,,,,https://exemple-images.test/AN-CHAKXRJK/1.jpg; https://exemple-images.test/AN-CHAKXRJK/2.jpg; https://exemple-images.test/AN-CHAKXRJK/3.jpg,D,,,,,,,True
994eedf9-0263-41ca-b292-2f644b004566,AN-36NHWL9I,REC-XV8PS237,Château,Château avec vue dégagée à Toulouse,Toulouse,31000,2 décembre 2024,137593 €,187,3,,,,,,Sophie Moreau,0719146522,,,,,"Château spacieux de 187 m² situé à Toulouse. Proche de toutes commodités, transports et écoles. À visiter sans tarder.",True,,,,,B,,,,,,,True
e68718a1-06e1-4871-9d76-5f161b7ccaba,AN-9BJW0W60,REC-XV8PS237,Château,Château avec vue dégagée à Toulouse,Toulouse,31000,19/06/2025,114124,230,3,False,,,,,Karim Bernard,0099941079,,,4,4,"Château au calme de 230 m² situé à Toulouse. Proche de toutes commodités, transports et écoles. À visiter sans tarder.",True,,,False,https://exemple-images.test/AN-9BJW0W60/1.jpg; https://exemple-images.test/AN-9BJW0W60/2.jpg; https://exemple-images.test/AN-9BJW0W60/3.jpg; https://exemple-images.test/AN-9BJW0W60/4.jpg; https://exemple-images.test/AN-9BJW0W60/5.jpg,A,1870,,,,,,True
5b53ee2c-19de-4bc1-b806-9909be4411ff,AN-R939LC2X,REC-XV8PS237,Château,Château avec vue dégagée à Toulouse,Toulouse,31000,10 janvier 2025,76625,267,2,,,,,,,,,,,RDC,"Château charmant de 267 m² situé à Toulouse. Cave et parking inclus. Proche de toutes commodités, transports et écoles. À visiter sans tarder.",,,Nid Doré,,,A,,contact67@example.com,,,,,
8e2fa028-09e7-4c57-a869-65ed3abb3850,AN-6LUM0DUI,REC-XV8PS237,Château,Château à rafraîchir à Toulouse,Toulouse,31000,10-31-2025,117720 €,255,2,,11 avenue des Champs,,,,,0076456168,True,,1,,"Château charmant de 255 m² situé à Toulouse. Cave et parking inclus. Proche de toutes commodités, transports et écoles. À visiter sans tarder. Travaux à prévoir.",True,,Provence Immobilier,,https://exemple-images.test/AN-6LUM0DUI/1.jpg; https://exemple-images.test/AN-6LUM0DUI/2.jpg; https://exemple-images.test/AN-6LUM0DUI/3.jpg; https://exemple-images.test/AN-6LUM0DUI/4.jpg; https://exemple-images.test/AN-6LUM0DUI/5.jpg,B,1866,,,,,,True
d533cf97-0b40-40db-9702-52a0442978d5,AN-0C5AI34B,REC-XV8PS237,Château,Château charmant à Toulouse,Toulouse,31000,1757916070,89392 €,,4,True,,,,,Claire Fontaine,0609169874,,97.78,5,2,"Château lumineux de 261 m² situé à Toulouse. Cave et parking inclus. Proche de toutes commodités, transports et écoles. À visiter sans tarder. Travaux à prévoir.",True,,,,,B,,,261,,,,True
866dec20-e2bc-4fde-af1e-334d820729e7,AN-P849GBM6,REC-XV8PS237,Château,Château atypique à Toulouse,Toulouse,31000,1733549950,121902 €,188,4,,59 rue Pasteur,,,,,0396988682,,195.32,,1,"Château avec vue dégagée de 188 m² situé à Toulouse. Proche de toutes commodités, transports et écoles. À visiter sans tarder.",True,,,True,https://exemple-images.test/AN-P849GBM6/1.jpg; https://exemple-images.test/AN-P849GBM6/2.jpg; https://exemple-images.test/AN-P849GBM6/3.jpg; https://exemple-images.test/AN-P849GBM6/4.jpg; https://exemple-images.test/AN-P849GBM6/5.jpg,A,,,,,,,True
d34c70b0-92e5-4120-8e1c-f43d675992e8,AN-XYQWZK0Q,REC-XV8PS237,Château,Château au calme à Toulouse,Toulouse,31000,2025-08-24,125906,230,3,,,,,,,0077992986,True,,,,"Château rénové de 230 m² situé à Toulouse. Cave et parking inclus. Proche de toutes commodités, transports et écoles. À visiter sans tarder.",True,,Nid Doré,,,B,1890,,,,,,True
f6e0ab5c-a504-4b91-83c1-acbed1752ba9,AN-4WO18Y92,REC-XV8PS237,Château,Château charmant à Toulouse,Toulouse,31000,2025-07-10T23:22:10,84419,202,4,False,83 rue du Commerce,43.571093,1.40861,,Luc Moreau,,,65.25,4,,"Château à rafraîchir de 202 m² situé à Toulouse. Proche de toutes commodités, transports et écoles. À visiter sans tarder.",True,,,True,https://exemple-images.test/AN-4WO18Y92/1.jpg; https://exemple-images.test/AN-4WO18Y92/2.jpg; https://exemple-images.test/AN-4WO18Y92/3.jpg; https://exemple-images.test/AN-4WO18Y92/4.jpg; https://exemple-images.test/AN-4WO18Y92/5.jpg,B,,luc.moreau38@example.com,,,,,True
db6132e8-5caf-4549-85d9-19ce13b77d1c,AN-Z9ZFU7E7,REC-XV8PS237,Château,Château de standing à Toulouse,Toulouse,31000,1730041450,106288,221,1,,137 rue Jean Jaurès,,,,,0848381320,,321.59,,,"Château charmant de 221 m² situé à Toulouse. Proche de toutes commodités, transports et écoles. À visiter sans tarder. Travaux à prévoir.",True,,,True,https://exemple-images.test/AN-Z9ZFU7E7/1.jpg; https://exemple-images.test/AN-Z9ZFU7E7/2.jpg,F,,,,,,,True
8031f838-2205-4ad9-b617-9191365220c4,AN-1AJOTVQY,REC-XV8PS237,Château,Château spacieux à Toulouse,Toulouse,31000,2025-03-20T10:05:10,102947,219,4,,171 rue Victor Hugo,,,,,0348953276,,,2,4,"Château au calme de 219 m² situé à Toulouse. Cave et parking inclus. Proche de toutes commodités, transports et écoles. À visiter sans tarder.",True,,,,,B,,contact70@example.com,,,,,True
b4171bae-3bce-4af7-bd06-f19933d67de9,AN-DNP5NSE6,REC-XV8PS237,Château,Château avec vue dégagée à Toulouse,Toulouse,31000,2026-05-23,137787,186,5,,,,,,,0893817131,,,,dernier étage,"Château au calme de 186 m² situé à Toulouse. Proche de toutes commodités, transports et écoles. À visiter sans tarder.",True,,,False,,A,,,,,,,True
f0e98765-e04b-4b4c-9749-2755fdf29b9d,AN-8QVME0BK,REC-XV8PS237,Château,Château spacieux à Toulouse,Toulouse,31000,26 octobre 2024,78380,196,3,,,43.59351,1.48348,,,0907510350,True,,4,,"Château lumineux de 196 m² situé à Toulouse. Proche de toutes commodités, transports et écoles. À visiter sans tarder. Travaux à prévoir.",True,,,,,B,,contact80@example.com,,,,,True
09e02001-fbe1-4f44-add5-b204a9330def,AN-56IYJBVC,REC-XV8PS237,Château,Château rénové à Toulouse,Toulouse,31000,1779299230,97600,215,4,,,,,,Marie Moreau,,,,2,,"Château au calme de 215 m² situé à Toulouse. Cave et parking inclus. Proche de toutes commodités, transports et écoles. À visiter sans tarder.",True,,,,,A,,marie.moreau2@example.com,,,,,True
171efca5-1cd8-4f38-8319-51d9fbc4687f,AN-QQCH9C81,REC-XV8PS237,Château,Château de standing à Toulouse,Toulouse,31000,2026-02-19,128436,286,4,,19 impasse des Lilas,,,,,0214413986,,,,,"Château à rafraîchir de 286 m² situé à Toulouse. Proche de toutes commodités, transports et écoles. À visiter sans tarder. Travaux à prévoir.",,,,,,B,,,,,,,True
a1ad2c9e-8769-4223-9395-bae4f7881cac,AN-8CE850RL,REC-XV8PS237,Château,Château au calme à Toulouse,Toulouse,31000,1754158090,92835,240,2,,,,,,Sophie Roche,0092561146,,165.54,,,"Château avec vue dégagée de 240 m² situé à Toulouse. Cave et parking inclus. Proche de toutes commodités, transports et écoles. À visiter sans tarder.",,,Toit & Vous,False,,A,,sophie.roche25@example.com,,,,,True
4c2d910c-2a79-4a86-ad5a-bd671ddfe9cd,AN-D030TY5M,REC-XV8PS237,Château,Château à rafraîchir à Toulouse,Toulouse,31000,2026-01-29,125649,,3,,,43.649004,1.458835,,Jean Martin,0938232902,,215.27,,,"Château au calme de 285 m² situé à Toulouse. Proche de toutes commodités, transports et écoles. À visiter sans tarder. Travaux à prévoir.",True,,Nid Doré,False,,,,,285,,,,
59ad345f-1442-4f45-bc69-3d141a7034d8,AN-VMY1P1ZI,REC-XV8PS237,Château,Château spacieux à Toulouse,Toulouse,31000,1 juillet 2026,90128,,5,,,43.649952,1.471354,,Ahmed Roche,0186267193,,99.49,4,,,True,,,,,A,,ahmed.roche56@example.com,205,,,,True
55597b71-915d-4fc0-b035-10b778620fcb,AN-YK44ZO6T,REC-XV8PS237,Château,Château à rafraîchir à Toulouse,Toulouse,31000,2025-04-03T08:56:10,92656,312,5,,,,,,Ahmed Moreau,0450587015,,,2,,"Château atypique de 312 m² situé à Toulouse. Proche de toutes commodités, transports et écoles. À visiter sans tarder.",True,,,,,A,,ahmed.moreau50@example.com,,,,,True
3393ce1f-d557-4971-afc1-3efed8567fdb,AN-Z7R68BDH,REC-XV8PS237,Château,Château de standing à Toulouse,Toulouse,31000,12 septembre 2024,71988,256,1,,,43.643085,1.4941,,,0960347961,,,2,dernier étage,"Château atypique de 256 m² situé à Toulouse. Proche de toutes commodités, transports et écoles. À visiter sans tarder.",True,,Nid Doré,,,B,,contact94@example.com,,,,,True
4c49086b-50f6-4e49-985f-d4ec7005791c,AN-OUC7OQ3X,REC-XV8PS237,Château,Château au calme à Toulouse,Toulouse,31000,03/04/2026,108160,301,2,,100 rue Jean Jaurès,,,,Luc Dubois,0190259829,,90.15,4,,"Château au calme de 301 m² situé à Toulouse. Proche de toutes commodités, transports et écoles. À visiter sans tarder.",True,,,True,https://exemple-images.test/AN-OUC7OQ3X/1.jpg; https://exemple-images.test/AN-OUC7OQ3X/2.jpg; https://exemple-images.test/AN-OUC7OQ3X/3.jpg,B,,,,,,,True
9c79e205-2702-4be6-9743-70276f375c78,AN-0ESNAIRF,REC-XV8PS237,Château,Château avec vue dégagée à Toulouse,Toulouse,31000,11/04/2025,71016 €,324,1,,,,,,Claire Fontaine,0511430554,,,3,0,"Château à rafraîchir de 324 m² situé à Toulouse. Proche de toutes commodités, transports et écoles. À visiter sans tarder. Travaux à prévoir.",True,,,True,,,2019,claire.fontaine62@example.com,,,,,True
e629b60c-7bc2-4072-8500-22f70a6fd132,AN-OEXWGX6J,REC-XV8PS237,Château,Château atypique à Toulouse,Toulouse,31000,10-29-2025,126371,242,2,,22 boulevard Gambetta,,,,Sophie Moreau,0816606064,,,,,"Château atypique de 242 m² situé à Toulouse. Proche de toutes commodités, transports et écoles. À visiter sans tarder.",True,,,True,https://exemple-images.test/AN-OEXWGX6J/1.jpg,B,,sophie.moreau48@example.com,,,,,True
9c72bc5f-ad84-4417-8ac9-ccd52d00338b,AN-8GR4NC0V,REC-XV8PS237,Château,Château rénové à Toulouse,Toulouse,31000,2026-04-21,129002,227,1,,,43.565817,1.473734,,,0275027413,,,,,"Château avec vue dégagée de 227 m² situé à Toulouse. Cave et parking inclus. Proche de toutes commodités, transports et écoles. À visiter sans tarder.",True,,Provence Immobilier,,,A,,contact49@example.com,,,,,True
3bc0fb15-9e49-4e6d-ba95-3211c8a7b90d,AN-LYJ2YEGZ,REC-XV8PS237,Château,Château de standing à Toulouse,Toulouse,31000,2025-05-31,134837,258,1,True,131 boulevard Gambetta,,,,,0868006871,,,,,,True,,Nid Doré,,,A,,,,,,,
4b8732e1-b1c0-41ed-908f-801a1150c01b,AN-543EPU5F,REC-XV8PS237,Château,Château rénové à Toulouse,Toulouse,31000,28 avril 2026,134435,,2,,52 allée des Platanes,,,,,0882920550,,,3,4,,True,,Provence Immobilier,False,,B,,,248,,,,True
b692191f-5135-4354-acb7-79141340c50c,AN-TIAGRWQ9,REC-XV8PS237,Château,Château en excellent état à Toulouse,Toulouse,31000,2024-12-04,90302,211,2,,165 quai de la Loire,,,,Sophie Perrin,,,,,,"Château spacieux de 211 m² situé à Toulouse. Proche de toutes commodités, transports et écoles. À visiter sans tarder.",,,,False,,A,,,,,,,True
5626d641-2b83-42a1-a209-a4c1530c918b,AN-79981E1X,REC-XV8PS237,Château,Château spacieux à Toulouse,Toulouse,31000,2025-11-22T06:08:10,83296,193,2,False,114 allée des Platanes,,,,Jean Lefevre,0723220524,True,,,5,"Château au calme de 193 m² situé à Toulouse. Proche de toutes commodités, transports et écoles. À visiter sans tarder.",,,,,,B,,,,,,,True
b3c360bd-8bc9-4871-a9a9-c13f97155c57,AN-RXJ3591J,REC-XV8PS237,Château,Château lumineux à Toulouse,Toulouse,31000,2026-03-07T20:51:10,109905,230,5,True,,,,,Karim Perrin,0292664150,,,,2,"Château au calme de 230 m² situé à Toulouse. Proche de toutes commodités, transports et écoles. À visiter sans tarder.",True,,Clé en Main Immo,False,https://exemple-images.test/AN-RXJ3591J/1.jpg,B,,karim.perrin50@example.com,,,,,True
24792f7b-98ce-41ad-a21f-d56dc0a4db4e,AN-8ZSFKF08,REC-XV8PS237,Château,Château rénové à Toulouse,Toulouse,31000,1785885430,133148,189,4,,67 boulevard Gambetta,,,,Sophie Bernard,0127588107,,,5,,"Château atypique de 189 m² situé à Toulouse. Proche de toutes commodités, transports et écoles. À visiter sans tarder.",True,,,False,https://exemple-images.test/AN-8ZSFKF08/1.jpg; https://exemple-images.test/AN-8ZSFKF08/2.jpg; https://exemple-images.test/AN-8ZSFKF08/3.jpg; https://exemple-images.test/AN-8ZSFKF08/4.jpg,B,2019,,,,,,True
cbbb3070-2b77-4026-8e5f-76859262b642,AN-3HGKUQ5A,REC-XV8PS237,Château,Château avec vue dégagée à Toulouse,Toulouse,31000,1770670390,74108,280,1,,,,,,,0777918109,,,,,"Château avec vue dégagée de 280 m² situé à Toulouse. Proche de toutes commodités, transports et écoles. À visiter sans tarder.",True,,,,,B,,contact95@example.com,,,,,True
bf538210-600b-43ab-b7d3-4d76c052b7e3,AN-XLN1PRN3,REC-XV8PS237,Château,Château en excellent état à Toulouse,Toulouse,31000,2025-04-19T10:10:10,77966,,2,,,,,,,0995733911,True,173.45,0,1,"Château en excellent état de 192 m² situé à Toulouse. Proche de toutes commodités, transports et écoles. À visiter sans tarder.",True,,,,,B,,,192,,,,True
dc94320f-4404-4599-be13-e312d879a259,AN-QAPHFWOU,REC-XV8PS237,Château,Château atypique à Toulouse,Toulouse,31000,2025-02-28T07:46:10,85409 €,190,4,,,,,,,0149483554,,,,,"Château rénové de 190 m² situé à Toulouse. Proche de toutes commodités, transports et écoles. À visiter sans tarder.",True,,,,https://exemple-images.test/AN-QAPHFWOU/1.jpg; https://exemple-images.test/AN-QAPHFWOU/2.jpg; https://exemple-images.test/AN-QAPHFWOU/3.jpg,E,1935,contact66@example.com,,,,,True
9a0b3e14-d723-44c2-b36b-2ad1f6c28db7,AN-SPT5488Y,REC-XV8PS237,Château,Château en excellent état à Toulouse,Toulouse,31000,2026-06-21,97659,291,4,,80 rue Victor Hugo,43.616496,1.49233,,Sophie Martin,0478304291,,70.56,,dernier étage,,True,,,,,B,,sophie.martin39@example.com,,,,,True
79d716bb-a4e8-4245-97ce-7724183961a5,AN-YY6W9VEN,REC-XV8PS237,Château,Château de standing à Toulouse,Toulouse,31000,2026-08-17T08:35:10,111922,279,4,,,43.560218,1.41561,,Jean Lefevre,0914160232,,122.55,5,,"Château avec vue dégagée de 279 m² situé à Toulouse. Proche de toutes commodités, transports et écoles. À visiter sans tarder.",True,,ImmoPlus,,,B,1955,,,,,,True
17b6eb35-962a-4234-a44b-0a9f888860bf,AN-B62U0BYL,REC-XV8PS237,Château,Château spacieux à Toulouse,Toulouse,31000,1730410390,113891,209,1,True,,,,,Jean Girard,0918758737,,107.67,,,,True,,Clé en Main Immo,,https://exemple-images.test/AN-B62U0BYL/1.jpg; https://exemple-images.test/AN-B62U0BYL/2.jpg; https://exemple-images.test/AN-B62U0BYL/3.jpg,A,,jean.girard99@example.com,,,,,True
b15e0548-e905-4601-9096-c1e6a932499a,AN-KB0P9S0N,REC-XV8PS237,Château,Château lumineux à Toulouse,Toulouse,31000,20/10/2025,117100,330,4,False,70 avenue des Champs,,,,,0475477356,,,,,"Château au calme de 330 m² situé à Toulouse. Proche de toutes commodités, transports et écoles. À visiter sans tarder.",,,,,,A,,,,,,,True
d367a5c2-7150-44d9-8f69-b8dce5d7675e,AN-21EMBYFE,REC-XV8PS237,Château,Château lumineux à Toulouse,Toulouse,31000,09-02-2025,104454,234,1,,,,,,Claire Dubois,0568704480,True,,1,,"Château avec vue dégagée de 234 m² situé à Toulouse. Cave et parking inclus. Proche de toutes commodités, transports et écoles. À visiter sans tarder.",True,,,,https://exemple-images.test/AN-21EMBYFE/1.jpg; https://exemple-images.test/AN-21EMBYFE/2.jpg; https://exemple-images.test/AN-21EMBYFE/3.jpg; https://exemple-images.test/AN-21EMBYFE/4.jpg; https://exemple-images.test/AN-21EMBYFE/5.jpg,G,,claire.dubois62@example.com,,,,,True
91780f51-6b32-4075-b630-7bd119e2604e,AN-JE4F1E90,REC-XV8PS237,Château,Château au calme à Toulouse,Toulouse,31000,8 mai 2025,106660,302,4,True,,43.589506,1.45975,,,0221855578,,176.5,,4,,True,,,,,B,,contact19@example.com,,,,,True
7dc8015e-3c48-4127-8685-84a955e1a33f,AN-EX83TFDA,REC-XV8PS237,Château,Château charmant à Toulouse,Toulouse,31000,4 octobre 2024,118058,305,4,True,97 chemin des Vignes,,,,Luc Roche,0751073568,,,,,"Château rénové de 305 m² situé à Toulouse. Proche de toutes commodités, transports et écoles. À visiter sans tarder.",True,,,,,A,,luc.roche13@example.com,,,,,True
48ef02fc-90a8-4225-8b0d-46abd95a34c9,AN-UEA75UA9,REC-XV8PS237,Château,Château en excellent état à Toulouse,Toulouse,31000,2025-11-12,130184,273,3,,35 rue Pasteur,43.573963,1.449491,,,,True,124.11,3,,"Château de standing de 273 m² situé à Toulouse. Proche de toutes commodités, transports et écoles. À visiter sans tarder.",True,,Clé en Main Immo,,,B,,,,,,,True
6200370a-f571-4391-a54b-3fd0aba7574f,AN-66PIJYCF,REC-XV8PS237,Château,Château rénové à Toulouse,Toulouse,31000,09-27-2024,89081,,1,True,188 rue Pasteur,,,,Ahmed Moreau,0359469888,,,,,"Château au calme de 311 m² situé à Toulouse. Cave et parking inclus. Proche de toutes commodités, transports et écoles. À visiter sans tarder. Travaux à prévoir.",True,,,False,,A,1854,,311,,,,True
7ea7b16a-97ef-438f-8f5d-dfd6a237e177,AN-ZP4G90AE,REC-XV8PS237,Château,Château atypique à Toulouse,Toulouse,31000,05-11-2026,115647,296,4,,39 chemin des Vignes,,,,,0221709700,True,,2,,"Château atypique de 296 m² situé à Toulouse. Proche de toutes commodités, transports et écoles. À visiter sans tarder. Travaux à prévoir.",True,,,,,,,,,,,,
93f55e02-f398-46db-a0c4-a82482964f06,AN-T83E42WX,REC-XV8PS237,Château,Château atypique à Toulouse,Toulouse,31000,11 janvier 2025,94227,281,3,,22 impasse des Lilas,,,,Ahmed Faure,0613787765,,250.81,4,3,"Château avec vue dégagée de 281 m² situé à Toulouse. Proche de toutes commodités, transports et écoles. À visiter sans tarder.",True,,,True,,B,1887,ahmed.faure11@example.com,,,,,
8f1d9465-c200-42c6-b3ea-5a1bfe94a1b2,AN-JOT0O0W6,REC-XV8PS237,Château,Château en excellent état à Toulouse,Toulouse,31000,1740989230,133129,205,2,True,,,,,Marie Dubois,0076634786,,,4,0,"Château lumineux de 205 m² situé à Toulouse. Proche de toutes commodités, transports et écoles. À visiter sans tarder.",True,,,,,A,,marie.dubois22@example.com,,,,,
2e8fe785-fce4-4012-ab15-f6fa131b98cf,AN-EJN3Y38B,REC-XV8PS237,Château,Château atypique à Toulouse,Toulouse,31000,2024-09-16,107793,252,5,,,43.575065,1.427428,,,,True,,0,3,"Château en excellent état de 252 m² situé à Toulouse. Proche de toutes commodités, transports et écoles. À visiter sans tarder.",True,,,,https://exemple-images.test/AN-EJN3Y38B/1.jpg; https://exemple-images.test/AN-EJN3Y38B/2.jpg; https://exemple-images.test/AN-EJN3Y38B/3.jpg; https://exemple-images.test/AN-EJN3Y38B/4.jpg; https://exemple-images.test/AN-EJN3Y38B/5.jpg,A,,,,,,,True
c44e8a85-1ef3-4aef-966d-2712f99682d7,AN-F48ZT9K8,REC-XV8PS237,Château,Château rénové à Toulouse,Toulouse,31000,2026-06-20T02:11:10,121605 €,190,1,,100 rue Pasteur,,,,Ahmed Faure,,,,,dernier étage,"Château avec vue dégagée de 190 m² situé à Toulouse. Cave et parking inclus. Proche de toutes commodités, transports et écoles. À visiter sans tarder.",True,,,True,,A,,ahmed.faure72@example.com,,,,,
507e52bc-9178-42be-b5af-bddf148d5a61,AN-IHH7UCMX,REC-XV8PS237,Château,Château de standing à Toulouse,Toulouse,31000,2026-07-04,122182,189,1,,,43.558909,1.487455,,,,,,,,,True,,,True,https://exemple-images.test/AN-IHH7UCMX/1.jpg; https://exemple-images.test/AN-IHH7UCMX/2.jpg,A,1964,contact71@example.com,,,,,True
aaf4fd8e-b27e-4908-89c3-223b3c492a75,AN-XPMD509B,REC-XV8PS237,Château,Château lumineux à Toulouse,Toulouse,31000,2025-01-03,100709 €,,2,,25 quai de la Loire,,,,,0803510944,,,2,,"Château au calme de 217 m² situé à Toulouse. Proche de toutes commodités, transports et écoles. À visiter sans tarder.",True,,,False,,C,,,217,,,,True
ddba8044-317d-4b2f-9137-5b6a8a1a76c5,AN-DSSBLWOE,REC-XV8PS237,Château,Château avec vue dégagée à Toulouse,Toulouse,31000,1727724430,92614 €,196,2,False,,43.605738,1.434272,,Sophie Faure,0473551636,,,5,2,"Château à rafraîchir de 196 m² situé à Toulouse. Proche de toutes commodités, transports et écoles. À visiter sans tarder.",True,,,False,,A,,,,,,,
ef963e82-0e4f-488f-a79c-b23d78a81942,AN-8DQLUYIS,REC-XV8PS237,Château,Château spacieux à Toulouse,Toulouse,31000,1757175190,78197 €,234,4,False,,43.611308,1.419139,,Marc Lefevre,,,,,2,"Château atypique de 234 m² situé à Toulouse. Proche de toutes commodités, transports et écoles. À visiter sans tarder.",True,,Century Habitat,True,,,,marc.lefevre57@example.com,,,,,
4202cfca-59e8-4d37-9ffd-aca7f8200014,AN-RI35Z5RS,REC-XV8PS237,Château,Château à rafraîchir à Toulouse,Toulouse,31000,2025-02-16,77571,327,1,,,43.620757,1.457313,,,0221741483,,,3,3,,True,,,False,,A,,contact52@example.com,,,,,True
b7c8d818-4fff-4d1f-b667-aad5ecc3ceb8,AN-7DSJ853S,REC-XV8PS237,Château,Château au calme à Toulouse,Toulouse,31000,2025-07-11T13:45:10,100806,227,2,,,43.562933,1.437959,,Claire Fontaine,0032938022,,,3,dernier étage,,True,,Clé en Main Immo,False,https://exemple-images.test/AN-7DSJ853S/1.jpg; https://exemple-images.test/AN-7DSJ853S/2.jpg; https://exemple-images.test/AN-7DSJ853S/3.jpg; https://exemple-images.test/AN-7DSJ853S/4.jpg,,,,,,,,True
1ab61618-1de0-4f10-93ac-a81a395dab14,AN-NGBX2PSE,REC-XV8PS237,Château,Château avec vue dégagée à Toulouse,Toulouse,31000,12-12-2024,116044,321,3,,,43.653345,1.484798,,,,,,,,"Château rénové de 321 m² situé à Toulouse. Proche de toutes commodités, transports et écoles. À visiter sans tarder.",True,,Provence Immobilier,,,B,,contact24@example.com,,,,,True
0c14b2bd-c653-401b-b3a2-9e708a459fb4,AN-10J5WZTQ,REC-XV8PS237,Château,Château charmant à Toulouse,Toulouse,31000,01-03-2025,130848,265,1,,109 impasse des Lilas,43.625078,1.483272,,Julie Girard,0588056951,,,,,"Château lumineux de 265 m² situé à Toulouse. Proche de toutes commodités, transports et écoles. À visiter sans tarder. Travaux à prévoir.",True,,Nid Doré,,,A,,,,,,,True
0f751c21-eb84-4e24-a394-6df4545108aa,AN-9EAYEB62,REC-XV8PS237,Château,Château avec vue dégagée à Toulouse,Toulouse,31000,03/10/2025,87095,284,3,,,43.590706,1.446098,,,0916402048,,349.53,5,3,,True,,,False,,A,,contact66@example.com,,,,,
7b9b2a17-b144-4f66-95ad-f57d5a2464fa,AN-7J32KN4W,REC-XV8PS237,Château,Château lumineux à Toulouse,Toulouse,31000,18/07/2025,125538,210,3,,,43.595818,1.462173,,,0629060979,,,,,"Château lumineux de 210 m² situé à Toulouse. Proche de toutes commodités, transports et écoles. À visiter sans tarder.",True,,,False,,B,2003,,,,,,True
fd6edcbf-19d8-446e-9e26-b3716a09c124,AN-LTOYJC5F,REC-XV8PS237,Château,Château en excellent état à Toulouse,Toulouse,31000,2024-12-27,136790,,3,False,,43.647565,1.461189,,Jean Moreau,0245998115,,55.24,,1,"Château au calme de 307 m² situé à Toulouse. Cave et parking inclus. Proche de toutes commodités, transports et écoles. À visiter sans tarder.",True,,,,,B,,jean.moreau84@example.com,307,,,,
58de5126-0b9f-44d9-a63d-9fa9d69b7a99,AN-DPEM61EB,REC-XV8PS237,Château,Château au calme à Toulouse,Toulouse,31000,07-13-2025,90146,,2,,99 chemin des Vignes,43.576089,1.42476,,Marc Roche,0807740295,,,3,,"Château à rafraîchir de 322 m² situé à Toulouse. Proche de toutes commodités, transports et écoles. À visiter sans tarder.",True,,Toit & Vous,,https://exemple-images.test/AN-DPEM61EB/1.jpg; https://exemple-images.test/AN-DPEM61EB/2.jpg; https://exemple-images.test/AN-DPEM61EB/3.jpg; https://exemple-images.test/AN-DPEM61EB/4.jpg,B,,,322,,,,True
64dc483c-aaaa-40be-a54f-e50023fa8672,AN-P76AZ5UR,REC-XV8PS237,Château,Château en excellent état à Toulouse,Toulouse,31000,1782473530,83417,284,5,True,,43.602456,1.413106,,,0450763844,,,,,"Château spacieux de 284 m² situé à Toulouse. Cave et parking inclus. Proche de toutes commodités, transports et écoles. À visiter sans tarder.",True,,,False,,B,,contact79@example.com,,,,,True
8f8294d7-21fb-4747-8738-1f26c47774df,AN-WB29KZSG,REC-XV8PS237,Château,Château de standing à Toulouse,Toulouse,31000,02/06/2025,110245,318,1,,,43.62609,1.45597,,,0211363185,,,,,"Château atypique de 318 m² situé à Toulouse. Proche de toutes commodités, transports et écoles. À visiter sans tarder.",True,,,,https://exemple-images.test/AN-WB29KZSG/1.jpg; https://exemple-images.test/AN-WB29KZSG/2.jpg; https://exemple-images.test/AN-WB29KZSG/3.jpg,B,,contact39@example.com,,,,,True
89bd1319-0988-4960-a86a-26c6d3dbc307,AN-HKNRSKTV,REC-XV8PS237,Château,Château rénové à Toulouse,Toulouse,31000,28/11/2025,99506,207,4,,,43.590692,1.454901,,Luc Girard,0747344894,,,,,,True,,Century Habitat,True,,A,,,,,,,
754e931f-6617-4465-b811-704495a1e2c1,AN-C76HK80B,REC-XV8PS237,Château,Château à rafraîchir à Toulouse,Toulouse,31000,23/03/2025,89745,290,4,,54 rue Jean Jaurès,,,,Claire Girard,,,,4,,"Château rénové de 290 m² situé à Toulouse. Cave et parking inclus. Proche de toutes commodités, transports et écoles. À visiter sans tarder.",True,,,True,,B,,claire.girard11@example.com,,,,,True
1c95fd8e-7fc4-4e49-ba60-d63ff32bbfc2,AN-JV5T0Q9A,REC-XV8PS237,Château,Château atypique à Toulouse,Toulouse,31000,2024-10-05,124697,310,2,,161 rue de la République,,,,Ahmed Lefevre,0794261891,,,4,RDC,,True,,,,,A,,ahmed.lefevre79@example.com,,,,,True
ee7cd344-1e98-414d-b32f-9da78da2bbea,AN-D0M2URYL,REC-XV8PS237,Château,Château au calme à Toulouse,Toulouse,31000,2024-11-20T00:27:10,88085,213,2,,,,,,Karim Girard,0043178683,,,1,5,,True,,,,,B,1899,,,,,,True
3f136e6d-21ad-4700-b055-48a4fe321446,AN-QPF1VOE5,REC-XV8PS237,Château,Château au calme à Toulouse,Toulouse,31000,2025-10-26,97967,330,2,,124 allée des Platanes,43.59782,1.423488,,Jean Lefevre,,,,,2,"Château spacieux de 330 m² situé à Toulouse. Proche de toutes commodités, transports et écoles. À visiter sans tarder. Travaux à prévoir.",True,,Century Habitat,,,A,1850,,,,,,True
abaa1006-8bb8-4abe-b339-00d6826ec631,AN-7B6LMBYA,REC-XV8PS237,Château,Château en excellent état à Toulouse,Toulouse,31000,01-19-2025,84016 €,283,3,,,,,,Karim Dubois,0416528156,,,4,,"Château de standing de 283 m² situé à Toulouse. Proche de toutes commodités, transports et écoles. À visiter sans tarder.",True,,,False,,B,,karim.dubois8@example.com,,,,,True
20f6bb0e-0e11-463a-9514-d8b7548d5363,AN-7USR9706,REC-XV8PS237,Château,Château à rafraîchir à Toulouse,Toulouse,31000,2024-12-02T01:15:10,121460,313,4,,,,,,,0769533465,,,1,1,,True,,,True,,A,2009,contact80@example.com,,,,,True
4462b919-dc8f-4105-9ae0-eff1ae06dc75,AN-YH2R34LD,REC-XV8PS237,Château,Château avec vue dégagée à Toulouse,Toulouse,31000,13 mars 2025,72539,,2,,,,,,,0650513624,,,0,dernier étage,,True,,,,,A,2000,,258,,,,True
d8f2ffa1-fdf4-4949-9fb3-ab5fffa3b98f,AN-E0XT3K12,REC-XV8PS237,Château,Château au calme à Toulouse,Toulouse,31000,2025-09-26,115072,215,5,True,83 rue Pasteur,,,,Ahmed Girard,0132246719,,,4,,,True,,Toit & Vous,,,A,,,,,,,True
635e79de-ef59-4788-92fd-53b4fcb8035c,AN-W89ENJL5,REC-XV8PS237,Château,Château lumineux à Toulouse,Toulouse,31000,1787646550,117993,,2,,,,,,Jean Lefevre,0463444260,,,0,3,,True,,,,,A,1982,jean.lefevre89@example.com,287,,,,True
247de5ee-4faf-4191-8225-4293d2681790,AN-MD5C7C7Z,REC-XV8PS237,Château,Château avec vue dégagée à Toulouse,Toulouse,31000,1730471950,105686,302,1,,,43.615617,1.417708,,,0913431478,,349.91,1,,"Château de standing de 302 m² situé à Toulouse. Proche de toutes commodités, transports et écoles. À visiter sans tarder. Travaux à prévoir.",,,Clé en Main Immo,,,B,,contact24@example.com,,,,,True
dbb69363-2a77-4315-8e74-31dc4c5484da,AN-YXSXSPLR,REC-XV8PS237,Château,Château rénové à Toulouse,Toulouse,31000,16 janvier 2025,122170,297,3,,72 allée des Platanes,,,,,0594371413,,,1,,"Château à rafraîchir de 297 m² situé à Toulouse. Proche de toutes commodités, transports et écoles. À visiter sans tarder.",True,,,False,,A,,,,,,,True
f6865fb9-f004-47aa-8a42-9cd55597bc57,AN-639XL7VJ,REC-XV8PS237,Château,Château au calme à Toulouse,Toulouse,31000,18 septembre 2025,84254,292,1,,,,,,Jean Moreau,,,,,dernier étage,"Château avec vue dégagée de 292 m² situé à Toulouse. Cave et parking inclus. Proche de toutes commodités, transports et écoles. À visiter sans tarder. Travaux à prévoir.",True,,,True,https://exemple-images.test/AN-639XL7VJ/1.jpg; https://exemple-images.test/AN-639XL7VJ/2.jpg; https://exemple-images.test/AN-639XL7VJ/3.jpg; https://exemple-images.test/AN-639XL7VJ/4.jpg,A,,jean.moreau90@example.com,,,,,True
381439b3-eade-428f-88af-a718ad0a4e7e,AN-7W78X4PH,REC-XV8PS237,Château,Château de standing à Toulouse,Toulouse,31000,2026-03-29,120406,188,3,,,,,,Claire Lefevre,0206593723,,,,,"Château à rafraîchir de 188 m² situé à Toulouse. Proche de toutes commodités, transports et écoles. À visiter sans tarder. Travaux à prévoir.",True,,,,,A,,claire.lefevre43@example.com,,,,,True
b9b2150f-0909-46f6-a49f-40dc89fe1493,AN-UFU8XPTJ,REC-XV8PS237,Château,Château lumineux à Toulouse,Toulouse,31000,2025-11-10,76724,195,5,,164 quai de la Loire,,,,,0599033393,,,4,,"Château à rafraîchir de 195 m² situé à Toulouse. Proche de toutes commodités, transports et écoles. À visiter sans tarder.",True,,Nid Doré,True,,B,,,,,,,True
02d82024-333c-42e2-a3dd-5e04185cb2db,AN-M43LPM12,REC-XV8PS237,Château,Château spacieux à Toulouse,Toulouse,31000,20/04/2026,72650,,3,True,136 place de la Mairie,,,,Sophie Dubois,,,,,0,"Château à rafraîchir de 224 m² situé à Toulouse. Proche de toutes commodités, transports et écoles. À visiter sans tarder.",True,,Century Habitat,,,B,1922,sophie.dubois24@example.com,224,,,,True
83c60fe1-cc44-46e8-bab6-8ab2e3505642,AN-690RQF9Z,REC-XV8PS237,Château,Château au calme à Toulouse,Toulouse,31000,02-06-2026,100137,293,3,,,,,,Marie Martin,0766428564,,,4,,,True,,,True,,B,,,,,,,True
dcbdc826-052f-4782-a55d-0adce0c920ec,AN-58MU74JW,REC-XV8PS237,Château,Château de standing à Toulouse,Toulouse,31000,2025-11-20T08:15:10,88264,216,1,,72 impasse des Lilas,,,,,0313775437,,,0,dernier étage,,True,,,False,,B,,,,,,,
be71a4dd-9270-4d7c-b508-cc6cdd518a85,AN-4MJZKKSF,REC-XV8PS237,Château,Château lumineux à Toulouse,Toulouse,31000,8 janvier 2025,76569 €,282,2,False,40 rue de la République,43.573249,1.416608,,,,,,,2,"Château atypique de 282 m² situé à Toulouse. Cave et parking inclus. Proche de toutes commodités, transports et écoles. À visiter sans tarder.",True,,Provence Immobilier,False,,B,,,,,,,
62fb385a-27a3-421b-be82-8c6de050c4e6,AN-XQPCUH4L,REC-XV8PS237,Château,Château à rafraîchir à Toulouse,Toulouse,31000,18 février 2026,98634,249,4,,91 chemin des Vignes,,,,Jean Girard,,,,,,"Château rénové de 249 m² situé à Toulouse. Proche de toutes commodités, transports et écoles. À visiter sans tarder.",True,,,False,,A,,jean.girard34@example.com,,,,,True
b105665b-6392-4156-9a8d-054f572321b1,AN-ZN0OKY1J,REC-XV8PS237,Château,Château charmant à Toulouse,Toulouse,31000,2026-08-04T14:55:10,114535,,1,,,43.652563,1.452659,,,,,,1,0,"Château rénové de 200 m² situé à Toulouse. Cave et parking inclus. Proche de toutes commodités, transports et écoles. À visiter sans tarder.",True,,,True,,A,,contact78@example.com,200,,,,True
0599c47b-112c-4ad0-ba51-28677d80338b,AN-R2RVMI53,REC-XV8PS237,Château,Château au calme à Toulouse,Toulouse,31000,12-11-2024,77506,277,1,False,,43.562496,1.434489,,Sophie Roche,,True,317.85,2,,"Château atypique de 277 m² situé à Toulouse. Proche de toutes commodités, transports et écoles. À visiter sans tarder.",True,,Toit & Vous,,,A,1941,sophie.roche74@example.com,,,,,True
4e10201d-7ca9-419c-a5b7-9e7ce51ca063,AN-GPQ4NVK1,REC-XV8PS237,Château,Château au calme à Toulouse,Toulouse,31000,2025-05-05T15:22:10,114740,265,3,False,,43.619734,1.440126,,,,,235.52,4,,,True,,,False,,A,1862,,,,,,True
bffff3fa-e30f-4581-9e6e-2542de27472e,AN-VT4G6T2C,REC-XV8PS237,Château,Château de standing à Toulouse,Toulouse,31000,23 février 2025,104140,299,2,True,65 allée des Platanes,,,,Ahmed Roche,,,58.24,,0,"Château rénové de 299 m² situé à Toulouse. Proche de toutes commodités, transports et écoles. À visiter sans tarder. Travaux à prévoir.",True,,Toit & Vous,,,A,,,,,,,True
d5ba8fcd-6204-4e5e-b64d-61a2249b7708,AN-8IAKMO6X,REC-XV8PS237,Château,Château atypique à Toulouse,Toulouse,31000,16 septembre 2024,88748,264,2,False,,,,,Sophie Roche,0568791893,True,,,3,,True,,,,https://exemple-images.test/AN-8IAKMO6X/1.jpg; https://exemple-images.test/AN-8IAKMO6X/2.jpg; https://exemple-images.test/AN-8IAKMO6X/3.jpg; https://exemple-images.test/AN-8IAKMO6X/4.jpg,B,,sophie.roche94@example.com,,,,,
13027607-14b4-4a14-b7be-32ebd7243d16,AN-42BCMXNT,REC-XV8PS237,Château,Château de standing à Toulouse,Toulouse,31000,2025-12-27T04:35:10,83798,257,2,,5 impasse des Lilas,43.648678,1.40952,,Karim Bernard,,,,3,,"Château rénové de 257 m² situé à Toulouse. Proche de toutes commodités, transports et écoles. À visiter sans tarder. Travaux à prévoir.",,,,False,https://exemple-images.test/AN-42BCMXNT/1.jpg; https://exemple-images.test/AN-42BCMXNT/2.jpg; https://exemple-images.test/AN-42BCMXNT/3.jpg; https://exemple-images.test/AN-42BCMXNT/4.jpg; https://exemple-images.test/AN-42BCMXNT/5.jpg,A,,karim.bernard63@example.com,,,,,True
7a9ad563-d276-4d13-bc36-4190b459c4ff,AN-T309YQA5,REC-XV8PS237,Château,Château au calme à Toulouse,Toulouse,31000,2025-09-30T00:40:10,140291,198,5,,191 allée des Platanes,,,,Jean Girard,0967358223,True,138.42,,1,"Château de standing de 198 m² situé à Toulouse. Cave et parking inclus. Proche de toutes commodités, transports et écoles. À visiter sans tarder. Travaux à prévoir.",True,,,,,B,1899,jean.girard25@example.com,,,,,True
fd6003b0-ce5d-4d53-ac6f-574cf9717299,AN-LPXK9SVT,REC-XV8PS237,Château,Château en excellent état à Toulouse,Toulouse,31000,11 mai 2026,120235,,2,,109 avenue des Champs,,,,Sophie Girard,0653141459,True,,,2,"Château lumineux de 297 m² situé à Toulouse. Proche de toutes commodités, transports et écoles. À visiter sans tarder.",True,,Nid Doré,,,,,sophie.girard33@example.com,297,,,,True
d290bafd-3b15-4f97-9c23-7a22f54e58a0,AN-DM1P5JUG,REC-XV8PS237,Château,Château charmant à Toulouse,Toulouse,31000,2026-05-12T11:48:10,138371,,4,,,43.585077,1.415535,,Karim Lefevre,0479030475,,203.57,,,,True,,,True,https://exemple-images.test/AN-DM1P5JUG/1.jpg; https://exemple-images.test/AN-DM1P5JUG/2.jpg; https://exemple-images.test/AN-DM1P5JUG/3.jpg; https://exemple-images.test/AN-DM1P5JUG/4.jpg,A,2021,,222,,,,True
f2676bf1-5fbe-4f8f-9660-e9f62649507e,AN-YRHHXAC4,REC-XV8PS237,Château,Château spacieux à Toulouse,Toulouse,31000,2025-05-06T15:34:10,77936,213,4,True,,,,,,,,,,,"Château atypique de 213 m² situé à Toulouse. Proche de toutes commodités, transports et écoles. À visiter sans tarder.",True,,,True,https://exemple-images.test/AN-YRHHXAC4/1.jpg; https://exemple-images.test/AN-YRHHXAC4/2.jpg; https://exemple-images.test/AN-YRHHXAC4/3.jpg; https://exemple-images.test/AN-YRHHXAC4/4.jpg; https://exemple-images.test/AN-YRHHXAC4/5.jpg,B,,contact7@example.com,,,,,True
77769472-22a0-461d-b141-236e5df02843,AN-9GODWL03,REC-XV8PS237,Château,Château avec vue dégagée à Toulouse,Toulouse,31000,1770153430,133428,322,4,,,43.556868,1.413135,,Jean Faure,0652247622,,,0,2,"Château à rafraîchir de 322 m² situé à Toulouse. Cave et parking inclus. Proche de toutes commodités, transports et écoles. À visiter sans tarder.",True,,ImmoPlus,True,https://exemple-images.test/AN-9GODWL03/1.jpg; https://exemple-images.test/AN-9GODWL03/2.jpg,B,,jean.faure65@example.com,,,,,True
34fbad30-205c-42ec-be2d-a384410d3f58,AN-MKSIJWOU,REC-XV8PS237,Château,Château de standing à Toulouse,Toulouse,31000,3 juin 2025,74428,200,2,,188 place de la Mairie,,,,,0093819650,,,,,,,,,,,B,,contact12@example.com,,,,,
e4017362-4f7a-4969-b523-c5aa96783f52,AN-GC0FEUIE,REC-XV8PS237,Château,Château charmant à Toulouse,Toulouse,31000,2025-08-26,139814,228,5,True,,,,,Jean Faure,,,,1,,"Château lumineux de 228 m² situé à Toulouse. Proche de toutes commodités, transports et écoles. À visiter sans tarder.",True,,,True,,A,,jean.faure66@example.com,,,,,True
f13e5dae-3f06-4a9f-94f7-451d7b9db6f3,AN-K1BROPL0,REC-XV8PS237,Château,Château charmant à Toulouse,Toulouse,31000,04-16-2025,103739,271,4,False,42 allée des Platanes,43.624874,1.444331,,Jean Faure,0290957791,,365.11,2,,"Château charmant de 271 m² situé à Toulouse. Proche de toutes commodités, transports et écoles. À visiter sans tarder.",True,,,,,B,,jean.faure27@example.com,,,,,
083afe9e-5724-47ae-9130-0dc94828727d,AN-YS6G6DO3,REC-XV8PS237,Château,Château atypique à Toulouse,Toulouse,31000,29 décembre 2024,116660 €,243,5,,,,,,Claire Roche,0909190167,,,0,,"Château à rafraîchir de 243 m² situé à Toulouse. Cave et parking inclus. Proche de toutes commodités, transports et écoles. À visiter sans tarder. Travaux à prévoir.",,,,,,A,1855,claire.roche43@example.com,,,,,True
91c36fd7-74c5-4e99-8911-d96ff1a4041f,AN-7F451T9U,REC-XV8PS237,Château,Château à rafraîchir à Toulouse,Toulouse,31000,02-18-2026,94628,283,2,,,43.651517,1.405949,,,0059058779,,,,,"Château charmant de 283 m² situé à Toulouse. Cave et parking inclus. Proche de toutes commodités, transports et écoles. À visiter sans tarder. Travaux à prévoir.",True,,,False,,B,,,,,,,True
9bb90c40-685a-4c00-9d56-021ddc8c2ac1,AN-D9EHOCJD,REC-XV8PS237,Château,Château atypique à Toulouse,Toulouse,31000,27/02/2025,81107,291,1,,,,,,Marc Martin,0885140518,,314.18,5,,"Château lumineux de 291 m² situé à Toulouse. Cave et parking inclus. Proche de toutes commodités, transports et écoles. À visiter sans tarder.",True,,,True,https://exemple-images.test/AN-D9EHOCJD/1.jpg; https://exemple-images.test/AN-D9EHOCJD/2.jpg; https://exemple-images.test/AN-D9EHOCJD/3.jpg; https://exemple-images.test/AN-D9EHOCJD/4.jpg; https://exemple-images.test/AN-D9EHOCJD/5.jpg,A,,marc.martin29@example.com,,,,,
5719cdcb-c572-4fd8-a80e-cbb02b7ecf86,AN-2E4ZJC6C,REC-XV8PS237,Château,Château à rafraîchir à Toulouse,Toulouse,31000,2025-11-01,99691,190,5,True,110 rue Victor Hugo,,,,Jean Moreau,0010647564,,,5,,"Château spacieux de 190 m² situé à Toulouse. Cave et parking inclus. Proche de toutes commodités, transports et écoles. À visiter sans tarder.",True,,ImmoPlus,True,,A,,,,,,,True
e292339d-cd21-45da-870c-ae1e4b671459,AN-3LETKEJV,REC-XV8PS237,Château,Château en excellent état à Toulouse,Toulouse,31000,11/05/2025,72840,204,3,,85 rue Victor Hugo,43.557678,1.459815,,,,True,,3,,"Château charmant de 204 m² situé à Toulouse. Proche de toutes commodités, transports et écoles. À visiter sans tarder.",True,,,,https://exemple-images.test/AN-3LETKEJV/1.jpg,A,,contact3@example.com,,,,,True
93702483-503a-4428-9d67-6765e6355532,AN-NCMAPM52,REC-XV8PS237,Château,Château en excellent état à Toulouse,Toulouse,31000,2025-11-20,96529,283,2,True,18 rue Pasteur,,,,Claire Martin,0082656911,,,,2,"Château charmant de 283 m² situé à Toulouse. Cave et parking inclus. Proche de toutes commodités, transports et écoles. À visiter sans tarder.",True,,Toit & Vous,True,,A,,,,,,,True
5299a7f6-645a-4a03-b88b-fdfc67d0a832,AN-309QIVCR,REC-XV8PS237,Château,Château en excellent état à Toulouse,Toulouse,31000,07-09-2025,96962,259,5,,61 impasse des Lilas,43.583589,1.396419,,,0878157219,,,5,3,"Château en excellent état de 259 m² situé à Toulouse. Cave et parking inclus. Proche de toutes commodités, transports et écoles. À visiter sans tarder. Travaux à prévoir.",True,,,False,,B,,contact43@example.com,,,,,True
aad751df-d44c-4a6e-a5ad-43c77a4304e9,AN-23K2CFUH,REC-XV8PS237,Château,Château au calme à Toulouse,Toulouse,31000,14/11/2024,140171,273,3,True,61 place de la Mairie,43.615433,1.413911,,Claire Martin,,,,,,"Château charmant de 273 m² situé à Toulouse. Proche de toutes commodités, transports et écoles. À visiter sans tarder. Travaux à prévoir.",True,,Century Habitat,,,,,,,,,,True
50a5c154-2462-46ce-a102-cd7713d80db7,AN-3807SXZ8,REC-XV8PS237,Château,Château en excellent état à Toulouse,Toulouse,31000,29/01/2026,78708,327,5,,,,,,Claire Fontaine,0687578609,True,,5,,"Château avec vue dégagée de 327 m² situé à Toulouse. Proche de toutes commodités, transports et écoles. À visiter sans tarder.",True,,,,,B,,,,,,,True
c0fd54f8-036a-43a3-b71e-34cb9d1b3337,AN-XBDCFJCF,REC-XV8PS237,Château,Château à rafraîchir à Toulouse,Toulouse,31000,2025-06-07,110824,208,4,,,,,,Ahmed Lefevre,0914814757,,,,,"Château lumineux de 208 m² situé à Toulouse. Cave et parking inclus. Proche de toutes commodités, transports et écoles. À visiter sans tarder.",,,Nid Doré,True,,B,,,,,,,True
3beec326-3fc9-4ad1-b3ac-55ac1d54c610,AN-RFAWKIQI,REC-XV8PS237,Château,Château rénové à Toulouse,Toulouse,31000,11/09/2025,117087,228,3,,115 rue du Commerce,,,,Marc Moreau,0089084537,,,,,"Château lumineux de 228 m² situé à Toulouse. Proche de toutes commodités, transports et écoles. À visiter sans tarder.",True,,,True,https://exemple-images.test/AN-RFAWKIQI/1.jpg; https://exemple-images.test/AN-RFAWKIQI/2.jpg; https://exemple-images.test/AN-RFAWKIQI/3.jpg; https://exemple-images.test/AN-RFAWKIQI/4.jpg; https://exemple-images.test/AN-RFAWKIQI/5.jpg,A,,,,,,,True
dd609d68-130c-4f68-90af-b0f32badeead,AN-3VUBZQSS,REC-XV8PS237,Château,Château au calme à Toulouse,Toulouse,31000,2025-07-30,115346,258,5,,,,,,Karim Bernard,,,,,5,,True,,Clé en Main Immo,,,B,,,,,,,
ecfc1b06-b700-42b6-bc10-d040c0199623,AN-CJEHP56W,REC-XV8PS237,Château,Château de standing à Toulouse,Toulouse,31000,13/03/2025,75413,251,5,,,,,,Nadia Martin,,,,,,"Château de standing de 251 m² situé à Toulouse. Proche de toutes commodités, transports et écoles. À visiter sans tarder.",,,Nid Doré,,,A,,,,,,,
3c38d2e9-307b-42c3-a4a6-2f74da6c11af,AN-CP068W4F,REC-XV8PS237,Château,Château atypique à Toulouse,Toulouse,31000,09-05-2024,111635 €,251,1,,158 rue Victor Hugo,,,,Sophie Girard,0960230717,,361.11,,RDC,"Château en excellent état de 251 m² situé à Toulouse. Cave et parking inclus. Proche de toutes commodités, transports et écoles. À visiter sans tarder.",True,,ImmoPlus,False,,B,,sophie.girard79@example.com,,,,,
4080d69e-7c54-4c76-bd27-a4a858ac425a,AN-QT4NT9B0,REC-XV8PS237,Château,Château spacieux à Toulouse,Toulouse,31000,2024-11-29T03:57:10,108566,309,4,,,43.635386,1.410399,,Jean Fontaine,0189968166,True,,4,,"Château charmant de 309 m² situé à Toulouse. Cave et parking inclus. Proche de toutes commodités, transports et écoles. À visiter sans tarder. Travaux à prévoir.",True,,Nid Doré,,,,1907,,,,,,True
7ffcde1b-fc60-45bd-89be-db8b86b33c85,AN-QR17VLF0,REC-XV8PS237,Château,Château lumineux à Toulouse,Toulouse,31000,2024-11-26,109711,257,3,,94 boulevard Gambetta,,,,,0590915023,,131.3,,RDC,"Château avec vue dégagée de 257 m² situé à Toulouse. Proche de toutes commodités, transports et écoles. À visiter sans tarder.",True,,,,,A,,,,,,,True
f519f910-fe3d-4670-b366-6a0b1d05f099,AN-YZW8A6VZ,REC-XV8PS237,Château,Château en excellent état à Toulouse,Toulouse,31000,1786746310,131251,246,3,,,43.562787,1.425089,,Jean Fontaine,0291277421,True,,,,"Château rénové de 246 m² situé à Toulouse. Proche de toutes commodités, transports et écoles. À visiter sans tarder.",True,,,,https://exemple-images.test/AN-YZW8A6VZ/1.jpg; https://exemple-images.test/AN-YZW8A6VZ/2.jpg; https://exemple-images.test/AN-YZW8A6VZ/3.jpg,A,,jean.fontaine77@example.com,,,,,True
023fc89a-54b0-46ad-be28-6d3b0c686347,AN-I06TA9EW,REC-XV8PS237,Château,Château rénové à Toulouse,Toulouse,31000,17/03/2025,78028 €,248,5,True,,,,,,0552804976,,,5,,"Château atypique de 248 m² situé à Toulouse. Cave et parking inclus. Proche de toutes commodités, transports et écoles. À visiter sans tarder.",,,,False,,A,,,,,,,True
e87394a2-c6cd-46ca-867d-f5a07b46269f,AN-1ZCRKXUC,REC-XV8PS237,Château,Château rénové à Toulouse,Toulouse,31000,04-04-2026,89385,287,1,,,43.557174,1.457971,,Claire Dubois,0590187170,,361.7,,2,,True,,Clé en Main Immo,,,B,1896,,,,,,True
f20e9ec7-5ea5-4618-b60e-59ffea901bd4,AN-OROYZJGQ,REC-XV8PS237,Château,Château spacieux à Toulouse,Toulouse,31000,2025-05-04T15:09:10,73026,,1,False,,43.646942,1.493146,,,0669832620,,,2,,"Château atypique de 258 m² situé à Toulouse. Proche de toutes commodités, transports et écoles. À visiter sans tarder.",True,,,False,,B,,,258,,,,True
08ff5ee0-8537-4d3d-b0f6-6bdfe59048e5,AN-P54755GI,REC-XV8PS237,Château,Château rénové à Toulouse,Toulouse,31000,2025-04-09T02:14:10,139148 €,,5,,149 avenue des Champs,,,,Marc Perrin,0253877255,,,,,"Château lumineux de 185 m² situé à Toulouse. Proche de toutes commodités, transports et écoles. À visiter sans tarder.",True,,,False,https://exemple-images.test/AN-P54755GI/1.jpg; https://exemple-images.test/AN-P54755GI/2.jpg; https://exemple-images.test/AN-P54755GI/3.jpg,,1864,marc.perrin91@example.com,185,,,,True
9bb2d25b-f730-4910-933d-b18a81c03850,AN-EJQRTIFJ,REC-XV8PS237,Château,Château de standing à Toulouse,Toulouse,31000,1733907370,112799,322,4,,,43.60395,1.459868,,Karim Fontaine,,,90.04,3,,"Château charmant de 322 m² situé à Toulouse. Cave et parking inclus. Proche de toutes commodités, transports et écoles. À visiter sans tarder. Travaux à prévoir.",True,,,False,,A,,,,,,,
1f8560a6-f68f-44d1-b99d-acf68c3b0802,AN-4KW9TGA6,REC-XV8PS237,Château,Château de standing à Toulouse,Toulouse,31000,10/11/2025,95195,259,4,,179 rue de la République,43.592562,1.419245,,,0585362267,,,,dernier étage,,,,,True,,A,,contact78@example.com,,,,,True
d8eb622b-31fa-4eab-86d6-d22a9c6079ca,AN-QVQL5JIZ,REC-XV8PS237,Château,Château lumineux à Toulouse,Toulouse,31000,05-13-2025,96706,311,4,True,56 rue du Commerce,,,,,0167562877,,,,,"Château atypique de 311 m² situé à Toulouse. Proche de toutes commodités, transports et écoles. À visiter sans tarder.",True,,,,https://exemple-images.test/AN-QVQL5JIZ/1.jpg; https://exemple-images.test/AN-QVQL5JIZ/2.jpg; https://exemple-images.test/AN-QVQL5JIZ/3.jpg,A,1932,,,,,,True
6e5a9a65-4b97-4f7e-9dca-fe55d3001a78,AN-JWV0RGYP,REC-XV8PS237,Château,Château atypique à Toulouse,Toulouse,31000,05/07/2025,136537,197,5,False,,,,,Julie Fontaine,0549912330,,,,,"Château rénové de 197 m² situé à Toulouse. Proche de toutes commodités, transports et écoles. À visiter sans tarder.",,,Nid Doré,False,,B,,julie.fontaine46@example.com,,,,,True
6e600916-9aa0-4dfa-b56d-de1c02a7f220,AN-MFSP6KST,REC-XV8PS237,Château,Château en excellent état à Toulouse,Toulouse,31000,1733828830,74418,,1,,113 rue Pasteur,,,,,0635536299,,369.16,3,0,,True,,,,,B,,contact94@example.com,190,,,,True
ac236a8f-baa3-4b59-82a6-ebfffecf048d,AN-VDV6QXY3,REC-XV8PS237,Château,Château spacieux à Toulouse,Toulouse,31000,28 novembre 2024,106149,257,4,,,,,,,0339946431,,,5,2,"Château avec vue dégagée de 257 m² situé à Toulouse. Proche de toutes commodités, transports et écoles. À visiter sans tarder. Travaux à prévoir.",True,,,True,https://exemple-images.test/AN-VDV6QXY3/1.jpg; https://exemple-images.test/AN-VDV6QXY3/2.jpg; https://exemple-images.test/AN-VDV6QXY3/3.jpg; https://exemple-images.test/AN-VDV6QXY3/4.jpg; https://exemple-images.test/AN-VDV6QXY3/5.jpg,B,1978,contact79@example.com,,,,,True
721809fe-e405-453a-8a08-47adaa350895,AN-CAZW2RY2,REC-XV8PS237,Château,Château en excellent état à Toulouse,Toulouse,31000,2025-10-07,75753,204,1,,,43.613963,1.413894,,,0631223228,,,2,,,True,,,True,,B,1988,,,,,,True
570a99ac-1245-4a86-872f-3a966725d51d,AN-MCP40K8N,REC-XV8PS237,Château,Château atypique à Toulouse,Toulouse,31000,2026-05-04,95312,,3,,58 place de la Mairie,43.651196,1.409505,,Karim Fontaine,0312686307,,,1,,"Château atypique de 264 m² situé à Toulouse. Proche de toutes commodités, transports et écoles. À visiter sans tarder.",,,,False,,A,1932,karim.fontaine62@example.com,264,,,,True
6343a197-1d3f-4acb-ade1-223aec0ddb14,AN-IJ70JJYY,REC-XV8PS237,Château,Château lumineux à Toulouse,Toulouse,31000,2025-02-22,81302,271,1,False,,43.632213,1.414871,,,0461455051,,,,,,True,,ImmoPlus,,,,,contact72@example.com,,,,,True
53d22631-a0b0-4862-9abb-2fe4f3f54024,AN-U0OGXN2X,REC-XV8PS237,Château,Château en excellent état à Toulouse,Toulouse,31000,28/02/2026,84475,283,4,True,,43.652963,1.398917,,Karim Perrin,0143835378,,,0,,"Château atypique de 283 m² situé à Toulouse. Cave et parking inclus. Proche de toutes commodités, transports et écoles. À visiter sans tarder.",True,,,True,,A,,,,,,,True
e11d8b32-b592-406a-ac3c-be42d00732a9,AN-0E12WMPL,REC-XV8PS237,Château,Château de standing à Toulouse,Toulouse,31000,2025-08-04,130191 €,269,2,,,43.632633,1.492905,,Nadia Fontaine,0873430631,,,,4,"Château en excellent état de 269 m² situé à Toulouse. Proche de toutes commodités, transports et écoles. À visiter sans tarder.",,,,,,B,1996,,,,,,True
30647dea-658f-45c4-a7cc-46210d596c2e,AN-X204N5S6,REC-XV8PS237,Château,Château atypique à Toulouse,Toulouse,31000,1741582390,104529,189,4,,,43.636938,1.425684,,Ahmed Perrin,0827447848,True,,,dernier étage,"Château de standing de 189 m² situé à Toulouse. Proche de toutes commodités, transports et écoles. À visiter sans tarder. Travaux à prévoir.",True,,Toit & Vous,,https://exemple-images.test/AN-X204N5S6/1.jpg; https://exemple-images.test/AN-X204N5S6/2.jpg; https://exemple-images.test/AN-X204N5S6/3.jpg; https://exemple-images.test/AN-X204N5S6/4.jpg; https://exemple-images.test/AN-X204N5S6/5.jpg,B,2024,ahmed.perrin82@example.com,,,,,True
c4f33899-ef15-40f2-9e61-ad2b1faba3c7,AN-O2IGBPWR,REC-XV8PS237,Château,Château charmant à Toulouse,Toulouse,31000,2026-07-09,80832,306,5,,190 rue Pasteur,,,,Julie Faure,0926271495,,273.26,,3,"Château avec vue dégagée de 306 m² situé à Toulouse. Proche de toutes commodités, transports et écoles. À visiter sans tarder.",True,,,False,,A,,,,,,,True
1fa2b726-d591-4fe2-9dd1-b3f3f86b26fe,AN-F4E3IBP5,REC-XV8PS237,Château,Château rénové à Toulouse,Toulouse,31000,2025-03-29,74006,220,3,,83 rue Jean Jaurès,,,,,0292835700,,122.46,,,"Château atypique de 220 m² situé à Toulouse. Proche de toutes commodités, transports et écoles. À visiter sans tarder.",True,,,True,https://exemple-images.test/AN-F4E3IBP5/1.jpg; https://exemple-images.test/AN-F4E3IBP5/2.jpg; https://exemple-images.test/AN-F4E3IBP5/3.jpg; https://exemple-images.test/AN-F4E3IBP5/4.jpg,B,1989,,,,,,True
106a0db8-bf6b-4013-8584-60b5ffb8434e,AN-H6DGWOVO,REC-XV8PS237,Château,Château charmant à Toulouse,Toulouse,31000,1766171950,72693 €,209,2,,168 rue Pasteur,43.616739,1.414238,,,0370861779,,,0,0,"Château au calme de 209 m² situé à Toulouse. Proche de toutes commodités, transports et écoles. À visiter sans tarder.",True,,,,https://exemple-images.test/AN-H6DGWOVO/1.jpg; https://exemple-images.test/AN-H6DGWOVO/2.jpg,B,1874,contact66@example.com,,,,,True
0cacd27d-6927-4f69-988f-3dc8923e64f1,AN-CFBJJ8HK,REC-XV8PS237,Château,Château avec vue dégagée à Toulouse,Toulouse,31000,05-20-2026,73376,292,5,,172 rue Victor Hugo,43.588575,1.439085,,,0798928548,,,,,"Château à rafraîchir de 292 m² situé à Toulouse. Proche de toutes commodités, transports et écoles. À visiter sans tarder.",True,,Nid Doré,False,,B,,,,,,,
21e42af6-e472-40ba-aa67-e7abac4461f1,AN-SL86DX5L,REC-XV8PS237,Château,Château atypique à Toulouse,Toulouse,31000,29/08/2024,93593,316,2,,,43.603513,1.458235,,Karim Roche,0444300850,,,0,3,"Château de standing de 316 m² situé à Toulouse. Cave et parking inclus. Proche de toutes commodités, transports et écoles. À visiter sans tarder.",True,,,,,A,,,,,,,True
9245b838-6f2b-41d5-ba97-0ffa81296748,AN-NQCQ0CR9,REC-XV8PS237,Château,Château à rafraîchir à Toulouse,Toulouse,31000,22/06/2025,134834,,4,,173 impasse des Lilas,,,,Nadia Martin,,,241.81,0,,"Château atypique de 182 m² situé à Toulouse. Proche de toutes commodités, transports et écoles. À visiter sans tarder.",True,,Clé en Main Immo,False,,B,1924,nadia.martin47@example.com,182,,,,
4aa6066e-ee73-4fdc-b5a5-7505911fdcea,AN-CVHYWUGD,REC-XV8PS237,Château,Château charmant à Toulouse,Toulouse,31000,1770176350,108260,198,4,,66 impasse des Lilas,43.652819,1.441287,,Claire Roche,0027172580,,,2,0,"Château avec vue dégagée de 198 m² situé à Toulouse. Proche de toutes commodités, transports et écoles. À visiter sans tarder.",True,,Century Habitat,False,https://exemple-images.test/AN-CVHYWUGD/1.jpg; https://exemple-images.test/AN-CVHYWUGD/2.jpg; https://exemple-images.test/AN-CVHYWUGD/3.jpg,A,,,,,,,True
1789cc0d-4f2a-4dde-88bf-c6825bf633c9,AN-30QHDHHZ,REC-XV8PS237,Château,Château en excellent état à Toulouse,Toulouse,31000,2025-04-17T19:16:10,88449,256,1,,,,,,,0564206906,,137.53,,2,"Château spacieux de 256 m² situé à Toulouse. Cave et parking inclus. Proche de toutes commodités, transports et écoles. À visiter sans tarder. Travaux à prévoir.",True,,ImmoPlus,False,,B,,contact75@example.com,,,,,True
0d0e6c46-2276-46a3-98a0-fc478d772b70,AN-FA3FBST3,REC-XV8PS237,Château,Château au calme à Toulouse,Toulouse,31000,1760077090,87915,,1,True,170 boulevard Gambetta,43.583541,1.446224,,Nadia Fontaine,0704045634,,140.9,4,,"Château de standing de 303 m² situé à Toulouse. Proche de toutes commodités, transports et écoles. À visiter sans tarder.",True,,Clé en Main Immo,False,,B,,nadia.fontaine47@example.com,303,,,,True
567a41f6-8b86-464e-b077-07a49b0025b1,AN-IGD1ZWML,REC-XV8PS237,Château,Château charmant à Toulouse,Toulouse,31000,9 juin 2026,121324,231,4,True,,43.62434,1.401478,,,0548901826,,,,4,"Château charmant de 231 m² situé à Toulouse. Proche de toutes commodités, transports et écoles. À visiter sans tarder.",True,,ImmoPlus,,,A,,contact73@example.com,,,,,True
f7deb153-821f-42d5-8b22-05e759478fe0,AN-EIPG15C0,REC-XV8PS237,Château,Château de standing à Toulouse,Toulouse,31000,2024-12-02,131650 €,317,4,,22 boulevard Gambetta,,,,,0045918241,,229.33,,4,"Château de standing de 317 m² situé à Toulouse. Proche de toutes commodités, transports et écoles. À visiter sans tarder.",True,,ImmoPlus,,,B,,contact27@example.com,,,,,
b1d39374-58d2-4434-8511-e53180ef38f7,AN-KOLDL6LO,REC-XV8PS237,Château,Château au calme à Toulouse,Toulouse,31000,1748312530,116549,203,5,,190 avenue des Champs,43.576922,1.455783,,Jean Faure,0795959805,,,2,,,True,,,,https://exemple-images.test/AN-KOLDL6LO/1.jpg; https://exemple-images.test/AN-KOLDL6LO/2.jpg; https://exemple-images.test/AN-KOLDL6LO/3.jpg,B,,jean.faure89@example.com,,,,,True
f7de7388-1923-4729-bd31-e62a660a1b88,AN-8Z2PP7DW,REC-XV8PS237,Château,Château à rafraîchir à Toulouse,Toulouse,31000,2025-05-25T21:46:10,109086 €,231,3,True,,,,,,0410356660,,,,,,True,,,,https://exemple-images.test/AN-8Z2PP7DW/1.jpg; https://exemple-images.test/AN-8Z2PP7DW/2.jpg; https://exemple-images.test/AN-8Z2PP7DW/3.jpg; https://exemple-images.test/AN-8Z2PP7DW/4.jpg; https://exemple-images.test/AN-8Z2PP7DW/5.jpg,A,1858,contact80@example.com,,,,,True
d93549ea-1067-46c1-8a4d-7148a8c65c1c,AN-34S24VFS,REC-XV8PS237,Château,Château lumineux à Toulouse,Toulouse,31000,02-09-2025,109921 €,201,1,,,43.572735,1.456941,,,0110463715,,,3,,"Château au calme de 201 m² situé à Toulouse. Proche de toutes commodités, transports et écoles. À visiter sans tarder.",True,,Century Habitat,,,B,,,,,,,True
491aff6c-be5d-45aa-9e50-720cb6f612e7,AN-64QJ9EMG,REC-XV8PS237,Château,Château de standing à Toulouse,Toulouse,31000,02-21-2026,134647,233,2,,18 place de la Mairie,,,,,0631898331,True,,4,0,"Château spacieux de 233 m² situé à Toulouse. Cave et parking inclus. Proche de toutes commodités, transports et écoles. À visiter sans tarder.",True,,,,,B,,,,,,,True
b7ac9b9d-4257-44b6-81bd-2a20a61505ba,AN-U2P5ZJFC,REC-XV8PS237,Château,Château de standing à Toulouse,Toulouse,31000,1762393930,106075,196,4,False,,43.638453,1.42785,,Karim Martin,0066534854,,,4,0,,True,,,,,,,karim.martin75@example.com,,,,,True
08162818-f045-47f4-b890-3043df684500,AN-7RGU8CRT,REC-XV8PS237,Château,Château en excellent état à Toulouse,Toulouse,31000,06-14-2025,112405,275,3,,49 boulevard Gambetta,43.555046,1.435622,,,0561130186,,,5,dernier étage,,True,,,True,https://exemple-images.test/AN-7RGU8CRT/1.jpg; https://exemple-images.test/AN-7RGU8CRT/2.jpg; https://exemple-images.test/AN-7RGU8CRT/3.jpg,A,,contact50@example.com,,,,,True
0527dc1f-0953-4154-873d-0db4cef06aae,AN-QEUB24DJ,REC-XV8PS237,Château,Château de standing à Toulouse,Toulouse,31000,10-07-2024,94112,,1,False,,43.58542,1.467739,,Claire Girard,0320787903,,,,2,"Château rénové de 288 m² situé à Toulouse. Proche de toutes commodités, transports et écoles. À visiter sans tarder.",True,,,True,,A,2012,,288,,,,
29166282-240a-46f0-b4ca-c18f73c6f187,AN-OMMQXXPM,REC-XV8PS237,Château,Château avec vue dégagée à Toulouse,Toulouse,31000,1742135890,113336,257,4,,,43.603589,1.448749,,Claire Girard,0728974997,,,,dernier étage,"Château spacieux de 257 m² situé à Toulouse. Cave et parking inclus. Proche de toutes commodités, transports et écoles. À visiter sans tarder.",True,,,False,,B,1918,claire.girard32@example.com,,,,,True
4b4d22ab-b064-46eb-bfc2-37aacebcc2d6,AN-HESD7OO9,REC-XV8PS237,Château,Château de standing à Toulouse,Toulouse,31000,2025-10-04,79000,224,4,,190 rue Pasteur,43.629093,1.423524,,,0214702762,,,,,"Château à rafraîchir de 224 m² situé à Toulouse. Proche de toutes commodités, transports et écoles. À visiter sans tarder.",,,,False,https://exemple-images.test/AN-HESD7OO9/1.jpg,A,1956,,,,,,True
1a4db636-c87d-46c9-a324-ec1a5e0a035c,AN-LFFBPYHF,REC-XV8PS237,Château,Château spacieux à Toulouse,Toulouse,31000,2025-05-17,111864 €,200,3,,,,,,Marc Lefevre,,,,2,4,"Château de standing de 200 m² situé à Toulouse. Proche de toutes commodités, transports et écoles. À visiter sans tarder.",True,,Provence Immobilier,True,,B,1900,,,,,,True
4ffde093-9048-4a26-8346-d8fcbd89b53d,AN-0XBZUC2C,REC-XV8PS237,Château,Château avec vue dégagée à Toulouse,Toulouse,31000,2026-05-02,90892,314,5,,184 rue Jean Jaurès,43.567184,1.43966,,Marc Roche,,,,4,,"Château à rafraîchir de 314 m² situé à Toulouse. Proche de toutes commodités, transports et écoles. À visiter sans tarder.",True,,,,,B,,marc.roche2@example.com,,,,,True
aec18416-e166-477c-bb7f-bf04cf76de8c,AN-Z8QO3DXB,REC-XV8PS237,Château,Château au calme à Toulouse,Toulouse,31000,30/06/2026,109261 €,219,4,False,,,,,Karim Roche,0687404188,,,,,"Château charmant de 219 m² situé à Toulouse. Cave et parking inclus. Proche de toutes commodités, transports et écoles. À visiter sans tarder.",True,,Toit & Vous,,,B,,karim.roche76@example.com,,,,,True
d9e27682-44cc-4803-874f-24d703b2b94a,AN-B9NG7CK7,REC-XV8PS237,Château,Château avec vue dégagée à Toulouse,Toulouse,31000,11/09/2025,129818 €,192,1,,198 rue Victor Hugo,43.652833,1.439987,,,0854856885,,,,,"Château au calme de 192 m² situé à Toulouse. Cave et parking inclus. Proche de toutes commodités, transports et écoles. À visiter sans tarder. Travaux à prévoir.",True,,,,,A,,,,,,,True
14848c50-bfa6-4011-b537-e2211f9d49f4,AN-TPQSJ33T,REC-XV8PS237,Château,Château rénové à Toulouse,Toulouse,31000,12 janvier 2026,115362,219,2,True,104 rue du Commerce,,,,Marie Dubois,0321883663,,283.41,,0,,,,,,,A,,,,,,,True
d86dec93-a909-4bf2-95ed-53344104088d,AN-V26ZZ07C,REC-XV8PS237,Château,Château en excellent état à Toulouse,Toulouse,31000,18 juin 2025,116512,228,3,True,,,,,Sophie Dubois,0682573072,,,3,,"Château lumineux de 228 m² situé à Toulouse. Proche de toutes commodités, transports et écoles. À visiter sans tarder.",,,,True,,A,,sophie.dubois31@example.com,,,,,True
764ceb6a-e604-4dc5-89be-40ce79348dbf,AN-VNO15UPB,REC-XV8PS237,Château,Château de standing à Toulouse,Toulouse,31000,06-23-2026,132355,261,2,True,,,,,,,,,5,dernier étage,"Château à rafraîchir de 261 m² situé à Toulouse. Proche de toutes commodités, transports et écoles. À visiter sans tarder.",,,,,https://exemple-images.test/AN-VNO15UPB/1.jpg; https://exemple-images.test/AN-VNO15UPB/2.jpg; https://exemple-images.test/AN-VNO15UPB/3.jpg; https://exemple-images.test/AN-VNO15UPB/4.jpg,A,,,,,,,True
1150a80b-f9ed-4077-be19-d7da7901bd55,AN-52YZ3R7R,REC-XV8PS237,Château,Château avec vue dégagée à Toulouse,Toulouse,31000,14 septembre 2024,101539,209,3,True,106 impasse des Lilas,43.652603,1.394595,,Marc Bernard,,,,2,,"Château charmant de 209 m² situé à Toulouse. Cave et parking inclus. Proche de toutes commodités, transports et écoles. À visiter sans tarder.",True,,,True,https://exemple-images.test/AN-52YZ3R7R/1.jpg; https://exemple-images.test/AN-52YZ3R7R/2.jpg; https://exemple-images.test/AN-52YZ3R7R/3.jpg,F,1910,,,,,,True
266415c9-2fb7-4647-b671-0be9275f3e92,AN-QU9B3GS6,REC-XV8PS237,Château,Château lumineux à Toulouse,Toulouse,31000,2026-08-10,116900 €,308,4,,197 boulevard Gambetta,43.626974,1.427762,,Nadia Girard,,,,1,,"Château de standing de 308 m² situé à Toulouse. Proche de toutes commodités, transports et écoles. À visiter sans tarder. Travaux à prévoir.",True,,,,,A,,,,,,,
27633ea7-b39d-4424-982d-9bd41103728a,AN-QWPSFRW6,REC-XV8PS237,Château,Château avec vue dégagée à Toulouse,Toulouse,31000,2026-06-11,95978,198,4,False,80 impasse des Lilas,,,,,,,,3,1,"Château à rafraîchir de 198 m² situé à Toulouse. Proche de toutes commodités, transports et écoles. À visiter sans tarder.",True,,Toit & Vous,,,A,1865,contact1@example.com,,,,,True
b570e7b8-d415-40cb-89ce-157531b78738,AN-AHWTDSU4,REC-XV8PS237,Château,Château de standing à Toulouse,Toulouse,31000,1733919130,82337 €,264,1,,,43.64609,1.460007,,Ahmed Fontaine,0902111713,,,,,"Château au calme de 264 m² situé à Toulouse. Proche de toutes commodités, transports et écoles. À visiter sans tarder.",True,,,False,,B,,ahmed.fontaine17@example.com,,,,,
8865bb84-0f07-4b91-a85f-de192703b3f0,AN-1HTJ16TU,REC-XV8PS237,Château,Château spacieux à Toulouse,Toulouse,31000,08/11/2024,120588,248,1,False,170 rue Pasteur,,,,,0849889617,,,,,"Château spacieux de 248 m² situé à Toulouse. Proche de toutes commodités, transports et écoles. À visiter sans tarder.",True,,,True,,A,,contact78@example.com,,,,,True
58960505-af42-4dfa-9113-64a7018d51f3,AN-ZR14VU6W,REC-XV8PS237,Château,Château au calme à Toulouse,Toulouse,31000,26 octobre 2024,102856,210,2,,74 impasse des Lilas,,,,Claire Fontaine,0933395865,,247.92,4,3,"Château au calme de 210 m² situé à Toulouse. Proche de toutes commodités, transports et écoles. À visiter sans tarder. Travaux à prévoir.",True,,Nid Doré,,https://exemple-images.test/AN-ZR14VU6W/1.jpg; https://exemple-images.test/AN-ZR14VU6W/2.jpg; https://exemple-images.test/AN-ZR14VU6W/3.jpg; https://exemple-images.test/AN-ZR14VU6W/4.jpg; https://exemple-images.test/AN-ZR14VU6W/5.jpg,B,,,,,,,
79a0d822-61ee-4095-8266-bca7aa6d5bef,AN-3B9PXKQN,REC-XV8PS237,Château,Château à rafraîchir à Toulouse,Toulouse,31000,2025-08-28,76291,326,3,,17 avenue des Champs,43.623192,1.437951,,Karim Martin,0698404512,,,1,4,"Château rénové de 326 m² situé à Toulouse. Cave et parking inclus. Proche de toutes commodités, transports et écoles. À visiter sans tarder.",True,,,True,,A,1916,,,,,,True
a8967bd1-1787-4067-8608-ad2417d93b68,AN-K8CBV9DR,REC-XV8PS237,Château,Château en excellent état à Toulouse,Toulouse,31000,1724971390,74981,187,4,,,,,,Claire Dubois,0889890594,,,2,,"Château rénové de 187 m² situé à Toulouse. Proche de toutes commodités, transports et écoles. À visiter sans tarder.",True,,,True,https://exemple-images.test/AN-K8CBV9DR/1.jpg; https://exemple-images.test/AN-K8CBV9DR/2.jpg,A,1969,,,,,,True
8485cc04-4576-4657-bf74-5da2c964bc09,AN-CEVKP0CM,REC-XV8PS237,Château,Château rénové à Toulouse,Toulouse,31000,04-28-2026,105889 €,222,1,,,43.577739,1.442108,,Sophie Lefevre,0018732786,,,5,dernier étage,"Château à rafraîchir de 222 m² situé à Toulouse. Proche de toutes commodités, transports et écoles. À visiter sans tarder.",True,,Clé en Main Immo,,,B,,,,,,,True
b8be07f2-29d2-4cb4-ae10-a101c220d21a,AN-MQ8IBS6M,REC-XV8PS237,Château,Château atypique à Toulouse,Toulouse,31000,2026-06-01,73295 €,289,5,,,43.647643,1.469816,,Julie Roche,0061082661,,63.77,,,"Château de standing de 289 m² situé à Toulouse. Proche de toutes commodités, transports et écoles. À visiter sans tarder.",True,,,False,,A,,,,,,,True
3ed85163-6eb8-46b0-9549-695b5c391e78,AN-RJMZKV1D,REC-XV8PS237,Château,Château charmant à Toulouse,Toulouse,31000,31/07/2025,86421,298,3,,53 quai de la Loire,,,,Claire Girard,0316144579,True,,4,,"Château avec vue dégagée de 298 m² situé à Toulouse. Proche de toutes commodités, transports et écoles. À visiter sans tarder.",True,,,,https://exemple-images.test/AN-RJMZKV1D/1.jpg; https://exemple-images.test/AN-RJMZKV1D/2.jpg,,,,,,,,True
0279c74d-76a7-48b3-b2ac-c40a6f96703c,AN-61DQBJ8T,REC-XV8PS237,Château,Château à rafraîchir à Toulouse,Toulouse,31000,2026-08-16T02:19:10,109043,224,4,False,70 impasse des Lilas,43.558134,1.483654,,Luc Faure,0063252825,,,,4,"Château en excellent état de 224 m² situé à Toulouse. Proche de toutes commodités, transports et écoles. À visiter sans tarder. Travaux à prévoir.",True,,,,https://exemple-images.test/AN-61DQBJ8T/1.jpg; https://exemple-images.test/AN-61DQBJ8T/2.jpg; https://exemple-images.test/AN-61DQBJ8T/3.jpg; https://exemple-images.test/AN-61DQBJ8T/4.jpg,B,,,,,,,True
95b037f6-adb4-4609-871d-eb49086fcb5f,AN-V4H7NBD2,REC-XV8PS237,Château,Château à rafraîchir à Toulouse,Toulouse,31000,22 janvier 2025,103484,261,1,,60 rue Jean Jaurès,,,,Marie Perrin,0496153582,,,0,,"Château en excellent état de 261 m² situé à Toulouse. Proche de toutes commodités, transports et écoles. À visiter sans tarder. Travaux à prévoir.",,,ImmoPlus,,,B,,marie.perrin85@example.com,,,,,True
75e9ceb9-3d83-445b-8dc5-6e0454877ed8,AN-B8DUEPG0,REC-XV8PS237,Château,Château lumineux à Toulouse,Toulouse,31000,2024-09-30,84571,285,3,,190 quai de la Loire,43.598647,1.399678,,,0434243042,,,2,RDC,"Château au calme de 285 m² situé à Toulouse. Proche de toutes commodités, transports et écoles. À visiter sans tarder. Travaux à prévoir.",True,,ImmoPlus,True,,B,,,,,,,True
9987739a-86b2-46d0-b9eb-1491637e71a4,AN-HE5NLTCT,REC-XV8PS237,Château,Château au calme à Toulouse,Toulouse,31000,2026-04-25,130171 €,264,3,True,,43.650216,1.487254,,Karim Fontaine,,True,,2,RDC,"Château au calme de 264 m² situé à Toulouse. Proche de toutes commodités, transports et écoles. À visiter sans tarder.",,,,,,,,,,,,,True
e452df8f-d22b-4a46-80f6-37a7b69785ca,AN-U8LAVNPK,REC-XV8PS237,Château,Château atypique à Toulouse,Toulouse,31000,04/02/2026,97964,223,5,,64 allée des Platanes,43.595423,1.423867,,Jean Perrin,0757786859,,61.33,3,RDC,"Château avec vue dégagée de 223 m² situé à Toulouse. Proche de toutes commodités, transports et écoles. À visiter sans tarder.",True,,,,,,,jean.perrin2@example.com,,,,,
dda21304-92b7-4c54-a23b-053c7edb350f,AN-9NRMHBSC,REC-XV8PS237,Château,Château rénové à Toulouse,Toulouse,31000,1784019370,114128,279,4,,11 allée des Platanes,,,,Luc Girard,,,,,,"Château de standing de 279 m² situé à Toulouse. Cave et parking inclus. Proche de toutes commodités, transports et écoles. À visiter sans tarder.",,,,True,,A,,luc.girard3@example.com,,,,,
72af34a8-e381-4d2e-8bd3-721a577c712f,AN-LL6TBSTR,REC-XV8PS237,Château,Château rénové à Toulouse,Toulouse,31000,02-13-2025,85808 €,207,4,,,,,,,0965465209,,,0,,,True,,,,https://exemple-images.test/AN-LL6TBSTR/1.jpg; https://exemple-images.test/AN-LL6TBSTR/2.jpg; https://exemple-images.test/AN-LL6TBSTR/3.jpg; https://exemple-images.test/AN-LL6TBSTR/4.jpg,B,,,,,,,True
e8576998-5bd0-4f02-a92b-c63763c8e2f7,AN-8X0XME0V,REC-XV8PS237,Château,Château à rafraîchir à Toulouse,Toulouse,31000,2024-12-25,140298,225,5,,26 chemin des Vignes,43.639552,1.483418,,Marie Roche,,,,4,,"Château au calme de 225 m² situé à Toulouse. Proche de toutes commodités, transports et écoles. À visiter sans tarder.",True,,Century Habitat,,,A,,,,,,,True
eb5d06af-5350-4f78-8b80-766931e7f73c,AN-LDEDO7W5,REC-XV8PS237,Château,Château atypique à Toulouse,Toulouse,31000,2026-06-13T10:38:10,118774,263,3,False,,,,,Julie Roche,0810687068,,239.85,3,5,,True,,,,,A,,julie.roche34@example.com,,,,,True
71893c8b-6084-42df-acd3-c0f23f62626a,AN-AQY2L0KB,REC-XV8PS237,Château,Château de standing à Toulouse,Toulouse,31000,1 mars 2025,89337,234,1,,71 rue Victor Hugo,43.623595,1.409287,,Julie Roche,0397180738,,,,0,"Château charmant de 234 m² situé à Toulouse. Cave et parking inclus. Proche de toutes commodités, transports et écoles. À visiter sans tarder.",True,,,,https://exemple-images.test/AN-AQY2L0KB/1.jpg,B,,,,,,,True
622d6546-132f-46aa-9a56-d577e638df5a,AN-RBVFF7V3,REC-XV8PS237,Château,Château spacieux à Toulouse,Toulouse,31000,2025-04-19,95730,224,3,True,,43.602787,1.460917,,,,,96.68,3,4,"Château spacieux de 224 m² situé à Toulouse. Proche de toutes commodités, transports et écoles. À visiter sans tarder.",True,,,,,A,,contact25@example.com,,,,,True
b759304c-cf59-4053-aa5a-1e2e94b8ab45,AN-33RR5IKL,REC-XV8PS237,Château,Château atypique à Toulouse,Toulouse,31000,2026-03-29,78387,224,1,False,144 avenue des Champs,,,,Nadia Bernard,0472367845,True,198.25,3,2,"Château atypique de 224 m² situé à Toulouse. Proche de toutes commodités, transports et écoles. À visiter sans tarder. Travaux à prévoir.",,,,,,B,,,,,,,True
ccb197db-87f4-467d-851b-a5accf41ce3a,AN-XRRG3KC4,REC-XV8PS237,Château,Château à rafraîchir à Toulouse,Toulouse,31000,25 août 2025,129016,262,2,False,109 impasse des Lilas,43.577546,1.444224,,,,,378.72,5,5,,True,,Provence Immobilier,False,,,,,,,,,True
c3fe68a2-57c0-4a1b-bd8c-026a0de1d18b,AN-7TNB218X,REC-XV8PS237,Château,Château atypique à Toulouse,Toulouse,31000,1739684410,139968,324,5,True,,,,,,0172525611,,,,,"Château lumineux de 324 m² situé à Toulouse. Proche de toutes commodités, transports et écoles. À visiter sans tarder.",True,,Century Habitat,,,,1897,contact99@example.com,,,,,True
c070118c-3c2a-416b-aef3-4614343758cc,AN-INB8YCYQ,REC-XV8PS237,Château,Château spacieux à Toulouse,Toulouse,31000,1757983030,135474,307,5,,,,,,,0932387154,,,3,1,"Château atypique de 307 m² situé à Toulouse. Proche de toutes commodités, transports et écoles. À visiter sans tarder. Travaux à prévoir.",True,,Clé en Main Immo,,,B,,,,,,,True
a3d87b20-db02-49f7-ac82-0d8fc179da6d,AN-8IYS3FFX,REC-XV8PS237,Château,Château atypique à Toulouse,Toulouse,31000,2026-07-15,122388,319,5,,54 rue Pasteur,,,,Nadia Bernard,0536683923,True,,0,,"Château avec vue dégagée de 319 m² situé à Toulouse. Cave et parking inclus. Proche de toutes commodités, transports et écoles. À visiter sans tarder. Travaux à prévoir.",True,,,,,B,,,,,,,True
4c30738e-232f-4db7-a7d5-30a9f9b82e31,AN-LA546811,REC-XV8PS237,Château,Château lumineux à Toulouse,Toulouse,31000,29 janvier 2026,112300,227,4,False,6 quai de la Loire,43.646337,1.458914,,Jean Martin,0582789612,,,,5,"Château de standing de 227 m² situé à Toulouse. Cave et parking inclus. Proche de toutes commodités, transports et écoles. À visiter sans tarder.",True,,,,,A,1888,jean.martin37@example.com,,,,,True
ee487855-a1d7-4699-8ce7-2f15ee991215,AN-Y64LYQMR,REC-XV8PS237,Château,Château en excellent état à Toulouse,Toulouse,31000,2025-09-13T10:02:10,86469,321,5,,137 place de la Mairie,,,,,0106753976,,,2,,,True,,,,,B,,,,,,,True
ce7591b6-52a5-4ccf-ad05-5662a7c53b2a,AN-957BJOGY,REC-XV8PS237,Château,Château lumineux à Toulouse,Toulouse,31000,2025-12-10T21:07:10,136034 €,332,2,True,,,,,Marc Lefevre,0826042885,,,2,3,,True,,Clé en Main Immo,,,B,,,,,,,True
64092b66-000a-4060-83ad-852308b9425c,AN-43V72K32,REC-XV8PS237,Château,Château atypique à Toulouse,Toulouse,31000,08/04/2026,74320 €,277,4,,,,,,,0914874469,,,,4,"Château en excellent état de 277 m² situé à Toulouse. Proche de toutes commodités, transports et écoles. À visiter sans tarder.",True,,Nid Doré,,https://exemple-images.test/AN-43V72K32/1.jpg; https://exemple-images.test/AN-43V72K32/2.jpg,B,,,,,,,True
5e5055f2-a8c9-4cb8-89db-0029eaab034b,AN-Q3416IVW,REC-XV8PS237,Château,Château en excellent état à Toulouse,Toulouse,31000,18 juin 2025,126597,228,4,,,43.627193,1.487723,,Nadia Girard,0382732248,,,,1,"Château à rafraîchir de 228 m² situé à Toulouse. Proche de toutes commodités, transports et écoles. À visiter sans tarder.",True,,,,,A,1984,nadia.girard78@example.com,,,,,
4f027fc1-419a-447b-999e-fe50ada3e558,AN-CAU3RBLM,REC-XV8PS237,Château,Château spacieux à Toulouse,Toulouse,31000,19 mars 2025,113253,308,2,,200 boulevard Gambetta,,,,,0799528327,,,2,,"Château spacieux de 308 m² situé à Toulouse. Proche de toutes commodités, transports et écoles. À visiter sans tarder.",True,,Provence Immobilier,,,B,,contact93@example.com,,,,,True
c7ff7149-48c3-4725-99e9-9fdca3eb8e43,AN-6R4Y1QYY,REC-XV8PS237,Château,Château au calme à Toulouse,Toulouse,31000,2026-01-17,105399 €,296,5,True,124 rue du Commerce,43.628804,1.492155,,,0537381191,,,,2,"Château au calme de 296 m² situé à Toulouse. Proche de toutes commodités, transports et écoles. À visiter sans tarder.",True,,Clé en Main Immo,,,A,,contact57@example.com,,,,,True
a3a2d802-750f-451a-b35c-f66f353815cb,AN-NXQ8DF1R,REC-XV8PS237,Château,Château avec vue dégagée à Toulouse,Toulouse,31000,2026-05-05T05:42:10,135209,228,5,False,79 rue Jean Jaurès,43.557497,1.424919,,Claire Perrin,0603187136,True,,,5,"Château en excellent état de 228 m² situé à Toulouse. Cave et parking inclus. Proche de toutes commodités, transports et écoles. À visiter sans tarder. Travaux à prévoir.",True,,,,,B,,claire.perrin57@example.com,,,,,
888c31e4-d052-47c5-a288-f2d75520cc80,AN-ALXS8PGG,REC-XV8PS237,Château,Château spacieux à Toulouse,Toulouse,31000,2025-04-19T14:47:10,107877,278,4,,,43.589585,1.423186,,,,,,1,3,"Château spacieux de 278 m² situé à Toulouse. Proche de toutes commodités, transports et écoles. À visiter sans tarder. Travaux à prévoir.",True,,,True,https://exemple-images.test/AN-ALXS8PGG/1.jpg,B,1893,contact24@example.com,,,,,True
110dceaa-254f-43e5-a03f-bb2c0b8e8f28,AN-7VL4CQEE,REC-XV8PS237,Château,Château à rafraîchir à Toulouse,Toulouse,31000,1744323190,101252 €,266,3,,,43.574997,1.421144,,Julie Fontaine,0283370749,,194.46,0,RDC,"Château de standing de 266 m² situé à Toulouse. Cave et parking inclus. Proche de toutes commodités, transports et écoles. À visiter sans tarder.",True,,,True,,,,julie.fontaine46@example.com,,,,,True
249df58d-ea1f-4fc4-8945-c72dc0afdf3c,AN-L6D4G4WF,REC-XV8PS237,Château,Château atypique à Toulouse,Toulouse,31000,6 février 2025,125116,242,1,False,,43.626622,1.398738,,Sophie Perrin,0989256558,,,,1,"Château en excellent état de 242 m² situé à Toulouse. Proche de toutes commodités, transports et écoles. À visiter sans tarder.",True,,Clé en Main Immo,,,A,,sophie.perrin20@example.com,,,,,True
e3d28740-2c77-4866-9e56-cff52115e5aa,AN-LXBPP5A1,REC-XV8PS237,Château,Château lumineux à Toulouse,Toulouse,31000,1770918370,101586,214,4,,65 impasse des Lilas,,,,Luc Girard,,,181.97,,,,True,,,,,B,,luc.girard39@example.com,,,,,True
1f919978-fc39-4c45-a5ee-9a34aaff2d74,AN-IM11PID5,REC-XV8PS237,Château,Château à rafraîchir à Toulouse,Toulouse,31000,2025-02-10,83444,311,1,,88 rue Pasteur,,,,Claire Roche,0723853042,,,,,"Château spacieux de 311 m² situé à Toulouse. Cave et parking inclus. Proche de toutes commodités, transports et écoles. À visiter sans tarder.",True,,ImmoPlus,,,B,,claire.roche19@example.com,,,,,True
ce9a74ff-f717-477c-9c89-c97417681fa4,AN-59LN3AIA,REC-XV8PS237,Château,Château en excellent état à Toulouse,Toulouse,31000,17/10/2024,126557 €,182,5,,12 rue de la République,43.619838,1.455181,,,0735697050,,134.78,,,"Château spacieux de 182 m² situé à Toulouse. Proche de toutes commodités, transports et écoles. À visiter sans tarder. Travaux à prévoir.",True,,,,,A,,contact47@example.com,,,,,True
9bc6024a-099c-4385-bf0c-e225c55d6179,AN-WJ3V731M,REC-XV8PS237,Château,Château spacieux à Toulouse,Toulouse,31000,2025-11-10,99601 €,,5,,,,,,,0565349019,,,5,,"Château avec vue dégagée de 298 m² situé à Toulouse. Proche de toutes commodités, transports et écoles. À visiter sans tarder. Travaux à prévoir.",,,ImmoPlus,,,A,,contact62@example.com,298,,,,True
b898d83d-ebfb-4bdb-861d-3bd32a651735,AN-RX241NEW,REC-XV8PS237,Château,Château atypique à Toulouse,Toulouse,31000,2025-06-01T14:38:10,81738,,4,,169 quai de la Loire,,,,,0733824834,True,,,,"Château lumineux de 284 m² situé à Toulouse. Proche de toutes commodités, transports et écoles. À visiter sans tarder.",True,,,,,B,,,284,,,,True
ba613a2f-5afb-4aad-88bf-34458b225fe8,AN-Q5SIS9AL,REC-XV8PS237,Château,Château rénové à Toulouse,Toulouse,31000,2 juin 2026,88435,283,2,False,126 rue du Commerce,43.644211,1.416755,,,0900097414,,208.83,,4,,True,,,,,B,,contact45@example.com,,,,,True
b2c0e304-242e-4546-a1b6-c4ef152c6f77,AN-ONY1BEBI,REC-XV8PS237,Château,Château lumineux à Toulouse,Toulouse,31000,14 novembre 2024,81432,299,1,,129 place de la Mairie,,,,Luc Martin,0685615150,,,,,"Château atypique de 299 m² situé à Toulouse. Proche de toutes commodités, transports et écoles. À visiter sans tarder.",,,Clé en Main Immo,,https://exemple-images.test/AN-ONY1BEBI/1.jpg,A,1981,luc.martin21@example.com,,,,,True
4b4c04e0-eebd-4743-9e90-bdfd2d383c54,AN-W12FL9KD,REC-XV8PS237,Château,Château spacieux à Toulouse,Toulouse,31000,2025-07-02,81295,,1,False,56 rue du Commerce,,,,,0077118461,,,,,"Château rénové de 186 m² situé à Toulouse. Proche de toutes commodités, transports et écoles. À visiter sans tarder.",True,,,False,,A,,,186,,,,True
6c4bcafe-5a6a-45aa-9e4f-37b8bff222ef,AN-R0Y09TPW,REC-XV8PS237,Château,Château charmant à Toulouse,Toulouse,31000,2024-10-30,83597,285,1,True,,43.57794,1.410299,,Karim Faure,,,,,,"Château avec vue dégagée de 285 m² situé à Toulouse. Proche de toutes commodités, transports et écoles. À visiter sans tarder.",True,,,,,B,,karim.faure12@example.com,,,,,True
171e8468-818d-46dc-bac1-029cffb87b2b,AN-U17PVXXI,REC-XV8PS237,Château,Château en excellent état à Toulouse,Toulouse,31000,09-23-2025,79098,250,3,,198 rue du Commerce,,,,,0769318100,,,,4,,True,,Nid Doré,False,,B,,contact15@example.com,,,,,True
fa42d842-3647-40e5-a50b-51687b1163ae,AN-QN5NEJ13,REC-XV8PS237,Château,Château lumineux à Toulouse,Toulouse,31000,21/04/2026,123656,317,3,False,199 rue du Commerce,,,,Luc Roche,0175904622,,,1,,,True,,,False,,A,1888,luc.roche42@example.com,,,,,True
dd08de53-b859-4d91-9bef-cae778be2dfe,AN-LBEMHU83,REC-XV8PS237,Château,Château avec vue dégagée à Toulouse,Toulouse,31000,01-21-2025,139103,253,5,False,,43.618625,1.447021,,Marie Girard,0464349154,True,,,,"Château charmant de 253 m² situé à Toulouse. Cave et parking inclus. Proche de toutes commodités, transports et écoles. À visiter sans tarder.",True,,,,,B,,,,,,,True
09f03496-a73b-4085-8db7-1bd784eedd24,AN-TN04BXBZ,REC-XV8PS237,Château,Château avec vue dégagée à Toulouse,Toulouse,31000,1747072810,119711,244,5,,25 impasse des Lilas,,,,Karim Bernard,0873415732,,,,,,True,,,True,,,,,,,,,True
0b7c3709-9792-4dd5-9960-a9cf8a78d203,AN-381DUCUO,REC-XV8PS237,Château,Château en excellent état à Toulouse,Toulouse,31000,21 mai 2025,115553 €,,4,,,,,,Julie Girard,,,352.61,,,"Château atypique de 309 m² situé à Toulouse. Proche de toutes commodités, transports et écoles. À visiter sans tarder.",True,,Provence Immobilier,False,https://exemple-images.test/AN-381DUCUO/1.jpg; https://exemple-images.test/AN-381DUCUO/2.jpg; https://exemple-images.test/AN-381DUCUO/3.jpg; https://exemple-images.test/AN-381DUCUO/4.jpg; https://exemple-images.test/AN-381DUCUO/5.jpg,A,,julie.girard40@example.com,309,,,,True
29362f74-f92d-4298-9160-2c1eef83ca86,AN-JFGDZG1N,REC-XV8PS237,Château,Château de standing à Toulouse,Toulouse,31000,2026-04-20T03:45:10,130963 €,269,4,True,,,,,Claire Roche,,,,,,"Château avec vue dégagée de 269 m² situé à Toulouse. Proche de toutes commodités, transports et écoles. À visiter sans tarder.",True,,,False,https://exemple-images.test/AN-JFGDZG1N/1.jpg; https://exemple-images.test/AN-JFGDZG1N/2.jpg; https://exemple-images.test/AN-JFGDZG1N/3.jpg,B,,,,,,,True
02bbca46-29b2-43c1-a058-06dee7891646,AN-1DSYBVP5,REC-XV8PS237,Château,Château de standing à Toulouse,Toulouse,31000,02/11/2024,104257,278,2,,,,,,Jean Fontaine,0018920790,,359.13,3,5,,True,,,,,A,1955,,,,,,True
1d17b00c-6b47-41e3-8ba4-063a23dc042b,AN-X7TQWH1K,REC-XV8PS237,Château,Château rénové à Toulouse,Toulouse,31000,07-19-2025,94773,243,4,False,188 impasse des Lilas,,,,,0887239154,,,5,RDC,"Château de standing de 243 m² situé à Toulouse. Cave et parking inclus. Proche de toutes commodités, transports et écoles. À visiter sans tarder. Travaux à prévoir.",True,,,False,https://exemple-images.test/AN-X7TQWH1K/1.jpg,A,,contact31@example.com,,,,,True
46e6c642-6c35-4f52-9e0f-e00d0d0637a4,AN-K3RZ4U8D,REC-XV8PS237,Château,Château atypique à Toulouse,Toulouse,31000,03-15-2026,71869,290,2,,76 rue Victor Hugo,43.61653,1.431433,,Karim Girard,0934171986,,,,,"Château de standing de 290 m² situé à Toulouse. Cave et parking inclus. Proche de toutes commodités, transports et écoles. À visiter sans tarder. Travaux à prévoir.",True,,,False,https://exemple-images.test/AN-K3RZ4U8D/1.jpg; https://exemple-images.test/AN-K3RZ4U8D/2.jpg; https://exemple-images.test/AN-K3RZ4U8D/3.jpg,A,,,,,,,True
af898069-0c3a-41b5-8880-51eef170867e,AN-9ZJL4E95,REC-XV8PS237,Château,Château spacieux à Toulouse,Toulouse,31000,2025-09-02,115757,269,3,,,,,,,,True,251.73,4,4,"Château en excellent état de 269 m² situé à Toulouse. Proche de toutes commodités, transports et écoles. À visiter sans tarder.",True,,ImmoPlus,,,A,,,,,,,True
c55b3d58-7907-4527-b47a-a0468e4208d1,AN-MRZAZPZA,REC-XV8PS237,Château,Château lumineux à Toulouse,Toulouse,31000,2025-05-20,88624,188,2,,,43.562547,1.487933,,,0863356953,,,3,,,True,,,,https://exemple-images.test/AN-MRZAZPZA/1.jpg; https://exemple-images.test/AN-MRZAZPZA/2.jpg; https://exemple-images.test/AN-MRZAZPZA/3.jpg; https://exemple-images.test/AN-MRZAZPZA/4.jpg; https://exemple-images.test/AN-MRZAZPZA/5.jpg,,,,,,,,
710bb244-e51f-43a6-9e5e-9cb94a539b24,AN-BFJKZEON,REC-XV8PS237,Château,Château lumineux à Toulouse,Toulouse,31000,1727713750,125186,194,3,False,,,,,Marie Perrin,0871543975,,115.46,,2,,True,,Nid Doré,True,https://exemple-images.test/AN-BFJKZEON/1.jpg; https://exemple-images.test/AN-BFJKZEON/2.jpg; https://exemple-images.test/AN-BFJKZEON/3.jpg,B,,marie.perrin89@example.com,,,,,True
49457a2b-1f4e-48b5-8fee-de1a062dc3ff,AN-76XR4KK1,REC-XV8PS237,Château,Château de standing à Toulouse,Toulouse,31000,1725682150,128407 €,187,5,False,,43.564165,1.470359,,,,,,5,,"Château lumineux de 187 m² situé à Toulouse. Proche de toutes commodités, transports et écoles. À visiter sans tarder.",True,,,True,,B,,,,,,,True
04f13da0-2383-42fa-947d-6e3c4ba21c22,AN-4KA9C0NH,REC-XV8PS237,Château,Château en excellent état à Toulouse,Toulouse,31000,9 octobre 2025,75100,311,5,True,,43.614341,1.429722,,Sophie Perrin,0506342478,,,4,4,"Château rénové de 311 m² situé à Toulouse. Proche de toutes commodités, transports et écoles. À visiter sans tarder.",True,,Toit & Vous,False,,A,,sophie.perrin97@example.com,,,,,True
8869e5d4-adc9-4476-bc6c-d39abc4430f9,AN-PTOXVX2G,REC-XV8PS237,Château,Château rénové à Toulouse,Toulouse,31000,1785256570,113854,257,3,True,,43.588431,1.491518,,,,,,1,,"Château avec vue dégagée de 257 m² situé à Toulouse. Proche de toutes commodités, transports et écoles. À visiter sans tarder. Travaux à prévoir.",True,,ImmoPlus,True,,A,,contact61@example.com,,,,,True
15e6cfd6-a841-4f08-ba29-4601e3bbc61d,AN-ULAEHQLB,REC-XV8PS237,Château,Château charmant à Toulouse,Toulouse,31000,2025-02-26T00:27:10,132677,222,5,,158 quai de la Loire,43.654251,1.423977,,Marc Dubois,0666742961,,,0,,"Château spacieux de 222 m² situé à Toulouse. Proche de toutes commodités, transports et écoles. À visiter sans tarder.",True,,,,,A,,marc.dubois17@example.com,,,,,True
e9002f68-56c8-4075-9070-c1b28918264c,AN-3KLP6NAC,REC-XV8PS237,Château,Château lumineux à Toulouse,Toulouse,31000,2025-04-26T04:18:10,91767,277,4,True,24 rue Pasteur,43.630327,1.456877,,Karim Girard,,True,,2,0,"Château lumineux de 277 m² situé à Toulouse. Cave et parking inclus. Proche de toutes commodités, transports et écoles. À visiter sans tarder.",True,,,,,,,karim.girard57@example.com,,,,,
294cb4d6-b3fd-45c2-9a4f-aeb3c245cf67,AN-CMYPD2YW,REC-XV8PS237,Château,Château atypique à Toulouse,Toulouse,31000,22 septembre 2024,88443,201,3,True,32 rue Pasteur,43.639685,1.457005,,,0713437983,,,1,,"Château charmant de 201 m² situé à Toulouse. Cave et parking inclus. Proche de toutes commodités, transports et écoles. À visiter sans tarder.",True,,,,,A,1997,,,,,,True
b0c3a3a6-56f6-4761-909e-743dc39ee9aa,AN-05OE4GTP,REC-XV8PS237,Château,Château à rafraîchir à Toulouse,Toulouse,31000,2025-09-29,139530,277,2,,11 chemin des Vignes,43.609874,1.492456,,Marc Roche,,,,,,"Château au calme de 277 m² situé à Toulouse. Proche de toutes commodités, transports et écoles. À visiter sans tarder. Travaux à prévoir.",True,,,,,A,,,,,,,True
36be7a62-2f17-4be4-b2e5-56245e29b516,AN-O3CN61MB,REC-XV8PS237,Château,Château lumineux à Toulouse,Toulouse,31000,2025-12-07T22:30:10,109772 €,277,4,,,43.62617,1.474089,,Claire Martin,,,,,,"Château spacieux de 277 m² situé à Toulouse. Proche de toutes commodités, transports et écoles. À visiter sans tarder.",True,,,,,,,,,,,,True
9249f55b-bd99-4b93-8e57-96c00e554827,AN-KYS8R5M0,REC-XV8PS237,Château,Château avec vue dégagée à Toulouse,Toulouse,31000,01/09/2025,94632,249,3,True,173 allée des Platanes,,,,,0521942196,,,0,,,True,,Nid Doré,,,B,,,,,,,True
dcd95d95-413d-4ccd-9fa2-67a9a60d00f3,AN-5MX14ODR,REC-XV8PS237,Château,Château au calme à Toulouse,Toulouse,31000,2024-11-18,104040,268,3,,51 boulevard Gambetta,43.649586,1.492001,,,,True,,,,"Château atypique de 268 m² situé à Toulouse. Proche de toutes commodités, transports et écoles. À visiter sans tarder.",True,,,,,A,,,,,,,True
5b8e8d2f-0043-425d-8434-9849870328fd,AN-V4V9QC9V,REC-XV8PS237,Château,Château au calme à Toulouse,Toulouse,31000,09-20-2024,102723,264,3,,70 avenue des Champs,43.564357,1.441592,,Julie Perrin,0601141634,,,,,"Château à rafraîchir de 264 m² situé à Toulouse. Proche de toutes commodités, transports et écoles. À visiter sans tarder.",True,,ImmoPlus,,,,1909,,,,,,True
83fb81c7-943f-49d3-aa83-97c3953154b4,AN-XHX8TW6R,REC-XV8PS237,Château,Château à rafraîchir à Toulouse,Toulouse,31000,2025-06-28,108596,,5,,,43.571575,1.42953,,,0718111444,,,,,"Château rénové de 234 m² situé à Toulouse. Proche de toutes commodités, transports et écoles. À visiter sans tarder.",True,,Nid Doré,,,A,1907,,234,,,,True
d1f86a1b-a528-44fd-99fb-66be9329891a,AN-O62JKZD9,REC-XV8PS237,Château,Château de standing à Toulouse,Toulouse,31000,12 octobre 2024,113342,227,4,,104 rue de la République,43.606615,1.465402,,Ahmed Fontaine,0583363111,True,,,,"Château atypique de 227 m² situé à Toulouse. Cave et parking inclus. Proche de toutes commodités, transports et écoles. À visiter sans tarder.",True,,Toit & Vous,,,A,,ahmed.fontaine3@example.com,,,,,True
da52d3b5-0e7e-4c61-a6fd-6238c434a165,AN-17LZ14I3,REC-XV8PS237,Château,Château atypique à Toulouse,Toulouse,31000,2025-09-11,80251,311,1,,,43.55803,1.467302,,Marc Lefevre,,,,3,,"Château de standing de 311 m² situé à Toulouse. Cave et parking inclus. Proche de toutes commodités, transports et écoles. À visiter sans tarder.",True,,,True,https://exemple-images.test/AN-17LZ14I3/1.jpg; https://exemple-images.test/AN-17LZ14I3/2.jpg,A,1879,marc.lefevre2@example.com,,,,,
d38c892f-c658-4700-9234-94340307db30,AN-WKYQSNP6,REC-XV8PS237,Château,Château lumineux à Toulouse,Toulouse,31000,1771001170,124572 €,248,3,,,43.645402,1.403715,,Marc Perrin,0711980325,,,,,"Château spacieux de 248 m² situé à Toulouse. Proche de toutes commodités, transports et écoles. À visiter sans tarder.",True,,,,,A,,marc.perrin34@example.com,,,,,True
c12216be-e913-437d-8d6f-3ff66c9813bc,AN-K2O18EAR,REC-XV8PS237,Château,Château au calme à Toulouse,Toulouse,31000,1760105230,121583,311,5,True,117 rue Pasteur,,,,Karim Girard,,,63.58,4,,"Château lumineux de 311 m² situé à Toulouse. Proche de toutes commodités, transports et écoles. À visiter sans tarder.",True,,,,,B,,,,,,,
d4dd41a5-9520-4f2e-927b-07c0d0d4297e,AN-SFULB3OQ,REC-XV8PS237,Château,Château de standing à Toulouse,Toulouse,31000,25 août 2025,113960,244,3,,,,,,,,,,,,"Château au calme de 244 m² situé à Toulouse. Proche de toutes commodités, transports et écoles. À visiter sans tarder.",True,,,True,,F,,,,,,,True
c2dfab9b-71cf-4aa6-b8c1-c716f690d21c,AN-F44PKE7I,REC-XV8PS237,Château,Château de standing à Toulouse,Toulouse,31000,15/06/2025,126621,258,2,,135 quai de la Loire,,,,Sophie Fontaine,0996630035,,59.7,,,"Château de standing de 258 m² situé à Toulouse. Cave et parking inclus. Proche de toutes commodités, transports et écoles. À visiter sans tarder.",True,,,,,,1986,sophie.fontaine70@example.com,,,,,True
d7386a29-e93c-457e-9b9e-38ae51bd3751,AN-W49EC671,REC-XV8PS237,Château,Château rénové à Toulouse,Toulouse,31000,2024-10-13T19:31:10,105966,296,3,,182 rue de la République,,,,Julie Fontaine,,,,,,"Château au calme de 296 m² situé à Toulouse. Cave et parking inclus. Proche de toutes commodités, transports et écoles. À visiter sans tarder.",,,Nid Doré,,,A,,julie.fontaine6@example.com,,,,,True
37e0b0db-24f3-4764-9e28-6aa893ef04af,AN-SB4EOPL4,REC-XV8PS237,Château,Château à rafraîchir à Toulouse,Toulouse,31000,1786836610,110422,252,2,True,,43.596491,1.414484,,Jean Roche,0385521832,,,2,3,"Château rénové de 252 m² situé à Toulouse. Proche de toutes commodités, transports et écoles. À visiter sans tarder.",True,,Nid Doré,,,A,1972,jean.roche68@example.com,,,,,True
8383a4e9-72ba-4b0d-8b6f-31dd31a6f5c2,AN-WG7TUFH3,REC-XV8PS237,Château,Château atypique à Toulouse,Toulouse,31000,1759510870,80134,298,3,,,,,,Sophie Moreau,0236556853,True,,3,,"Château au calme de 298 m² situé à Toulouse. Proche de toutes commodités, transports et écoles. À visiter sans tarder.",True,,,,,A,,sophie.moreau4@example.com,,,,,
3617fd7c-8945-4e19-89d0-f9d7d8deb5ac,AN-JT7FUBPZ,REC-XV8PS237,Château,Château en excellent état à Toulouse,Toulouse,31000,1774134730,131955,216,1,True,,43.621328,1.466927,,Marc Dubois,0852116560,,,,,"Château atypique de 216 m² situé à Toulouse. Proche de toutes commodités, transports et écoles. À visiter sans tarder.",True,,,False,,A,,,,,,,True
bd24e89a-25a1-4760-a7f9-ccf481037644,AN-67899R3H,REC-XV8PS237,Château,Château de standing à Toulouse,Toulouse,31000,19 décembre 2025,96195,269,5,True,,43.607722,1.458292,,Ahmed Moreau,0888705488,True,326.78,1,,"Château à rafraîchir de 269 m² situé à Toulouse. Proche de toutes commodités, transports et écoles. À visiter sans tarder.",True,,,,,A,1953,,,,,,True
a30ed0a6-524e-4922-b025-fe83458efafd,AN-6UN3P72K,REC-XV8PS237,Château,Château en excellent état à Toulouse,Toulouse,31000,09/02/2026,135668,248,3,,,43.576678,1.394316,,Marc Bernard,,,347.76,0,RDC,"Château de standing de 248 m² situé à Toulouse. Proche de toutes commodités, transports et écoles. À visiter sans tarder.",True,,,,https://exemple-images.test/AN-6UN3P72K/1.jpg; https://exemple-images.test/AN-6UN3P72K/2.jpg; https://exemple-images.test/AN-6UN3P72K/3.jpg; https://exemple-images.test/AN-6UN3P72K/4.jpg; https://exemple-images.test/AN-6UN3P72K/5.jpg,A,,,,,,,True
3c31b2b4-f239-4811-a3a1-c7005e17daf6,AN-MR7IUEFK,REC-XV8PS237,Château,Château à rafraîchir à Toulouse,Toulouse,31000,24 mai 2026,140539,185,2,,,43.625126,1.414233,,Ahmed Roche,0685324274,,,,,,True,,,False,,F,1996,,,,,,
9ab9e7aa-8f76-4edd-aabf-8086a3957efe,AN-RRKB6LRN,REC-XV8PS237,Château,Château charmant à Toulouse,Toulouse,31000,2025-08-24T05:19:10,97921,256,4,True,,43.6425,1.458087,,Luc Dubois,0961834313,True,,,,,True,,ImmoPlus,,,B,1927,luc.dubois24@example.com,,,,,True
57ece75d-ff3f-4756-845f-0f68cc250d0d,AN-OWRU54N8,REC-XV8PS237,Château,Château en excellent état à Toulouse,Toulouse,31000,9 janvier 2026,85650,204,2,,,43.596977,1.417746,,Luc Roche,0623381882,,,1,1,,True,,Provence Immobilier,False,https://exemple-images.test/AN-OWRU54N8/1.jpg; https://exemple-images.test/AN-OWRU54N8/2.jpg,,,,,,,,True
10054f48-dc8d-4928-8e5a-a137cff94ca9,AN-KGIIRYUW,REC-XV8PS237,Château,Château charmant à Toulouse,Toulouse,31000,05-04-2025,89463,326,3,,,43.600105,1.426757,,Marie Fontaine,0222499114,True,,0,,,True,,Toit & Vous,,,,1972,marie.fontaine68@example.com,,,,,True
d0cac7c6-d63c-4723-a3f3-e2724d4233eb,AN-IDAUB686,REC-XV8PS237,Château,Château au calme à Toulouse,Toulouse,31000,03-24-2026,137117,276,3,True,160 place de la Mairie,43.639701,1.476514,,Jean Faure,,,,5,1,"Château charmant de 276 m² situé à Toulouse. Proche de toutes commodités, transports et écoles. À visiter sans tarder.",True,,Century Habitat,True,,B,,jean.faure34@example.com,,,,,True
1d220ef6-bca5-4c87-8441-c69de39fc2a6,AN-4SKDNHWR,REC-XV8PS237,Château,Château charmant à Toulouse,Toulouse,31000,12-23-2025,131866,322,5,,,,,,,0982746649,True,,,,"Château rénové de 322 m² situé à Toulouse. Proche de toutes commodités, transports et écoles. À visiter sans tarder.",True,,,,,B,,contact32@example.com,,,,,True
8c2c338a-85c5-4352-8ae2-ef2ee95e7cd1,AN-AB9UCV2B,REC-XV8PS237,Château,Château spacieux à Toulouse,Toulouse,31000,1746552490,78635,236,3,,,43.613997,1.440921,,,0832353919,,,4,,"Château avec vue dégagée de 236 m² situé à Toulouse. Proche de toutes commodités, transports et écoles. À visiter sans tarder. Travaux à prévoir.",True,,ImmoPlus,False,,A,,,,,,,True
ab265859-0d66-46bf-9dfe-e0a18f2b050a,AN-P4FYM7GZ,REC-XV8PS237,Château,Château charmant à Toulouse,Toulouse,31000,2026-07-06T20:01:10,84721,188,4,,126 rue Jean Jaurès,43.652029,1.486821,,,,True,,,,,True,,ImmoPlus,,,B,,,,,,,True
9a4e2dc4-b22c-46c6-8dfb-1baeb966527f,AN-V7VKBDNZ,REC-XV8PS237,Château,Château charmant à Toulouse,Toulouse,31000,19/04/2026,76278,228,2,,32 impasse des Lilas,43.58164,1.442671,,Marie Perrin,0463267160,True,77.75,2,1,"Château atypique de 228 m² situé à Toulouse. Proche de toutes commodités, transports et écoles. À visiter sans tarder. Travaux à prévoir.",True,,,,,A,,,,,,,True
ca093419-6e68-4e42-9522-e6ba3f1bda51,AN-4Q64ARJZ,REC-XV8PS237,Château,Château spacieux à Toulouse,Toulouse,31000,2024-12-18T04:02:10,106152,196,4,True,103 rue Pasteur,,,,,0984159071,True,,,,,True,,,,https://exemple-images.test/AN-4Q64ARJZ/1.jpg; https://exemple-images.test/AN-4Q64ARJZ/2.jpg,B,,,,,,,True
ed7b1617-0d80-4bf9-b086-79b6a537faa3,AN-Z2W71LQ0,REC-XV8PS237,Château,Château rénové à Toulouse,Toulouse,31000,3 septembre 2024,90109,315,1,,,43.577159,1.490033,,Marie Moreau,0984991088,,,,5,,True,,,,,,,marie.moreau54@example.com,,,,,True
239909bb-894d-4928-a09e-22e0a892cbc5,AN-HPLRED0T,REC-XV8PS237,Château,Château avec vue dégagée à Toulouse,Toulouse,31000,03/09/2024,127626,223,3,True,,,,,,,,,,3,"Château de standing de 223 m² situé à Toulouse. Cave et parking inclus. Proche de toutes commodités, transports et écoles. À visiter sans tarder.",True,,,,,A,,,,,,,True
6c40b7ce-347c-4f8b-bd7d-98da16f09ec1,AN-JO5BHPZB,REC-XV8PS237,Château,Château en excellent état à Toulouse,Toulouse,31000,2025-01-29,104423,225,5,,,,,,Ahmed Moreau,0731316089,,189.82,1,,"Château en excellent état de 225 m² situé à Toulouse. Proche de toutes commodités, transports et écoles. À visiter sans tarder.",True,,Nid Doré,True,https://exemple-images.test/AN-JO5BHPZB/1.jpg; https://exemple-images.test/AN-JO5BHPZB/2.jpg,B,,,,,,,True
bfa50bf6-9e10-4fb9-a13c-2448a8c46b22,AN-QR84E3IK,REC-XV8PS237,Château,Château spacieux à Toulouse,Toulouse,31000,1738545670,75422,229,4,True,131 boulevard Gambetta,,,,,0615450097,,,2,,"Château spacieux de 229 m² situé à Toulouse. Proche de toutes commodités, transports et écoles. À visiter sans tarder.",True,,Nid Doré,False,https://exemple-images.test/AN-QR84E3IK/1.jpg; https://exemple-images.test/AN-QR84E3IK/2.jpg; https://exemple-images.test/AN-QR84E3IK/3.jpg; https://exemple-images.test/AN-QR84E3IK/4.jpg; https://exemple-images.test/AN-QR84E3IK/5.jpg,A,,contact53@example.com,,,,,True
74914280-8cc3-4ed2-b0ef-6ae675e19d58,AN-2U2GNQTH,REC-XV8PS237,Château,Château spacieux à Toulouse,Toulouse,31000,2025-10-23,86286,293,2,,56 boulevard Gambetta,43.565327,1.396118,,Sophie Martin,,,,,,"Château spacieux de 293 m² situé à Toulouse. Proche de toutes commodités, transports et écoles. À visiter sans tarder.",,,,,,G,,,,,,,
4a9d6bf3-e4f8-487e-8bd8-4e4b3cfaef4d,AN-CXM56R70,REC-XV8PS237,Château,Château spacieux à Toulouse,Toulouse,31000,08/06/2026,93114,254,4,,187 rue de la République,43.564774,1.415588,,Marc Martin,,True,289.01,,,"Château rénové de 254 m² situé à Toulouse. Cave et parking inclus. Proche de toutes commodités, transports et écoles. À visiter sans tarder.",,,,,,B,,,,,,,True
0ba4d50c-2f16-44d3-9079-324f3eca8770,AN-OHOKWNIE,REC-XV8PS237,Château,Château avec vue dégagée à Toulouse,Toulouse,31000,1770596170,100466 €,227,3,,133 avenue des Champs,,,,Julie Girard,0731422982,,,,,"Château rénové de 227 m² situé à Toulouse. Proche de toutes commodités, transports et écoles. À visiter sans tarder.",True,,,True,,,,julie.girard55@example.com,,,,,True
4acfcb14-e4f2-4e01-a357-087b25f20cd4,AN-EIOGNS9S,REC-XV8PS237,Château,Château atypique à Toulouse,Toulouse,31000,2025-05-31,135828,209,4,,,43.564206,1.480783,,,0642483004,True,,,,,True,,Century Habitat,,,B,,contact50@example.com,,,,,True
48b09854-9ef4-4b92-8627-778124a894ce,AN-7RLWED67,REC-XV8PS237,Château,Château avec vue dégagée à Toulouse,Toulouse,31000,2025-05-21T18:56:10,76433 €,254,1,False,53 rue de la République,43.565533,1.44479,,Karim Lefevre,0940298987,,,,dernier étage,,True,,,,,B,,,,,,,
d15e9cda-d04d-423c-9ccd-d6702edec5c4,AN-2V5ESE03,REC-XV8PS237,Château,Château spacieux à Toulouse,Toulouse,31000,2025-09-02T14:43:10,87683,234,1,True,,43.644112,1.479794,,Luc Perrin,,,275.45,1,,"Château de standing de 234 m² situé à Toulouse. Proche de toutes commodités, transports et écoles. À visiter sans tarder.",True,,Nid Doré,False,,F,,luc.perrin29@example.com,,,,,True
5a46e967-3b8b-428c-8519-6cce0ffaab95,AN-MOERB0BC,REC-XV8PS237,Château,Château atypique à Toulouse,Toulouse,31000,2026-04-03T16:05:10,90346,292,4,True,33 avenue des Champs,,,,Ahmed Faure,0165392846,,,1,4,"Château rénové de 292 m² situé à Toulouse. Proche de toutes commodités, transports et écoles. À visiter sans tarder.",True,,Century Habitat,True,https://exemple-images.test/AN-MOERB0BC/1.jpg; https://exemple-images.test/AN-MOERB0BC/2.jpg; https://exemple-images.test/AN-MOERB0BC/3.jpg,A,,,,,,,True
93485013-5a69-4821-b6d9-141fce60dfad,AN-HA8IF0Z3,REC-XV8PS237,Château,Château en excellent état à Toulouse,Toulouse,31000,2026-01-27T17:04:10,77887,303,2,,,43.556179,1.473381,,Sophie Perrin,0412641217,,,5,1,"Château avec vue dégagée de 303 m² situé à Toulouse. Cave et parking inclus. Proche de toutes commodités, transports et écoles. À visiter sans tarder.",True,,,True,,A,,,,,,,True
4555f7dd-79ba-4788-9a63-07ea7029009a,AN-F6UI2VXM,REC-XV8PS237,Château,Château à rafraîchir à Toulouse,Toulouse,31000,20/03/2026,95964,295,3,,,,,,Karim Girard,,,,1,3,"Château atypique de 295 m² situé à Toulouse. Proche de toutes commodités, transports et écoles. À visiter sans tarder. Travaux à prévoir.",True,,Clé en Main Immo,,,A,,karim.girard31@example.com,,,,,True
7838dc52-6db8-402f-b39d-a88fa9042a6b,AN-529KW3VY,REC-XV8PS237,Château,Château de standing à Toulouse,Toulouse,31000,2026-02-27T17:20:10,121901,192,5,,,,,,Luc Martin,,,,,RDC,,True,,Nid Doré,True,,B,,,,,,,True
109e9597-718a-478b-86d8-841c137406f6,AN-AQ90WU1P,REC-XV8PS237,Château,Château au calme à Toulouse,Toulouse,31000,11-01-2024,136434 €,282,3,True,,,,,Luc Bernard,0932354105,,348.21,,,,,,,,,B,,,,,,,True
86ec0407-c566-4b5b-9424-3e144f53294d,AN-2XAJ8EG9,REC-XV8PS237,Château,Château charmant à Toulouse,Toulouse,31000,2025-02-24,125316,304,3,True,,43.634299,1.463806,,Ahmed Perrin,0194792071,,,4,,"Château lumineux de 304 m² situé à Toulouse. Cave et parking inclus. Proche de toutes commodités, transports et écoles. À visiter sans tarder.",True,,Clé en Main Immo,True,https://exemple-images.test/AN-2XAJ8EG9/1.jpg; https://exemple-images.test/AN-2XAJ8EG9/2.jpg,A,,,,,,,True
4b3a5f5d-e31f-42b3-8aac-235853474b79,AN-DKFSVLPF,REC-XV8PS237,Château,Château avec vue dégagée à Toulouse,Toulouse,31000,2024-10-18,75183,245,4,False,117 rue Victor Hugo,43.630626,1.464048,,,,,297.64,,RDC,"Château charmant de 245 m² situé à Toulouse. Proche de toutes commodités, transports et écoles. À visiter sans tarder.",True,,,,,,,,,,,,
f619728d-f5b7-4c70-ac93-53909a5e15a1,AN-FOQEB3TY,REC-XV8PS237,Château,Château de standing à Toulouse,Toulouse,31000,12-02-2024,103045,218,5,True,94 rue Victor Hugo,,,,Nadia Girard,0553747843,,,,,"Château charmant de 218 m² situé à Toulouse. Proche de toutes commodités, transports et écoles. À visiter sans tarder. Travaux à prévoir.",True,,,True,,A,,nadia.girard60@example.com,,,,,True
9c70c622-1764-474d-b3f4-021c35d45827,AN-XHTFF373,REC-XV8PS237,Château,Château avec vue dégagée à Toulouse,Toulouse,31000,18/03/2025,124350,247,1,True,,43.611565,1.429223,,Luc Faure,0033427217,,,,,"Château au calme de 247 m² situé à Toulouse. Cave et parking inclus. Proche de toutes commodités, transports et écoles. À visiter sans tarder.",,,ImmoPlus,,,A,,luc.faure87@example.com,,,,,True
cfe3426a-54d7-4787-8787-503b7c1f2871,AN-RE8SY1AG,REC-XV8PS237,Château,Château de standing à Toulouse,Toulouse,31000,08-19-2026,113129,,2,,182 rue du Commerce,43.594716,1.410009,,Nadia Lefevre,0190028077,,92.67,,,"Château au calme de 258 m² situé à Toulouse. Proche de toutes commodités, transports et écoles. À visiter sans tarder.",True,,Nid Doré,,,A,1867,nadia.lefevre68@example.com,258,,,,True
94595027-5629-4b0f-85f3-6195f1d18555,AN-YOWWWM9P,REC-XV8PS237,Château,Château à rafraîchir à Toulouse,Toulouse,31000,18/07/2026,72016,267,2,,196 place de la Mairie,,,,Julie Faure,0372362023,,381.08,,,"Château charmant de 267 m² situé à Toulouse. Cave et parking inclus. Proche de toutes commodités, transports et écoles. À visiter sans tarder. Travaux à prévoir.",True,,,False,,A,,julie.faure31@example.com,,,,,True
e0effea2-05fa-42a0-9369-b8f63592e4a3,AN-R6EEH312,REC-XV8PS237,Château,Château au calme à Toulouse,Toulouse,31000,2026-07-06,125101 €,279,3,,146 allée des Platanes,,,,,0014827082,True,,,5,"Château à rafraîchir de 279 m² situé à Toulouse. Proche de toutes commodités, transports et écoles. À visiter sans tarder.",True,,Clé en Main Immo,,,B,,,,,,,True
3e0d2d7b-34b3-4ca0-bb2e-ab716279e5c3,AN-473K7UWH,REC-XV8PS237,Château,Château avec vue dégagée à Toulouse,Toulouse,31000,2025-08-26,104516,250,5,,200 allée des Platanes,,,,Ahmed Perrin,,,,,,"Château atypique de 250 m² situé à Toulouse. Proche de toutes commodités, transports et écoles. À visiter sans tarder.",True,,Century Habitat,,,,,ahmed.perrin98@example.com,,,,,True
476da31f-e92d-4391-8f4d-28e1ff595758,AN-XY1E80K8,REC-XV8PS237,Château,Château charmant à Toulouse,Toulouse,31000,2025-09-05T20:49:10,97910,,1,True,157 allée des Platanes,43.587996,1.394975,,Karim Fontaine,0220741235,,,,RDC,,True,,,False,https://exemple-images.test/AN-XY1E80K8/1.jpg; https://exemple-images.test/AN-XY1E80K8/2.jpg,,,,271,,,,True
9101cdf3-03c3-4083-bc09-e51ae9ebc910,AN-KVF6TOXN,REC-XV8PS237,Château,Château à rafraîchir à Toulouse,Toulouse,31000,16 novembre 2025,95305,281,1,,179 rue de la République,43.558139,1.432336,,,,,,,5,"Château rénové de 281 m² situé à Toulouse. Proche de toutes commodités, transports et écoles. À visiter sans tarder. Travaux à prévoir.",True,,Century Habitat,False,https://exemple-images.test/AN-KVF6TOXN/1.jpg; https://exemple-images.test/AN-KVF6TOXN/2.jpg; https://exemple-images.test/AN-KVF6TOXN/3.jpg,B,,contact96@example.com,,,,,True
1a6a09d2-5144-420e-a8d1-71c40584b421,AN-CZRXCZYJ,REC-XV8PS237,Château,Château à rafraîchir à Toulouse,Toulouse,31000,15/09/2025,105278 €,208,2,,87 place de la Mairie,,,,Marc Roche,,,,5,,"Château en excellent état de 208 m² situé à Toulouse. Proche de toutes commodités, transports et écoles. À visiter sans tarder.",,,,False,,B,1865,marc.roche45@example.com,,,,,True
cd14063a-1ec3-4985-83be-c0b9203a8418,AN-ZD63BI6B,REC-XV8PS237,Château,Château atypique à Toulouse,Toulouse,31000,28 mai 2026,122204 €,273,5,,,43.641361,1.451065,,Sophie Dubois,0072951870,,,3,3,"Château avec vue dégagée de 273 m² situé à Toulouse. Proche de toutes commodités, transports et écoles. À visiter sans tarder.",True,,,,,A,,,,,,,True
ac5e6b76-a284-4f32-b746-e373498b43be,AN-JROYMYOQ,REC-XV8PS237,Château,Château à rafraîchir à Toulouse,Toulouse,31000,04/08/2025,91709,183,4,,165 impasse des Lilas,,,,,,True,310.94,4,,"Château lumineux de 183 m² situé à Toulouse. Cave et parking inclus. Proche de toutes commodités, transports et écoles. À visiter sans tarder. Travaux à prévoir.",True,,,,https://exemple-images.test/AN-JROYMYOQ/1.jpg,B,,,,,,,True
304ef1a2-020f-41d2-929f-35d103857949,AN-BHE3ZKQY,REC-XV8PS237,Château,Château atypique à Toulouse,Toulouse,31000,05/03/2026,132935,201,5,,,43.594954,1.423865,,,0027146494,,,,,,True,,,False,,A,,,,,,,True
